Brand,Price,Processor_Brand,RAM_Expandable,RAM_Size (GB),RAM_TYPE(DDR),Ghz,Display_type,GPU_Brand,SSD,HDD(GB),Display_Tier,GPU_Tier,Processor_Category,Processor_Speed(Ghz),SSD(GB)
Lenovo,127011.5,AMD,Yes,8,4,4.0,LCD,AMD,512 GB SSD,0,Large,Entry-level,Mid-End,4.0,512
Dell,274750.0,Intel,Yes,16,5,3.3,LCD,NVIDIA,512 GB SSD,0,Large,Mid-end,Other,3.5,512
Hp,194215.0,Intel,Yes,8,4,4.2,LCD,Intel,512 GB SSD,0,Large,Low-end,Other,4.0,512
Other,76965.0,Intel,No,8,4,1.7,LCD,Intel,512 GB SSD,0,Large,Entry-level,Other,1.5,512
Acer,122465.0,Intel,Yes,16,4,2.7385892116182573,LCD,Intel,512 GB SSD,0,Small,Low-end,Other,2.5,512
Hp,173596.5,AMD,Yes,8,4,4.0,LCD,AMD,512 GB SSD,0,Small,Entry-level,Mid-End,4.0,512
Acer,139965.0,Intel,Yes,8,4,2.5,LCD,Intel,512 GB SSD,0,Small,Low-end,Other,2.5,512
Lenovo,115888.5,Intel,Yes,4,4,2.2,LED,Intel,No SSD,1024,Large,Entry-level,Other,2.0,0
Asus,171465.0,Intel,No,8,4,2.9,LCD,NVIDIA,512 GB SSD,0,Large,Mid-end,Other,3.0,512
Lenovo,325465.0,AMD,Yes,16,5,3.4,LCD,NVIDIA,512 GB SSD,0,Large,Mid-end,High-End,3.5,512
Hp,110215.0,AMD,No,8,4,2.6,LCD,AMD,512 GB SSD,0,Large,Entry-level,Low-End,2.5,512
Acer,367465.0,Intel,Yes,16,5,2.7385892116182573,LCD,NVIDIA,1024 GB SSD,0,Large,Mid-end,Other,2.5,1024
Hp,157496.5,Intel,Yes,8,4,1.7,LCD,Intel,512 GB SSD,0,Small,Entry-level,Other,1.5,512
Acer,395430.0,Intel,Yes,16,5,2.7385892116182573,LCD,NVIDIA,1024 GB SSD,0,Large,Mid-end,Other,2.5,1024
Dell,184800.0,Intel,Yes,8,4,3.3,LCD,Intel,512 GB SSD,0,Small,Low-end,Other,3.5,512
Asus,129465.0,Intel,Yes,8,4,3.0,LCD,Intel,512 GB SSD,0,Small,Entry-level,Other,3.0,512
Other,167996.5,Intel,Yes,16,4,4.7,LCD,Intel,512 GB SSD,0,Large,Low-end,Other,4.5,512
Acer,272510.0,Intel,Yes,16,5,2.7385892116182573,LCD,NVIDIA,512 GB SSD,0,Large,Mid-end,Other,2.5,512
Lenovo,174650.0,Intel,Yes,8,4,3.1,LCD,NVIDIA,512 GB SSD,0,Large,Mid-end,Other,3.0,512
Hp,244996.5,Intel,Yes,16,4,4.2,LCD,Intel,1024 GB SSD,0,Small,Low-end,Other,4.0,1024
Acer,129465.0,Intel,Yes,8,4,3.3,LCD,Intel,512 GB SSD,0,Large,Low-end,Other,3.5,512
Lenovo,118650.0,Intel,Yes,8,4,4.0,LCD,Intel,512 GB SSD,0,Large,Entry-level,Other,4.0,512
Hp,213465.0,AMD,No,16,4,4.2,LCD,AMD,512 GB SSD,0,Small,Entry-level,High-End,4.0,512
Lenovo,143465.0,Intel,Yes,16,4,2.5,LCD,Intel,512 GB SSD,0,Large,Low-end,Other,2.5,512
Other,110215.0,Intel,Yes,8,4,3.0,LED,Intel,256 GB SSD,0,Large,Entry-level,Other,3.0,256
Lenovo,283465.0,Intel,Yes,16,5,4.2,LED,Intel,1024 GB SSD,0,Small,Low-end,Other,4.0,1024
Lenovo,178465.0,Intel,No,8,4,2.5,LCD,NVIDIA,512 GB SSD,0,Large,Mid-end,Other,2.5,512
Asus,202965.0,Intel,Yes,8,4,2.7,LCD,NVIDIA,512 GB SSD,0,Large,Mid-end,Other,2.5,512
Hp,89071.5,Intel,No,8,4,2.8,LCD,Intel,256 GB SSD,0,Small,Entry-level,Low-End,3.0,256
Hp,129465.0,AMD,No,8,5,2.4,LCD,AMD,512 GB SSD,0,Large,Entry-level,Low-End,2.5,512
Acer,171465.0,AMD,Yes,8,4,2.1,LCD,NVIDIA,512 GB SSD,0,Large,Mid-end,Mid-End,2.0,512
Asus,167965.0,Intel,No,16,4,2.4,LED,Intel,256 GB SSD,1024,Large,Low-end,Other,2.5,256
Acer,101465.0,AMD,Yes,8,4,2.6,LCD,AMD,256 GB SSD,0,Small,Entry-level,Low-End,2.5,256
Hp,94465.0,AMD,No,8,4,2.6,LCD,AMD,512 GB SSD,0,Small,Entry-level,Low-End,2.5,512
Dell,137375.0,Intel,Yes,8,4,3.0,LCD,Intel,512 GB SSD,0,Large,Entry-level,Other,3.0,512
Hp,97562.5,Intel,No,8,4,2.8,LED,Intel,256 GB SSD,0,Small,Entry-level,Low-End,3.0,256
Asus,87496.5,Intel,Yes,4,4,2.8,LCD,Intel,128 GB SSD,0,Small,Entry-level,Low-End,3.0,128
Msi,199465.0,Intel,No,8,4,2.7,LCD,NVIDIA,512 GB SSD,0,Large,Mid-end,Other,2.5,512
Asus,179060.0,Intel,Yes,8,4,2.5,LED,NVIDIA,512 GB SSD,0,Large,Mid-end,Other,2.5,512
Acer,123196.5,Intel,No,8,5,3.4,LCD,Intel,512 GB SSD,0,Large,Entry-level,Other,3.5,512
Acer,115465.0,Intel,Yes,8,4,1.7,LCD,Intel,512 GB SSD,0,Large,Entry-level,Other,1.5,512
Acer,83996.5,Intel,Yes,4,4,2.4,LED,Intel,256 GB SSD,0,Large,Entry-level,Low-End,2.5,256
Asus,227465.0,Intel,No,16,4,2.6,LCD,Intel,512 GB SSD,0,Large,Low-end,Other,2.5,512
Lenovo,255465.0,AMD,Yes,16,4,3.3,LCD,NVIDIA,512 GB SSD,0,Large,Mid-end,High-End,3.5,512
Asus,594965.0,Intel,No,32,5,2.5,LED,Intel,1024 GB SSD,0,Small,Low-end,Other,2.5,1024
Hp,174996.5,Intel,No,8,4,2.7385892116182573,LED,Intel,512 GB SSD,0,Large,Entry-level,Other,2.5,512
Hp,192465.0,Intel,Yes,16,4,4.2,LED,Intel,512 GB SSD,0,Small,Low-end,Other,4.0,512
Asus,339465.0,AMD,Yes,16,5,4.7,LCD,NVIDIA,1024 GB SSD,0,Large,Mid-end,High-End,4.5,1024
Asus,129496.5,Intel,No,8,4,4.0,LCD,Intel,512 GB SSD,0,Small,Entry-level,Other,4.0,512
Dell,313250.0,AMD,No,16,5,3.3,LCD,NVIDIA,512 GB SSD,0,Large,Mid-end,Mid-End,3.5,512
Samsung,255465.0,Intel,No,16,5,4.2,LED,Intel,512 GB SSD,0,Small,Low-end,Other,4.0,512
Lenovo,122465.0,Intel,No,8,4,2.7385892116182573,LED,Intel,256 GB SSD,0,Large,Entry-level,Other,2.5,256
Acer,454965.0,Intel,Yes,16,4,4.8,LCD,NVIDIA,1024 GB SSD,0,Large,Mid-end,Other,5.0,1024
Msi,230996.5,Intel,No,8,4,2.6,LED,NVIDIA,256 GB SSD,1024,Large,Mid-end,Other,2.5,256
Dell,269150.0,Intel,Yes,8,4,2.5,LED,Intel,512 GB SSD,0,Small,Low-end,Other,2.5,512
Asus,178465.0,Intel,Yes,8,4,2.5,LCD,NVIDIA,512 GB SSD,0,Large,Mid-end,Other,2.5,512
Asus,496965.0,AMD,Yes,16,5,3.3,LCD,NVIDIA,512 GB SSD,0,Large,Mid-end,High-End,3.5,512
Asus,209996.5,AMD,Yes,8,4,3.4,LCD,AMD,256 GB SSD,0,Large,Entry-level,Low-End,3.5,256
Asus,115465.0,Intel,Yes,8,4,1.2,LED,Intel,512 GB SSD,0,Large,Entry-level,Other,1.0,512
Other,174965.0,Intel,No,16,5,4.8,LCD,Intel,512 GB SSD,0,Large,Low-end,Other,5.0,512
Lenovo,187372.5,Intel,No,8,4,2.5,LED,NVIDIA,512 GB SSD,0,Large,Mid-end,Other,2.5,512
Hp,132965.0,AMD,Yes,8,4,2.6,LCD,AMD,512 GB SSD,0,Large,Entry-level,Low-End,2.5,512
Hp,101465.0,Intel,No,8,4,2.8,LCD,Intel,256 GB SSD,0,Small,Entry-level,Low-End,3.0,256
Asus,146965.0,AMD,No,8,4,2.6,LCD,AMD,512 GB SSD,0,Large,Low-end,Low-End,2.5,512
Acer,194250.0,Intel,Yes,16,4,3.3,LED,NVIDIA,512 GB SSD,0,Large,Mid-end,Other,3.5,512
Asus,209300.0,Intel,No,8,4,3.3,LED,Intel,512 GB SSD,0,Large,Entry-level,Other,3.5,512
Dell,148396.5,Intel,No,8,4,2.7385892116182573,LCD,Intel,256 GB SSD,1024,Large,Entry-level,Other,2.5,256
Lenovo,199496.5,Intel,No,8,4,3.0,LED,Intel,512 GB SSD,0,Small,Entry-level,Other,3.0,512
Acer,110215.0,Intel,No,8,5,2.7385892116182573,LCD,Intel,256 GB SSD,0,Large,Entry-level,Other,2.5,256
Acer,115465.0,AMD,Yes,8,5,2.8,LCD,AMD,512 GB SSD,0,Large,Entry-level,Mid-End,3.0,512
Asus,272965.0,AMD,Yes,16,4,2.9,LCD,NVIDIA,512 GB SSD,0,Large,Mid-end,High-End,3.0,512
Dell,118965.0,Intel,Yes,8,4,1.0,LCD,Intel,256 GB SSD,0,Large,Entry-level,Other,1.0,256
Dell,279965.0,AMD,No,16,5,3.3,LCD,NVIDIA,512 GB SSD,0,Large,Mid-end,High-End,3.5,512
Asus,321965.0,AMD,No,16,4,4.2,LED,AMD,512 GB SSD,0,Small,Entry-level,Mid-End,4.0,512
Acer,108465.0,AMD,No,8,5,2.4,LCD,AMD,512 GB SSD,0,Large,Entry-level,Low-End,2.5,512
Hp,225928.5,AMD,Yes,8,4,4.2,LCD,NVIDIA,512 GB SSD,0,Large,Mid-end,Mid-End,4.0,512
Other,97965.0,Intel,No,8,4,3.4,LCD,Intel,512 GB SSD,0,Small,Entry-level,Other,3.5,512
Acer,250180.0,Intel,No,8,4,4.2,LED,Intel,512 GB SSD,0,Small,Low-end,Other,4.0,512
Apple,318150.0,Apple,Yes,8,4,2.9,LED,Apple,256 GB SSD,0,Small,High-end,Apple M-series,3.0,256
Other,150496.5,Intel,Yes,8,4,3.0,LCD,Intel,256 GB SSD,0,Small,Entry-level,Other,3.0,256
Apple,237965.0,Intel,No,8,3,1.8,LED,Intel,128 GB SSD,0,Small,Entry-level,Other,2.0,128
Hp,217392.0,AMD,Yes,8,4,3.3,LED,NVIDIA,512 GB SSD,0,Large,Mid-end,Mid-End,3.5,512
Asus,202965.0,Intel,No,8,4,2.0,LED,NVIDIA,512 GB SSD,0,Large,Mid-end,Other,2.0,512
Asus,83314.0,Intel,Yes,4,4,1.1,LED,Intel,No SSD,1024,Large,Entry-level,Low-End,1.0,0
Hp,199465.0,AMD,Yes,8,4,3.3,LED,NVIDIA,512 GB SSD,0,Large,Mid-end,Mid-End,3.5,512
Hp,118965.0,Intel,No,8,4,4.2,LCD,Intel,256 GB SSD,0,Small,Entry-level,Other,4.0,256
Asus,125965.0,Intel,Yes,8,4,1.2,LCD,Intel,512 GB SSD,0,Large,Entry-level,Other,1.0,512
Hp,129580.5,Intel,No,8,4,4.0,LCD,Intel,512 GB SSD,0,Large,Entry-level,Other,4.0,512
Acer,173250.0,Intel,No,8,4,2.5,LED,NVIDIA,512 GB SSD,0,Large,Mid-end,Other,2.5,512
Asus,118965.0,Intel,No,8,4,3.0,LCD,Intel,512 GB SSD,0,Large,Entry-level,Other,3.0,512
Hp,129465.0,AMD,Yes,8,4,2.6,LED,AMD,256 GB SSD,1024,Large,Low-end,Low-End,2.5,256
Asus,146996.5,Intel,Yes,8,4,2.4,LCD,Intel,512 GB SSD,0,Large,Low-end,Other,2.5,512
Asus,164465.0,Intel,No,16,4,2.4,LCD,Intel,512 GB SSD,0,Small,Low-end,Other,2.5,512
Asus,178465.0,Intel,Yes,8,4,2.4,LCD,NVIDIA,512 GB SSD,0,Large,Mid-end,Other,2.5,512
Apple,325465.0,Apple,No,8,5,3.49,LCD,Apple,256 GB SSD,0,Small,High-end,Apple M-series,3.5,256
Hp,127746.5,AMD,Yes,8,4,4.0,LCD,AMD,512 GB SSD,0,Large,Entry-level,Mid-End,4.0,512
Acer,173215.0,AMD,Yes,8,4,2.1,LCD,NVIDIA,512 GB SSD,0,Large,Mid-end,Mid-End,2.0,512
Acer,199465.0,AMD,Yes,16,4,2.9869688385269124,LED,NVIDIA,512 GB SSD,0,Large,Mid-end,Mid-End,3.0,512
Acer,173215.0,AMD,Yes,8,4,2.1,LED,NVIDIA,512 GB SSD,0,Large,Mid-end,Mid-End,2.0,512
Asus,157465.0,Intel,Yes,8,4,1.0,LCD,Intel,512 GB SSD,0,Large,Entry-level,Other,1.0,512
Lenovo,118650.0,Intel,Yes,8,4,3.0,LCD,Intel,512 GB SSD,0,Large,Entry-level,Other,3.0,512
Hp,108465.0,AMD,Yes,8,4,2.6,LCD,AMD,512 GB SSD,0,Large,Entry-level,Low-End,2.5,512
Hp,118923.0,AMD,Yes,8,4,4.0,LCD,AMD,512 GB SSD,0,Small,Entry-level,Low-End,4.0,512
Lenovo,127295.0,Intel,No,4,4,2.3,LED,Intel,No SSD,1024,Large,Entry-level,Other,2.5,0
Other,139965.0,Intel,Yes,8,4,3.1,LED,Intel,512 GB SSD,0,Large,Low-end,Other,3.0,512
Lenovo,143465.0,Intel,Yes,8,4,3.0,LCD,Intel,512 GB SSD,0,Large,Entry-level,Other,3.0,512
Lenovo,115244.5,Intel,No,8,4,1.6,LED,NVIDIA,No SSD,1024,Large,Low-end,Other,1.5,0
Asus,168658.0,Intel,Yes,8,4,1.0,LED,Intel,512 GB SSD,0,Large,Entry-level,Other,1.0,512
Other,180215.0,AMD,No,8,4,2.1,LED,AMD,512 GB SSD,0,Small,Low-end,Mid-End,2.0,512
Acer,94496.5,Intel,Yes,8,4,3.0,LCD,Intel,256 GB SSD,0,Small,Entry-level,Other,3.0,256
Other,104965.0,Intel,Yes,8,4,1.2,LCD,Intel,256 GB SSD,0,Small,Entry-level,Other,1.0,256
Lenovo,178465.0,Intel,Yes,16,4,2.4,LCD,Intel,512 GB SSD,0,Large,Low-end,Other,2.5,512
Acer,97965.0,Intel,Yes,8,4,3.0,LCD,Intel,512 GB SSD,0,Small,Entry-level,Other,3.0,512
Hp,141925.0,Intel,Yes,8,4,3.0,LED,Intel,No SSD,1024,Large,Entry-level,Low-End,3.0,0
Lenovo,143465.0,Intel,Yes,8,4,2.5,LCD,Intel,512 GB SSD,0,Large,Low-end,Other,2.5,512
Lenovo,192465.0,Intel,Yes,8,4,2.4,LCD,Intel,512 GB SSD,0,Large,Entry-level,Other,2.5,512
Msi,202996.5,Intel,No,8,4,2.4,LED,NVIDIA,512 GB SSD,0,Large,Mid-end,Other,2.5,512
Hp,160615.0,Intel,Yes,8,4,3.4,LED,Intel,512 GB SSD,0,Small,Entry-level,Other,3.5,512
Lenovo,185500.0,Intel,No,8,4,2.5,LCD,NVIDIA,512 GB SSD,0,Large,Mid-end,Other,2.5,512
Asus,195965.0,Intel,No,8,4,2.5,LED,NVIDIA,512 GB SSD,0,Large,Mid-end,Other,2.5,512
Hp,145215.0,Intel,Yes,8,4,4.2,LCD,Intel,512 GB SSD,0,Small,Entry-level,Other,4.0,512
Lenovo,185500.0,Intel,Yes,8,4,2.5,LCD,NVIDIA,512 GB SSD,0,Large,Mid-end,Other,2.5,512
Lenovo,136465.0,AMD,Yes,16,4,2.1,LCD,AMD,512 GB SSD,0,Large,Entry-level,Mid-End,2.0,512
Other,115465.0,Intel,No,8,4,1.2,LCD,Intel,512 GB SSD,0,Large,Entry-level,Other,1.0,512
Hp,132615.0,AMD,Yes,8,4,2.6,LED,AMD,256 GB SSD,0,Large,Entry-level,Low-End,2.5,256
Hp,97965.0,AMD,Yes,8,4,2.6,LCD,AMD,256 GB SSD,0,Large,Entry-level,Low-End,2.5,256
Lenovo,121415.0,Intel,Yes,8,4,2.1,LED,Intel,256 GB SSD,0,Large,Entry-level,Other,2.0,256
Asus,216965.0,Intel,No,16,4,4.2,LED,Intel,512 GB SSD,0,Small,Low-end,Other,4.0,512
Other,223916.0,Intel,No,16,4,2.7385892116182573,LED,Intel,512 GB SSD,0,Large,Low-end,Other,2.5,512
Dell,120746.5,Intel,Yes,8,4,4.0,LCD,Intel,256 GB SSD,1024,Large,Entry-level,Other,4.0,256
Hp,233086.0,AMD,No,16,4,2.4,LCD,AMD,512 GB SSD,0,Small,Entry-level,Mid-End,2.5,512
Hp,129846.5,Intel,No,8,4,3.4,LCD,Intel,512 GB SSD,0,Large,Entry-level,Other,3.5,512
Hp,146996.5,AMD,No,8,4,2.1,LED,AMD,512 GB SSD,0,Large,Low-end,Mid-End,2.0,512
Other,148722.0,AMD,No,8,4,2.1,LED,AMD,512 GB SSD,0,Small,Low-end,Mid-End,2.0,512
Hp,190715.0,AMD,Yes,8,4,4.2,LCD,AMD,512 GB SSD,0,Small,Entry-level,Mid-End,4.0,512
Lenovo,113750.0,Intel,Yes,8,4,3.0,LCD,Intel,256 GB SSD,0,Large,Entry-level,Other,3.0,256
Asus,108150.0,Intel,No,4,4,3.0,LED,Intel,256 GB SSD,0,Large,Entry-level,Other,3.0,256
Hp,213496.5,Intel,Yes,8,4,2.0,LCD,NVIDIA,512 GB SSD,0,Large,Mid-end,Other,2.0,512
Hp,138761.0,Intel,No,8,4,2.7385892116182573,LED,Intel,256 GB SSD,0,Small,Entry-level,Other,2.5,256
Asus,132965.0,AMD,Yes,8,5,4.0,LED,AMD,512 GB SSD,0,Large,Entry-level,Low-End,4.0,512
Lenovo,143290.0,Intel,No,4,4,2.0,LED,Intel,No SSD,1024,Small,Entry-level,Other,2.0,0
Asus,216646.5,AMD,Yes,16,4,4.2,LCD,AMD,512 GB SSD,0,Large,Entry-level,High-End,4.0,512
Lenovo,164465.0,Intel,Yes,8,4,3.3,LCD,Intel,512 GB SSD,0,Large,Low-end,Other,3.5,512
Asus,237965.0,AMD,No,16,4,2.9,LED,NVIDIA,512 GB SSD,0,Large,Mid-end,High-End,3.0,512
Hp,176046.5,Intel,Yes,8,4,2.7385892116182573,LED,Intel,512 GB SSD,0,Large,Low-end,Other,2.5,512
Lenovo,202965.0,Intel,Yes,16,4,3.3,LCD,Intel,512 GB SSD,0,Large,Low-end,Other,3.5,512
Asus,195965.0,Intel,Yes,8,4,4.7,LED,NVIDIA,512 GB SSD,0,Large,Mid-end,Other,4.5,512
Other,167996.5,Intel,No,8,4,1.0,LCD,Intel,512 GB SSD,0,Small,Entry-level,Other,1.0,512
Lenovo,129115.0,Intel,No,8,4,4.2,LCD,Intel,256 GB SSD,0,Small,Entry-level,Other,4.0,256
Hp,182647.5,Intel,No,8,4,4.0,LED,Intel,256 GB SSD,0,Small,Entry-level,Other,4.0,256
Hp,77248.5,Intel,No,4,4,1.1,LED,Intel,No SSD,1024,Large,Entry-level,Low-End,1.0,0
Lenovo,139650.0,Intel,Yes,8,4,1.7,LCD,Intel,512 GB SSD,0,Small,Entry-level,Other,1.5,512
Hp,188996.5,AMD,Yes,8,4,3.3,LED,AMD,512 GB SSD,0,Large,Mid-end,Mid-End,3.5,512
Dell,132965.0,Intel,No,8,4,2.7385892116182573,LCD,Intel,512 GB SSD,0,Large,Entry-level,Other,2.5,512
Acer,174965.0,Intel,No,16,4,3.3,LCD,NVIDIA,512 GB SSD,0,Large,Mid-end,Other,3.5,512
Hp,153996.5,AMD,No,8,4,3.4,LED,AMD,512 GB SSD,0,Small,Entry-level,Low-End,3.5,512
Lenovo,138068.0,Intel,Yes,8,4,3.0,LCD,Intel,512 GB SSD,0,Large,Entry-level,Other,3.0,512
Acer,171465.0,Intel,No,8,4,3.3,LCD,NVIDIA,512 GB SSD,0,Large,Mid-end,Other,3.5,512
Hp,209300.0,Intel,Yes,8,4,4.2,LCD,Intel,512 GB SSD,0,Large,Low-end,Other,4.0,512
Lenovo,122850.0,Intel,No,8,4,3.0,LED,Intel,512 GB SSD,0,Large,Entry-level,Other,3.0,512
Hp,196224.0,AMD,No,8,4,3.0,LED,NVIDIA,512 GB SSD,0,Large,Mid-end,Mid-End,3.0,512
Dell,129465.0,Intel,Yes,8,4,0.8,LCD,Intel,512 GB SSD,0,Large,Entry-level,Other,1.0,512
Acer,202965.0,Intel,No,16,4,3.3,LCD,NVIDIA,512 GB SSD,0,Large,Entry-level,Other,3.5,512
Lenovo,205765.0,Intel,No,16,4,2.7385892116182573,LED,Intel,512 GB SSD,0,Large,Low-end,Other,2.5,512
Acer,188615.0,Intel,No,8,4,3.3,LCD,NVIDIA,512 GB SSD,0,Large,Mid-end,Other,3.5,512
Lenovo,101465.0,AMD,Yes,8,5,2.4,LCD,AMD,512 GB SSD,0,Large,Low-end,Other,2.5,512
Hp,180215.0,Intel,No,8,4,4.2,LCD,Intel,512 GB SSD,0,Large,Low-end,Other,4.0,512
Hp,134750.0,Intel,No,8,4,2.7385892116182573,LED,Intel,512 GB SSD,0,Large,Entry-level,Other,2.5,512
Hp,269496.5,Intel,Yes,16,4,4.8,LED,Intel,1024 GB SSD,0,Small,Low-end,Other,5.0,1024
Dell,111965.0,AMD,Yes,8,4,2.3,LCD,AMD,256 GB SSD,0,Large,Entry-level,Other,2.5,256
Msi,216965.0,AMD,Yes,16,4,3.1,LCD,AMD,512 GB SSD,0,Large,Mid-end,High-End,3.0,512
Msi,167191.5,Intel,Yes,8,4,2.7,LCD,NVIDIA,512 GB SSD,0,Large,Mid-end,Other,2.5,512
Acer,220465.0,Intel,Yes,8,4,3.3,LCD,NVIDIA,512 GB SSD,0,Large,Mid-end,Other,3.5,512
Acer,97212.5,Intel,Yes,4,4,1.2,LED,Intel,512 GB SSD,0,Small,Entry-level,Other,1.0,512
Acer,106260.0,Intel,No,4,4,2.2,LED,Intel,No SSD,1024,Large,Entry-level,Other,2.0,0
Lenovo,122465.0,Intel,No,4,4,2.1,LED,Intel,256 GB SSD,0,Large,Entry-level,Other,2.0,256
Lenovo,88200.0,Intel,No,4,4,2.8,LED,Intel,256 GB SSD,0,Small,Entry-level,Low-End,3.0,256
Hp,192496.5,Intel,Yes,8,4,4.2,LCD,Intel,512 GB SSD,0,Small,Low-end,Other,4.0,512
Other,116865.0,Intel,No,8,4,1.0,LCD,Intel,512 GB SSD,0,Small,Entry-level,Other,1.0,512
Lenovo,252000.0,AMD,No,16,4,3.3,LCD,NVIDIA,512 GB SSD,0,Large,Mid-end,Mid-End,3.5,512
Hp,176988.0,AMD,No,16,4,4.0,LCD,AMD,512 GB SSD,0,Small,Entry-level,Mid-End,4.0,512
Dell,125996.5,Intel,Yes,8,4,1.2,LED,Intel,256 GB SSD,1024,Large,Entry-level,Other,1.0,256
Dell,155225.0,Intel,No,8,4,1.2,LCD,Intel,256 GB SSD,1024,Large,Entry-level,Other,1.0,256
Lenovo,89215.0,Intel,Yes,8,4,2.8,LCD,Intel,256 GB SSD,0,Small,Entry-level,Low-End,3.0,256
Acer,360465.0,Intel,No,16,4,3.1,LCD,NVIDIA,1024 GB SSD,0,Large,High-end,Other,3.0,1024
Hp,218715.0,Intel,No,8,4,4.2,LCD,Intel,512 GB SSD,0,Small,Low-end,Other,4.0,512
Asus,62965.0,Intel,No,4,4,1.1,LCD,Intel,128 GB SSD,0,Large,Entry-level,Low-End,1.0,128
Hp,193900.0,Intel,No,8,4,2.7,LCD,NVIDIA,512 GB SSD,0,Large,Mid-end,Other,2.5,512
Lenovo,97965.0,AMD,Yes,8,5,2.4,LCD,AMD,512 GB SSD,0,Large,Entry-level,Low-End,2.5,512
Lenovo,213465.0,Intel,Yes,8,4,2.5,LED,NVIDIA,256 GB SSD,1024,Large,Mid-end,Other,2.5,256
Hp,213150.0,Intel,Yes,16,4,4.2,LCD,NVIDIA,512 GB SSD,0,Large,Mid-end,Other,4.0,512
Hp,156800.0,AMD,No,16,4,4.0,LCD,AMD,512 GB SSD,0,Large,Entry-level,Mid-End,4.0,512
Hp,171465.0,AMD,Yes,16,4,4.2,LCD,AMD,512 GB SSD,0,Large,Entry-level,High-End,4.0,512
Msi,237965.0,Intel,Yes,8,4,2.8,LED,NVIDIA,No SSD,1024,Large,Mid-end,Other,3.0,0
Acer,80146.5,AMD,Yes,4,4,2.6,LCD,AMD,256 GB SSD,0,Small,Entry-level,Other,2.5,256
Asus,206465.0,AMD,Yes,16,4,4.2,LCD,AMD,512 GB SSD,0,Large,Entry-level,High-End,4.0,512
Acer,423430.0,Intel,Yes,16,5,2.7385892116182573,LCD,NVIDIA,512 GB SSD,0,Large,Mid-end,Other,2.5,512
Hp,259875.0,Intel,Yes,8,4,4.7,LCD,Intel,512 GB SSD,0,Large,Low-end,Other,4.5,512
Hp,238700.0,Intel,Yes,8,4,3.1,LED,NVIDIA,256 GB SSD,1024,Large,Mid-end,Other,3.0,256
Other,55965.0,Intel,Yes,4,4,2.8,LCD,Intel,128 GB SSD,0,Small,Entry-level,Low-End,3.0,128
Asus,139965.0,Intel,No,8,4,1.2,LCD,Intel,No SSD,1024,Large,Entry-level,Other,1.0,0
Asus,199846.5,Intel,Yes,8,4,4.2,LED,Intel,256 GB SSD,1024,Small,Low-end,Other,4.0,256
Msi,150465.0,Intel,No,16,4,3.3,LCD,Intel,512 GB SSD,0,Small,Low-end,Other,3.5,512
Hp,209965.0,Intel,No,8,4,2.4,LED,Intel,512 GB SSD,0,Small,Low-end,Other,2.5,512
Lenovo,169438.5,Intel,Yes,8,4,3.3,LCD,NVIDIA,512 GB SSD,0,Large,Mid-end,Other,3.5,512
Asus,260750.0,Intel,No,16,4,3.3,LCD,NVIDIA,512 GB SSD,0,Large,Mid-end,Other,3.5,512
Other,73465.0,Intel,Yes,4,4,2.8,LCD,Intel,128 GB SSD,0,Small,Entry-level,Low-End,3.0,128
Acer,241465.0,Intel,Yes,8,4,4.2,LCD,NVIDIA,512 GB SSD,0,Large,Mid-end,Other,4.0,512
Msi,250215.0,Intel,Yes,8,4,2.3,LCD,NVIDIA,512 GB SSD,0,Large,Mid-end,Other,2.5,512
Hp,124250.0,Intel,Yes,8,4,4.0,LCD,Intel,512 GB SSD,0,Large,Entry-level,Other,4.0,512
Acer,227465.0,Intel,No,16,4,4.2,LCD,NVIDIA,512 GB SSD,0,Large,Mid-end,Other,4.0,512
Msi,244965.0,Intel,No,16,4,2.5,LED,NVIDIA,512 GB SSD,0,Large,Mid-end,Other,2.5,512
Asus,181265.0,Intel,No,8,4,2.4,LED,Intel,No SSD,1024,Large,Low-end,Other,2.5,0
Msi,222470.5,Intel,No,16,4,2.7385892116182573,LED,NVIDIA,512 GB SSD,0,Large,Mid-end,Other,2.5,512
Lenovo,127050.0,Intel,No,8,4,3.3,LCD,Intel,512 GB SSD,0,Large,Entry-level,Other,3.5,512
Hp,194215.0,AMD,Yes,8,4,4.2,LCD,AMD,512 GB SSD,0,Large,Entry-level,Mid-End,4.0,512
Acer,111965.0,Intel,Yes,8,4,3.3,LCD,Intel,512 GB SSD,0,Large,Entry-level,Other,3.5,512
Dell,160965.0,Intel,Yes,8,4,3.3,LCD,Intel,512 GB SSD,0,Large,Entry-level,Other,3.5,512
Other,132996.5,Intel,No,8,4,1.7,LCD,Intel,512 GB SSD,0,Large,Low-end,Other,1.5,512
Other,104965.0,Intel,No,16,4,2.4,LCD,Intel,512 GB SSD,0,Large,Low-end,Other,2.5,512
Lenovo,182350.0,AMD,No,16,4,1.8,LED,AMD,512 GB SSD,0,Large,Entry-level,High-End,2.0,512
Lenovo,125965.0,Intel,No,8,4,3.0,LED,Intel,512 GB SSD,0,Large,Entry-level,Other,3.0,512
Other,146965.0,AMD,Yes,8,4,2.1,LCD,AMD,512 GB SSD,0,Small,Entry-level,Mid-End,2.0,512
Apple,524650.0,Apple,No,8,5,3.49,LCD,Apple,512 GB SSD,0,Small,High-end,Apple M-series,3.5,512
Hp,208215.0,Intel,No,8,4,4.2,LCD,NVIDIA,512 GB SSD,0,Large,Mid-end,Other,4.0,512
Lenovo,96215.0,AMD,Yes,8,4,2.6,LCD,AMD,512 GB SSD,0,Large,Entry-level,Low-End,2.5,512
Other,101465.0,Intel,No,8,4,2.4,LCD,Intel,512 GB SSD,0,Large,Low-end,Other,2.5,512
Acer,279965.0,Intel,No,16,5,2.7385892116182573,LED,Intel,512 GB SSD,0,Small,Low-end,Other,2.5,512
Dell,223996.5,Intel,Yes,8,4,4.0,LCD,Intel,256 GB SSD,0,Small,Entry-level,Other,4.0,256
Hp,178465.0,AMD,No,16,5,4.2,LCD,AMD,512 GB SSD,0,Large,Entry-level,Mid-End,4.0,512
Hp,162715.0,AMD,Yes,8,5,2.8,LCD,AMD,512 GB SSD,0,Large,Entry-level,Mid-End,3.0,512
Acer,332465.0,Intel,Yes,16,5,2.7385892116182573,LCD,NVIDIA,512 GB SSD,0,Large,Mid-end,Other,2.5,512
Hp,238742.0,AMD,Yes,8,4,4.2,LCD,NVIDIA,512 GB SSD,0,Large,Mid-end,Mid-End,4.0,512
Lenovo,129465.0,Intel,Yes,8,4,2.1,LCD,Intel,No SSD,1024,Large,Entry-level,Other,2.0,0
Lenovo,234465.0,Intel,Yes,8,4,3.1,LCD,NVIDIA,512 GB SSD,0,Large,Mid-end,Other,3.0,512
Hp,213465.0,AMD,No,16,4,3.3,LCD,NVIDIA,512 GB SSD,0,Small,Mid-end,Mid-End,3.5,512
Lenovo,202965.0,AMD,Yes,8,4,3.4,LCD,NVIDIA,512 GB SSD,0,Large,Mid-end,Mid-End,3.5,512
Lenovo,200550.0,Intel,No,8,4,3.0,LED,Intel,512 GB SSD,0,Small,Entry-level,Other,3.0,512
Asus,127736.0,Intel,Yes,8,4,3.0,LCD,Intel,512 GB SSD,0,Small,Entry-level,Other,3.0,512
Acer,167965.0,AMD,Yes,8,4,3.3,LCD,NVIDIA,512 GB SSD,0,Large,Mid-end,Mid-End,3.5,512
Dell,181996.5,Intel,No,16,4,2.4,LCD,Intel,512 GB SSD,0,Large,Entry-level,Other,2.5,512
Hp,195996.5,AMD,Yes,16,4,3.3,LCD,AMD,512 GB SSD,0,Large,Mid-end,Mid-End,3.5,512
Hp,230965.0,Intel,Yes,16,4,4.2,LCD,NVIDIA,512 GB SSD,0,Large,Mid-end,Other,4.0,512
Dell,263550.0,AMD,Yes,8,4,3.0,LED,AMD,512 GB SSD,0,Large,Mid-end,Mid-End,3.0,512
Hp,271215.0,Intel,Yes,16,4,4.7,LCD,NVIDIA,512 GB SSD,0,Large,Mid-end,Other,4.5,512
Asus,100450.0,Intel,No,8,4,1.2,LCD,Intel,No SSD,1024,Small,Entry-level,Other,1.0,0
Hp,306215.0,Intel,No,16,4,4.7,LCD,Intel,1024 GB SSD,0,Small,Low-end,Other,4.5,1024
Lenovo,110778.5,AMD,No,8,4,2.6,LCD,AMD,512 GB SSD,0,Large,Entry-level,Low-End,2.5,512
Hp,244965.0,Intel,Yes,8,4,4.7,LCD,NVIDIA,512 GB SSD,0,Large,Mid-end,Other,4.5,512
Msi,111965.0,Intel,No,8,4,0.8,LCD,Intel,512 GB SSD,0,Small,Entry-level,Other,1.0,512
Acer,318465.0,Intel,No,16,4,3.1,LCD,NVIDIA,512 GB SSD,0,Large,Mid-end,Other,3.0,512
Lenovo,167965.0,AMD,No,16,4,1.8,LCD,AMD,512 GB SSD,0,Large,Entry-level,High-End,2.0,512
Hp,216965.0,Intel,Yes,8,4,4.7,LCD,Intel,512 GB SSD,0,Large,Low-end,Other,4.5,512
Hp,100796.5,Intel,Yes,8,4,3.3,LCD,Intel,256 GB SSD,0,Small,Entry-level,Low-End,3.5,256
Dell,142975.0,Intel,Yes,8,4,3.0,LED,Intel,256 GB SSD,1024,Large,Entry-level,Other,3.0,256
Hp,119259.0,AMD,No,8,4,2.6,LED,AMD,512 GB SSD,0,Large,Entry-level,Low-End,2.5,512
Hp,95865.0,AMD,Yes,8,4,4.0,LCD,AMD,512 GB SSD,0,Small,Entry-level,Low-End,4.0,512
Dell,139296.5,Intel,Yes,4,4,1.7,LED,Intel,256 GB SSD,0,Large,Entry-level,Other,1.5,256
Asus,164465.0,Intel,No,8,4,3.0,LCD,Intel,256 GB SSD,0,Small,Entry-level,Other,3.0,256
Other,164465.0,Intel,No,8,4,2.7385892116182573,LCD,Intel,512 GB SSD,0,Small,Entry-level,Other,2.5,512
Hp,222831.0,AMD,No,16,5,2.9,LCD,AMD,512 GB SSD,0,Small,Entry-level,Mid-End,3.0,512
Hp,252665.0,Intel,No,16,4,2.5,LCD,Intel,512 GB SSD,0,Small,Low-end,Other,2.5,512
Dell,111965.0,Intel,Yes,8,4,1.7,LCD,Intel,512 GB SSD,0,Small,Entry-level,Other,1.5,512
Asus,115465.0,AMD,Yes,8,4,3.4,LCD,AMD,256 GB SSD,0,Large,Entry-level,Low-End,3.5,256
Dell,171465.0,Intel,Yes,8,4,3.3,LCD,Intel,512 GB SSD,0,Large,Entry-level,Other,3.5,512
Acer,192465.0,Intel,No,8,4,2.7385892116182573,LED,Intel,512 GB SSD,0,Large,Low-end,Other,2.5,512
Lenovo,243250.0,Intel,No,8,4,4.2,LED,NVIDIA,256 GB SSD,1024,Large,Low-end,Other,4.0,256
Dell,223965.0,Intel,Yes,8,4,3.3,LCD,Intel,256 GB SSD,1024,Large,Entry-level,Other,3.5,256
Lenovo,395496.5,AMD,Yes,16,4,3.3,LCD,NVIDIA,512 GB SSD,0,Large,Mid-end,High-End,3.5,512
Dell,157496.5,Intel,Yes,8,4,2.4,LED,Intel,512 GB SSD,0,Small,Low-end,Other,2.5,512
Msi,170765.0,Intel,Yes,8,4,4.2,LCD,NVIDIA,512 GB SSD,0,Large,Mid-end,Other,4.0,512
Asus,153429.5,Intel,Yes,8,4,1.1,LCD,Intel,512 GB SSD,0,Large,Entry-level,Other,1.0,512
Hp,209996.5,Intel,Yes,8,4,4.7,LCD,Intel,1024 GB SSD,0,Large,Low-end,Other,4.5,1024
Hp,306400.5,Intel,Yes,16,4,2.7,LCD,Intel,1024 GB SSD,0,Large,Low-end,Other,2.5,1024
Lenovo,184989.0,Intel,No,16,4,2.5,LCD,NVIDIA,512 GB SSD,0,Large,Mid-end,Other,2.5,512
Dell,269496.5,Intel,Yes,8,4,2.4,LED,Intel,512 GB SSD,0,Small,Low-end,Other,2.5,512
Msi,325465.0,Intel,Yes,16,5,4.7,LCD,NVIDIA,512 GB SSD,0,Large,Mid-end,Other,4.5,512
Hp,199496.5,Intel,No,16,4,3.4,LCD,Intel,512 GB SSD,0,Large,Entry-level,Other,3.5,512
Asus,150465.0,Intel,Yes,8,4,1.0,LCD,Intel,512 GB SSD,0,Small,Entry-level,Other,1.0,512
Other,139965.0,Intel,No,8,4,4.2,LCD,Intel,256 GB SSD,0,Small,Entry-level,Other,4.0,256
Msi,155816.5,Intel,Yes,8,4,3.0,LCD,Intel,512 GB SSD,0,Small,Entry-level,Other,3.0,512
Lenovo,238000.0,AMD,Yes,8,4,3.0,LED,NVIDIA,512 GB SSD,0,Large,Mid-end,Mid-End,3.0,512
Dell,143850.0,Intel,No,8,4,1.2,LED,Intel,No SSD,1024,Large,Entry-level,Other,1.0,0
Hp,273000.0,Intel,No,16,4,4.2,LCD,Intel,512 GB SSD,0,Small,Low-end,Other,4.0,512
Hp,261530.5,Intel,No,8,4,4.7,LCD,Intel,512 GB SSD,0,Small,Low-end,Other,4.5,512
Hp,92365.0,AMD,Yes,8,4,1.0,LCD,AMD,512 GB SSD,0,Large,Low-end,Low-End,1.0,512
Other,139965.0,Intel,No,16,4,4.2,LCD,Intel,512 GB SSD,0,Large,Low-end,Other,4.0,512
Lenovo,251825.0,Intel,No,8,4,3.0,LED,NVIDIA,512 GB SSD,0,Large,Mid-end,Other,3.0,512
Dell,117498.5,AMD,Yes,8,4,2.6,LCD,AMD,No SSD,1024,Small,Entry-level,Low-End,2.5,0
Asus,227465.0,Intel,No,16,4,2.3,LCD,Intel,512 GB SSD,0,Large,Entry-level,Other,2.5,512
Other,132965.0,Intel,No,8,4,2.4,LCD,Intel,512 GB SSD,0,Large,Low-end,Other,2.5,512
Dell,153965.0,Intel,No,8,4,2.4,LCD,Intel,512 GB SSD,0,Large,Entry-level,Other,2.5,512
Lenovo,234465.0,Intel,Yes,16,5,2.6,LCD,Intel,512 GB SSD,0,Large,Low-end,Other,2.5,512
Acer,524965.0,Intel,Yes,16,5,2.1,LCD,NVIDIA,1024 GB SSD,0,Large,Mid-end,Other,2.0,1024
Lenovo,223965.0,AMD,Yes,8,5,3.3,LCD,NVIDIA,512 GB SSD,0,Large,Mid-end,Mid-End,3.5,512
Lenovo,174982.5,Intel,No,8,4,4.0,LCD,Intel,256 GB SSD,0,Small,Entry-level,Other,4.0,256
Acer,173008.5,Intel,No,8,4,2.4,LCD,Intel,512 GB SSD,0,Large,Low-end,Other,2.5,512
Asus,386715.0,AMD,Yes,16,4,4.7,LCD,NVIDIA,512 GB SSD,0,Large,Mid-end,High-End,4.5,512
Lenovo,349387.5,AMD,Yes,16,4,4.2,LCD,NVIDIA,1024 GB SSD,0,Large,Mid-end,High-End,4.0,1024
Hp,234496.5,Intel,Yes,16,4,4.2,LCD,NVIDIA,512 GB SSD,0,Large,Mid-end,Other,4.0,512
Hp,314965.0,Intel,No,16,4,4.7,LED,Intel,1024 GB SSD,0,Small,Low-end,Other,4.5,1024
Acer,384965.0,Intel,Yes,16,4,2.5,LED,NVIDIA,128 GB SSD,1024,Large,Mid-end,Other,2.5,128
Hp,150496.5,Intel,Yes,8,4,4.0,LCD,Intel,512 GB SSD,0,Small,Entry-level,Other,4.0,512
Dell,136363.5,AMD,Yes,8,4,2.7,LCD,AMD,256 GB SSD,0,Small,Entry-level,Low-End,2.5,256
Asus,199465.0,Intel,Yes,16,4,2.8,LCD,Intel,512 GB SSD,0,Small,Low-end,Other,3.0,512
Dell,165154.5,Intel,Yes,8,4,2.4,LED,NVIDIA,256 GB SSD,1024,Large,Low-end,Other,2.5,256
Msi,150465.0,Intel,No,8,4,4.2,LCD,NVIDIA,512 GB SSD,0,Large,Mid-end,Other,4.0,512
Dell,148015.0,Intel,Yes,4,4,1.2,LCD,Intel,256 GB SSD,1024,Small,Entry-level,Other,1.0,256
Lenovo,247800.0,Intel,No,8,4,3.1,LCD,NVIDIA,256 GB SSD,1024,Large,Mid-end,Other,3.0,256
Dell,220496.5,Intel,No,8,4,1.7,LED,Intel,512 GB SSD,0,Small,Entry-level,Other,1.5,512
Lenovo,80465.0,AMD,Yes,4,4,2.3,LCD,AMD,256 GB SSD,0,Small,Entry-level,Other,2.5,256
Lenovo,220496.5,Intel,No,16,4,2.4,LED,NVIDIA,512 GB SSD,0,Large,Low-end,Other,2.5,512
Hp,85746.5,AMD,No,4,3,1.8,LED,AMD,No SSD,1024,Large,Entry-level,Low-End,2.0,0
Lenovo,297465.0,Intel,Yes,16,5,3.3,LCD,NVIDIA,512 GB SSD,0,Large,Mid-end,Other,3.5,512
Asus,227465.0,AMD,No,16,4,4.2,LED,AMD,512 GB SSD,0,Small,Entry-level,Mid-End,4.0,512
Hp,174996.5,Intel,Yes,8,4,0.8,LCD,Intel,512 GB SSD,0,Large,Entry-level,Other,1.0,512
Hp,213150.0,Intel,No,8,4,2.7385892116182573,LED,Intel,512 GB SSD,0,Large,Entry-level,Other,2.5,512
Dell,191621.5,Intel,Yes,8,4,2.4,LCD,Intel,256 GB SSD,1024,Large,Entry-level,Other,2.5,256
Lenovo,216965.0,Intel,Yes,16,5,2.0,LCD,Intel,512 GB SSD,0,Large,Entry-level,Other,2.0,512
Asus,227465.0,Intel,Yes,8,4,4.7,LCD,Intel,512 GB SSD,0,Large,Low-end,Other,4.5,512
Asus,223965.0,Intel,No,16,4,2.4,LCD,Intel,512 GB SSD,0,Small,Low-end,Other,2.5,512
Asus,202965.0,AMD,No,16,4,2.9869688385269124,LCD,AMD,512 GB SSD,0,Large,Low-end,Mid-End,3.0,512
Dell,199496.5,Intel,Yes,8,4,2.4,LED,NVIDIA,512 GB SSD,0,Small,Low-end,Other,2.5,512
Hp,280406.0,Intel,No,16,4,4.2,LCD,Intel,512 GB SSD,0,Large,Low-end,Other,4.0,512
Lenovo,104965.0,AMD,Yes,4,4,2.3,LCD,AMD,256 GB SSD,0,Small,Entry-level,Other,2.5,256
Dell,142803.5,Intel,Yes,4,4,2.7385892116182573,LED,Intel,256 GB SSD,1024,Small,Entry-level,Other,2.5,256
Lenovo,286965.0,AMD,Yes,16,4,3.1,LCD,NVIDIA,512 GB SSD,0,Large,Mid-end,High-End,3.0,512
Hp,157465.0,Intel,Yes,8,4,3.3,LCD,Intel,512 GB SSD,0,Large,Low-end,Other,3.5,512
Hp,152211.5,Intel,Yes,8,4,3.3,LCD,Intel,512 GB SSD,0,Large,Entry-level,Other,3.5,512
Lenovo,160965.0,Intel,Yes,8,5,3.3,LCD,Intel,512 GB SSD,0,Small,Entry-level,Other,3.5,512
Msi,304465.0,Intel,No,16,4,3.3,LCD,NVIDIA,256 GB SSD,1024,Large,Mid-end,Other,3.5,256
Lenovo,213150.0,AMD,Yes,8,4,3.0,LED,NVIDIA,512 GB SSD,0,Large,Mid-end,Mid-End,3.0,512
Hp,293965.0,Intel,No,16,4,3.4,LCD,Intel,1024 GB SSD,0,Large,Low-end,Other,3.5,1024
Lenovo,87552.5,AMD,No,4,4,2.6,LED,AMD,No SSD,1024,Large,Entry-level,Other,2.5,0
Lenovo,84175.0,AMD,Yes,4,4,2.4,LCD,AMD,256 GB SSD,0,Small,Entry-level,Other,2.5,256
Hp,276150.0,Intel,Yes,16,4,3.4,LCD,Intel,1024 GB SSD,0,Small,Entry-level,Other,3.5,1024
Dell,184800.0,Intel,No,16,4,4.2,LCD,Intel,512 GB SSD,0,Large,Low-end,Other,4.0,512
Other,111965.0,Intel,No,8,4,4.2,LCD,Intel,512 GB SSD,0,Large,Entry-level,Other,4.0,512
Asus,230965.0,AMD,Yes,16,4,4.2,LCD,NVIDIA,512 GB SSD,0,Large,Mid-end,Mid-End,4.0,512
Acer,185150.0,Intel,No,8,4,2.7385892116182573,LED,Intel,No SSD,1024,Small,Low-end,Other,2.5,0
Dell,194246.5,Intel,Yes,4,4,4.2,LED,Intel,256 GB SSD,1024,Large,Low-end,Other,4.0,256
Samsung,216965.0,Intel,No,16,4,4.7,LED,Intel,512 GB SSD,0,Large,Low-end,Other,4.5,512
Other,178465.0,Intel,No,16,4,2.4,LCD,Intel,512 GB SSD,0,Large,Low-end,Other,2.5,512
Asus,134400.0,Intel,No,8,4,3.0,LCD,Intel,512 GB SSD,0,Small,Entry-level,Other,3.0,512
Other,185465.0,Intel,No,16,4,2.4,LCD,Intel,1024 GB SSD,0,Large,Low-end,Other,2.5,1024
Asus,220465.0,Intel,Yes,8,4,2.7,LCD,NVIDIA,1024 GB SSD,0,Large,Mid-end,Other,2.5,1024
Dell,166215.0,Intel,Yes,8,4,4.2,LCD,Intel,512 GB SSD,0,Large,Entry-level,Other,4.0,512
Hp,284196.5,Intel,No,16,4,2.4,LCD,Intel,512 GB SSD,0,Small,Low-end,Other,2.5,512
Asus,185465.0,AMD,No,16,4,3.3,LCD,AMD,512 GB SSD,0,Large,Entry-level,Mid-End,3.5,512
Acer,107551.5,Intel,No,8,4,4.0,LED,Intel,256 GB SSD,0,Large,Entry-level,Other,4.0,256
Dell,243950.0,Intel,Yes,16,5,3.3,LCD,NVIDIA,512 GB SSD,0,Large,Mid-end,Other,3.5,512
Lenovo,90996.5,Intel,No,4,4,2.8,LCD,Intel,256 GB SSD,0,Small,Entry-level,Low-End,3.0,256
Dell,137462.5,Intel,No,8,4,4.0,LCD,Intel,256 GB SSD,0,Small,Entry-level,Other,4.0,256
Lenovo,213465.0,Intel,Yes,16,4,2.4,LCD,Intel,512 GB SSD,0,Small,Low-end,Other,2.5,512
Acer,111965.0,Intel,No,8,4,4.0,LCD,Intel,512 GB SSD,0,Large,Entry-level,Other,4.0,512
Dell,231752.5,AMD,Yes,8,5,3.3,LCD,NVIDIA,512 GB SSD,0,Large,Mid-end,Mid-End,3.5,512
Other,160965.0,Intel,No,16,4,1.3,LCD,Intel,512 GB SSD,0,Small,Entry-level,Other,1.5,512
Lenovo,220500.0,Intel,No,8,4,3.1,LED,NVIDIA,512 GB SSD,0,Large,Mid-end,Other,3.0,512
Lenovo,197746.5,Intel,Yes,8,4,2.7385892116182573,LED,Intel,512 GB SSD,0,Large,Entry-level,Other,2.5,512
Lenovo,342965.0,Intel,Yes,16,5,2.4,LCD,NVIDIA,512 GB SSD,0,Large,Mid-end,Other,2.5,512
Apple,570465.0,Intel,No,8,3,2.4,LED,Intel,512 GB SSD,0,Small,Low-end,Other,2.5,512
Msi,227465.0,Intel,No,8,4,4.7,LCD,NVIDIA,512 GB SSD,0,Large,Mid-end,Other,4.5,512
Acer,255146.5,Intel,Yes,16,4,3.3,LCD,NVIDIA,512 GB SSD,0,Large,Mid-end,Other,3.5,512
Lenovo,131911.5,Intel,No,8,4,4.8,LCD,Intel,256 GB SSD,0,Large,Entry-level,Other,5.0,256
Dell,243215.0,Intel,Yes,16,4,2.7,LCD,NVIDIA,512 GB SSD,0,Large,Mid-end,Other,2.5,512
Apple,381465.0,Apple,No,8,5,3.49,LCD,Apple,512 GB SSD,0,Small,High-end,Apple M-series,3.5,512
Other,314965.0,Intel,No,16,4,4.7,LCD,Intel,512 GB SSD,0,Small,Low-end,Other,4.5,512
Acer,132615.0,Intel,No,8,4,2.7385892116182573,LED,Intel,No SSD,1024,Small,Entry-level,Other,2.5,0
Asus,297465.0,AMD,Yes,8,4,2.9869688385269124,LED,NVIDIA,1024 GB SSD,0,Large,Mid-end,Mid-End,3.0,1024
Lenovo,229414.5,Intel,Yes,16,4,2.0,LCD,NVIDIA,512 GB SSD,0,Large,Mid-end,Other,2.0,512
Lenovo,152215.0,AMD,Yes,16,5,2.8,LCD,AMD,512 GB SSD,0,Large,Low-end,Mid-End,3.0,512
Acer,367465.0,Intel,Yes,16,4,4.7,LCD,NVIDIA,512 GB SSD,1024,Large,Mid-end,Other,4.5,512
Other,153965.0,Intel,No,16,4,1.3,LCD,Intel,512 GB SSD,0,Large,Low-end,Other,1.5,512
Dell,136465.0,Intel,Yes,8,4,2.4,LCD,Intel,512 GB SSD,0,Large,Entry-level,Other,2.5,512
Asus,125965.0,Intel,No,8,4,1.2,LCD,Intel,512 GB SSD,0,Small,Entry-level,Other,1.0,512
Asus,136465.0,Intel,Yes,8,4,3.0,LCD,Intel,256 GB SSD,1024,Small,Entry-level,Other,3.0,256
Other,349965.0,Intel,No,16,4,4.7,LCD,Intel,512 GB SSD,0,Small,Low-end,Other,4.5,512
Asus,132965.0,Intel,No,8,4,1.2,LCD,Intel,512 GB SSD,0,Small,Entry-level,Other,1.0,512
Asus,193550.0,AMD,No,16,5,4.2,LED,AMD,512 GB SSD,0,Large,Entry-level,Mid-End,4.0,512
Other,292565.0,Intel,Yes,16,4,2.8,LCD,Intel,512 GB SSD,0,Small,Low-end,Other,3.0,512
Asus,150465.0,Intel,No,8,4,1.2,LCD,Intel,512 GB SSD,0,Small,Entry-level,Other,1.0,512
Asus,150465.0,Intel,No,8,4,4.2,LCD,Intel,512 GB SSD,0,Small,Entry-level,Other,4.0,512
Lenovo,192465.0,Intel,No,8,4,1.3,LCD,Intel,512 GB SSD,0,Large,Entry-level,Other,1.5,512
Lenovo,185465.0,AMD,Yes,16,4,1.8,LCD,AMD,512 GB SSD,0,Large,Entry-level,High-End,2.0,512
Hp,136465.0,AMD,No,8,4,2.6,LCD,AMD,256 GB SSD,0,Large,Entry-level,Low-End,2.5,256
Dell,262496.5,Intel,Yes,16,4,2.6,LED,Intel,512 GB SSD,0,Large,Low-end,Other,2.5,512
Hp,224724.5,Intel,Yes,8,4,4.0,LCD,Intel,512 GB SSD,0,Small,Entry-level,Other,4.0,512
Lenovo,195965.0,Intel,No,16,4,3.3,LCD,Intel,512 GB SSD,0,Large,Low-end,Other,3.5,512
Lenovo,143500.0,Intel,Yes,8,4,3.0,LED,Intel,256 GB SSD,0,Large,Entry-level,Other,3.0,256
Msi,236775.0,Intel,Yes,8,5,3.3,LCD,NVIDIA,512 GB SSD,0,Large,Mid-end,Other,3.5,512
Asus,537817.0,AMD,No,16,5,4.8,LCD,NVIDIA,1024 GB SSD,0,Small,Mid-end,High-End,5.0,1024
Lenovo,199465.0,AMD,No,8,4,2.1,LCD,AMD,512 GB SSD,0,Small,Entry-level,Mid-End,2.0,512
Dell,212807.0,Intel,No,8,4,4.7,LCD,Intel,512 GB SSD,0,Small,Entry-level,Other,4.5,512
Msi,209965.0,Intel,No,16,4,4.7,LCD,Intel,512 GB SSD,0,Small,Low-end,Other,4.5,512
Msi,230965.0,Intel,No,16,4,3.3,LCD,NVIDIA,256 GB SSD,1024,Large,Mid-end,Other,3.5,256
Hp,190225.0,Intel,Yes,8,4,4.2,LED,NVIDIA,No SSD,1024,Large,Low-end,Other,4.0,0
Msi,244965.0,Intel,No,16,4,4.8,LCD,Intel,512 GB SSD,0,Small,Low-end,Other,5.0,512
Lenovo,161665.0,AMD,Yes,8,4,2.1,LCD,AMD,512 GB SSD,0,Large,Entry-level,Mid-End,2.0,512
Hp,120715.0,AMD,Yes,8,4,2.4,LCD,AMD,512 GB SSD,0,Large,Entry-level,Low-End,2.5,512
Asus,454965.0,AMD,Yes,16,4,4.8,LCD,AMD,1024 GB SSD,0,Large,High-end,High-End,5.0,1024
Lenovo,266700.0,Intel,No,16,4,2.4,LED,Intel,512 GB SSD,0,Small,Low-end,Other,2.5,512
Lenovo,230961.5,Intel,Yes,16,5,1.5,LCD,Intel,512 GB SSD,0,Small,Entry-level,Other,1.5,512
Other,234465.0,Intel,No,32,5,4.8,LCD,Intel,1024 GB SSD,0,Large,Low-end,Other,5.0,1024
Asus,227465.0,Intel,No,16,4,1.3,LCD,Intel,512 GB SSD,0,Large,Low-end,Other,1.5,512
Msi,269465.0,Intel,Yes,16,5,3.3,LCD,NVIDIA,512 GB SSD,0,Large,Mid-end,Other,3.5,512
Asus,253746.5,Intel,No,16,4,4.2,LED,Intel,512 GB SSD,0,Small,Low-end,Other,4.0,512
Dell,269465.0,Intel,Yes,16,4,2.6,LCD,NVIDIA,512 GB SSD,0,Large,Low-end,Other,2.5,512
Msi,118965.0,Intel,Yes,8,4,3.0,LCD,Intel,512 GB SSD,0,Large,Entry-level,Other,3.0,512
Asus,142009.0,Intel,No,8,4,3.0,LCD,Intel,512 GB SSD,0,Large,Entry-level,Other,3.0,512
Lenovo,301665.0,Intel,Yes,16,5,2.4,LCD,Intel,512 GB SSD,0,Large,Low-end,Other,2.5,512
Lenovo,289765.0,Intel,Yes,16,5,3.4,LED,Intel,512 GB SSD,0,Small,Entry-level,Other,3.5,512
Other,174965.0,Intel,No,16,4,2.8,LCD,Intel,512 GB SSD,0,Small,Low-end,Other,3.0,512
Lenovo,437465.0,Intel,No,16,4,1.9,LED,NVIDIA,1024 GB SSD,0,Large,Mid-end,Other,2.0,1024
Lenovo,117250.0,Intel,No,4,4,1.0,LED,Intel,No SSD,1024,Large,Entry-level,Other,1.0,0
Dell,277546.5,Intel,Yes,16,4,4.7,LCD,Intel,512 GB SSD,0,Small,Low-end,Other,4.5,512
Lenovo,230965.0,Intel,No,8,4,4.2,LCD,Intel,512 GB SSD,0,Large,Entry-level,Other,4.0,512
Lenovo,230965.0,Intel,No,8,4,2.4,LED,Intel,1024 GB SSD,0,Small,Low-end,Other,2.5,1024
Asus,209650.0,Intel,Yes,16,4,4.2,LCD,Intel,512 GB SSD,0,Large,Low-end,Other,4.0,512
Hp,269465.0,AMD,Yes,8,4,4.2,LCD,NVIDIA,512 GB SSD,0,Large,Mid-end,Mid-End,4.0,512
Asus,213465.0,Intel,No,16,4,2.5,LCD,Intel,512 GB SSD,0,Large,Low-end,Other,2.5,512
Hp,171496.5,Intel,No,16,4,4.2,LCD,Intel,512 GB SSD,0,Large,Low-end,Other,4.0,512
Asus,279965.0,Intel,No,8,3,1.6,LED,NVIDIA,512 GB SSD,0,Small,Low-end,Other,1.5,512
Acer,150465.0,Intel,No,16,4,2.8,LCD,Intel,1024 GB SSD,0,Small,Low-end,Other,3.0,1024
Lenovo,272650.0,AMD,No,8,4,2.1,LED,AMD,512 GB SSD,0,Small,Entry-level,Mid-End,2.0,512
Dell,179546.5,Intel,Yes,8,4,2.4,LCD,Intel,256 GB SSD,1024,Large,Entry-level,Other,2.5,256
Lenovo,231000.0,Intel,No,8,4,2.4,LED,Intel,512 GB SSD,0,Large,Low-end,Other,2.5,512
Hp,419965.0,AMD,No,16,4,4.2,LCD,NVIDIA,1024 GB SSD,0,Large,Mid-end,High-End,4.0,1024
Hp,367465.0,Intel,Yes,16,4,4.7,LED,Intel,1024 GB SSD,0,Small,Low-end,Other,4.5,1024
Lenovo,278141.5,AMD,No,16,4,1.8,LED,AMD,512 GB SSD,0,Small,Entry-level,High-End,2.0,512
Asus,507465.0,Intel,No,16,4,4.7,LCD,NVIDIA,1024 GB SSD,0,Large,Mid-end,Other,4.5,1024
Asus,167965.0,AMD,No,8,4,2.1,LED,AMD,512 GB SSD,0,Large,Entry-level,Mid-End,2.0,512
Lenovo,125965.0,Intel,No,8,4,4.0,LCD,Intel,No SSD,1024,Large,Entry-level,Other,4.0,0
Hp,381496.5,Intel,No,16,4,4.7,LED,Intel,512 GB SSD,0,Small,Low-end,Other,4.5,512
Lenovo,103215.0,AMD,Yes,8,4,2.6,LCD,AMD,256 GB SSD,0,Large,Entry-level,Low-End,2.5,256
Lenovo,216930.0,Intel,Yes,16,4,2.4,LCD,Intel,512 GB SSD,0,Small,Low-end,Other,2.5,512
Acer,129465.0,AMD,No,16,4,2.9869688385269124,LCD,AMD,512 GB SSD,0,Large,Entry-level,Mid-End,3.0,512
Acer,122115.0,AMD,No,8,4,2.9869688385269124,LCD,AMD,512 GB SSD,0,Large,Entry-level,Mid-End,3.0,512
Asus,150465.0,Intel,Yes,8,4,1.2,LCD,Intel,512 GB SSD,0,Large,Entry-level,Other,1.0,512
Asus,150465.0,Intel,Yes,8,4,1.2,LCD,Intel,512 GB SSD,0,Large,Entry-level,Other,1.0,512
Asus,150465.0,Intel,Yes,8,4,1.2,LCD,Intel,512 GB SSD,0,Large,Entry-level,Other,1.0,512
Msi,227465.0,Intel,No,8,4,3.4,LCD,Intel,512 GB SSD,0,Small,Low-end,Other,3.5,512
Acer,97965.0,Intel,Yes,8,4,4.2,LCD,Intel,256 GB SSD,0,Small,Entry-level,Other,4.0,256
Lenovo,178500.0,Intel,Yes,8,4,1.6,LCD,Intel,512 GB SSD,0,Large,Entry-level,Other,1.5,512
Hp,384965.0,Intel,Yes,16,4,4.7,LCD,NVIDIA,512 GB SSD,0,Large,Mid-end,Other,4.5,512
Asus,139650.0,Intel,Yes,8,4,1.2,LCD,Intel,512 GB SSD,0,Large,Entry-level,Other,1.0,512
Acer,104965.0,Intel,Yes,8,4,4.2,LCD,Intel,512 GB SSD,0,Small,Entry-level,Other,4.0,512
Dell,311496.5,Intel,Yes,16,4,2.4,LED,Intel,512 GB SSD,0,Small,Low-end,Other,2.5,512
Msi,272965.0,Intel,Yes,8,4,4.7,LCD,NVIDIA,512 GB SSD,0,Large,Mid-end,Other,4.5,512
Acer,216965.0,Intel,No,16,4,1.7,LCD,Intel,512 GB SSD,0,Small,Low-end,Other,1.5,512
Hp,181296.5,Intel,Yes,16,4,2.7385892116182573,LCD,Intel,512 GB SSD,0,Large,Entry-level,Other,2.5,512
Dell,124215.0,AMD,Yes,8,4,2.7,LCD,AMD,512 GB SSD,0,Small,Entry-level,Low-End,2.5,512
Lenovo,164465.0,Intel,Yes,8,4,3.0,LCD,Intel,512 GB SSD,0,Large,Entry-level,Other,3.0,512
Hp,349965.0,Intel,No,16,4,3.4,LCD,NVIDIA,512 GB SSD,0,Large,Mid-end,Other,3.5,512
Asus,181965.0,Intel,No,16,4,2.4,LCD,Intel,512 GB SSD,0,Large,Low-end,Other,2.5,512
Asus,577430.0,Intel,Yes,16,5,2.7,LCD,NVIDIA,1024 GB SSD,0,Large,High-end,Other,2.5,1024
Acer,229215.0,AMD,Yes,8,5,3.3,LCD,NVIDIA,512 GB SSD,0,Large,Mid-end,Mid-End,3.5,512
Lenovo,262465.0,Intel,Yes,16,5,1.5,LCD,NVIDIA,512 GB SSD,0,Large,Mid-end,Other,1.5,512
Asus,152250.0,Intel,No,8,4,1.0,LCD,Intel,256 GB SSD,0,Large,Entry-level,Other,1.0,256
Lenovo,225746.5,Intel,No,8,4,3.3,LCD,NVIDIA,512 GB SSD,0,Large,Mid-end,Other,3.5,512
Asus,300965.0,AMD,Yes,8,4,4.2,LCD,NVIDIA,512 GB SSD,0,Large,Mid-end,High-End,4.0,512
Asus,238000.0,Intel,No,16,4,2.5,LCD,NVIDIA,512 GB SSD,0,Large,Mid-end,Other,2.5,512
Lenovo,71939.0,AMD,No,4,4,3.1,LED,AMD,No SSD,1024,Small,Entry-level,Other,3.0,0
Msi,251965.0,Intel,Yes,8,4,1.8,LED,NVIDIA,No SSD,1024,Large,Mid-end,Other,2.0,0
Asus,243215.0,AMD,No,16,4,3.1,LCD,AMD,512 GB SSD,0,Large,Low-end,High-End,3.0,512
Lenovo,222757.5,AMD,Yes,8,4,4.2,LCD,NVIDIA,512 GB SSD,0,Large,Mid-end,High-End,4.0,512
Lenovo,185465.0,AMD,Yes,16,4,2.0,LCD,AMD,512 GB SSD,0,Large,Entry-level,Mid-End,2.0,512
Lenovo,83821.5,Intel,No,4,4,2.8,LCD,Intel,256 GB SSD,0,Large,Entry-level,Low-End,3.0,256
Acer,214599.0,Intel,No,8,4,3.3,LCD,NVIDIA,512 GB SSD,0,Large,Entry-level,Other,3.5,512
Lenovo,272965.0,AMD,Yes,16,5,3.4,LCD,NVIDIA,512 GB SSD,0,Large,Mid-end,High-End,3.5,512
Other,463123.5,Intel,No,16,5,3.4,LCD,Intel,512 GB SSD,0,Large,Low-end,Other,3.5,512
Lenovo,202965.0,AMD,No,16,4,2.1,LCD,AMD,512 GB SSD,0,Large,Entry-level,Mid-End,2.0,512
Acer,113046.5,Intel,No,4,4,4.8,LED,Intel,256 GB SSD,0,Large,Entry-level,Other,5.0,256
Lenovo,185465.0,Intel,No,8,4,2.4,LCD,Intel,512 GB SSD,0,Large,Low-end,Other,2.5,512
Other,521500.0,Intel,No,16,5,3.4,LCD,Intel,512 GB SSD,0,Small,Low-end,Other,3.5,512
Hp,286996.5,Intel,No,16,4,4.2,LED,NVIDIA,512 GB SSD,0,Small,Low-end,Other,4.0,512
Lenovo,90965.0,Intel,No,4,4,1.0,LED,Intel,256 GB SSD,0,Large,Entry-level,Low-End,1.0,256
Asus,257250.0,AMD,Yes,16,4,3.3,LED,NVIDIA,512 GB SSD,0,Large,Mid-end,Mid-End,3.5,512
Hp,152246.5,AMD,Yes,8,5,4.2,LCD,AMD,512 GB SSD,0,Large,Entry-level,Mid-End,4.0,512
Hp,83996.5,AMD,No,8,4,2.6,LCD,AMD,512 GB SSD,0,Small,Entry-level,Low-End,2.5,512
Samsung,342965.0,Intel,No,16,4,4.7,LED,Intel,512 GB SSD,0,Small,Low-end,Other,4.5,512
Other,248465.0,Intel,Yes,16,4,2.7385892116182573,LCD,NVIDIA,512 GB SSD,0,Large,Mid-end,Other,2.5,512
Asus,329000.0,Intel,No,8,4,3.3,LCD,Intel,512 GB SSD,0,Small,Low-end,Other,3.5,512
Lenovo,416850.0,AMD,Yes,16,4,3.3,LCD,NVIDIA,512 GB SSD,0,Large,Mid-end,High-End,3.5,512
Asus,453561.5,Intel,No,16,4,4.7,LCD,NVIDIA,1024 GB SSD,0,Large,Mid-end,Other,4.5,1024
Samsung,314965.0,Intel,No,16,4,4.2,LED,Intel,512 GB SSD,0,Small,Low-end,Other,4.0,512
Lenovo,182665.0,AMD,Yes,16,4,2.0,LED,AMD,512 GB SSD,0,Small,Entry-level,Mid-End,2.0,512
Hp,297465.0,AMD,No,16,5,4.8,LCD,NVIDIA,512 GB SSD,0,Large,Mid-end,High-End,5.0,512
Other,202965.0,Intel,No,16,4,4.8,LCD,Intel,512 GB SSD,0,Large,Low-end,Other,5.0,512
Hp,299600.0,Intel,No,16,4,1.3,LCD,Intel,512 GB SSD,0,Small,Low-end,Other,1.5,512
Asus,89211.5,AMD,No,8,4,2.6,LCD,AMD,256 GB SSD,0,Large,Entry-level,Low-End,2.5,256
Dell,137550.0,Intel,Yes,8,4,1.2,LED,Intel,256 GB SSD,0,Large,Entry-level,Other,1.0,256
Lenovo,135450.0,Intel,Yes,8,5,1.6,LCD,Intel,512 GB SSD,0,Large,Entry-level,Other,1.5,512
Other,195965.0,Intel,No,8,3,3.4,LCD,Intel,128 GB SSD,0,Small,Entry-level,Low-End,3.5,128
Hp,325465.0,Intel,No,16,4,2.7385892116182573,LED,Intel,1024 GB SSD,0,Small,Entry-level,Other,2.5,1024
Lenovo,227465.0,AMD,Yes,16,4,1.8,LCD,AMD,512 GB SSD,0,Small,Entry-level,High-End,2.0,512
Msi,181965.0,Intel,No,16,4,4.7,LCD,Intel,512 GB SSD,0,Large,Low-end,Other,4.5,512
Asus,314965.0,Intel,Yes,16,4,2.3,LCD,NVIDIA,1024 GB SSD,0,Large,Mid-end,Other,2.5,1024
Asus,255465.0,AMD,No,16,4,2.0,LED,AMD,512 GB SSD,0,Small,Entry-level,Mid-End,2.0,512
Hp,244996.5,Intel,No,16,4,4.7,LCD,Intel,512 GB SSD,0,Small,Low-end,Other,4.5,512
Msi,209965.0,Intel,Yes,16,4,4.8,LCD,Intel,512 GB SSD,0,Large,Low-end,Other,5.0,512
Lenovo,171465.0,AMD,No,16,4,2.0,LCD,AMD,512 GB SSD,0,Large,Entry-level,High-End,2.0,512
Msi,316715.0,Intel,Yes,16,4,4.7,LCD,NVIDIA,512 GB SSD,0,Large,Mid-end,Other,4.5,512
Acer,251650.0,AMD,Yes,16,5,3.1,LCD,NVIDIA,512 GB SSD,0,Large,Mid-end,High-End,3.0,512
Asus,136465.0,AMD,Yes,8,5,4.0,LCD,AMD,512 GB SSD,0,Small,Entry-level,Low-End,4.0,512
Dell,523250.0,Intel,Yes,16,4,2.7385892116182573,LCD,NVIDIA,512 GB SSD,0,Large,Mid-end,Other,2.5,512
Dell,185465.0,Intel,Yes,8,4,4.2,LCD,Intel,256 GB SSD,0,Large,Entry-level,Other,4.0,256
Acer,122465.0,Intel,No,4,4,2.7385892116182573,LED,Intel,256 GB SSD,0,Large,Entry-level,Other,2.5,256
Asus,111996.5,Intel,No,4,4,2.1,LED,Intel,512 GB SSD,0,Small,Entry-level,Other,2.0,512
Hp,178850.0,AMD,No,8,4,2.1,LED,AMD,512 GB SSD,0,Small,Entry-level,Mid-End,2.0,512
Dell,311465.0,Intel,No,16,5,3.4,LCD,NVIDIA,512 GB SSD,0,Small,Low-end,Other,3.5,512
Acer,223975.5,Intel,No,8,4,4.2,LED,Intel,512 GB SSD,0,Large,Low-end,Other,4.0,512
Lenovo,563465.0,AMD,Yes,32,5,3.1,LCD,NVIDIA,1024 GB SSD,0,Large,High-end,High-End,3.0,1024
Samsung,402465.0,Intel,No,16,5,4.7,LED,Intel,512 GB SSD,0,Small,Low-end,Other,4.5,512
Lenovo,108465.0,Intel,No,4,4,1.1,LED,Intel,No SSD,1024,Small,Entry-level,Low-End,1.0,0
Asus,279965.0,AMD,No,16,4,2.0,LED,AMD,1024 GB SSD,0,Small,Entry-level,Mid-End,2.0,1024
Lenovo,286965.0,AMD,No,16,4,3.3,LCD,NVIDIA,512 GB SSD,0,Large,Mid-end,High-End,3.5,512
Acer,110946.5,Intel,Yes,8,4,1.7,LCD,Intel,256 GB SSD,0,Large,Entry-level,Other,1.5,256
Asus,227465.0,Intel,Yes,16,4,4.7,LCD,Intel,512 GB SSD,0,Large,Low-end,Other,4.5,512
Dell,130000.5,Intel,Yes,8,4,1.2,LCD,Intel,1024 GB SSD,0,Large,Entry-level,Other,1.0,1024
Hp,134221.5,AMD,No,8,4,2.1,LED,AMD,No SSD,1024,Large,Low-end,Mid-End,2.0,0
Hp,244996.5,Intel,No,16,4,4.7,LCD,Intel,512 GB SSD,0,Large,Low-end,Other,4.5,512
Dell,195965.0,Intel,No,8,5,3.4,LCD,Intel,512 GB SSD,0,Small,Entry-level,Other,3.5,512
Dell,158200.0,Intel,Yes,8,4,1.7,LCD,Intel,256 GB SSD,0,Large,Entry-level,Other,1.5,256
Dell,279996.5,Intel,Yes,16,4,3.3,LCD,Intel,512 GB SSD,0,Small,Entry-level,Other,3.5,512
Dell,216615.0,Intel,No,8,5,3.4,LCD,Intel,1024 GB SSD,0,Small,Low-end,Other,3.5,1024
Dell,244965.0,Intel,No,16,5,3.4,LCD,Intel,1024 GB SSD,0,Small,Low-end,Other,3.5,1024
Dell,227465.0,Intel,No,16,5,3.4,LCD,Intel,512 GB SSD,0,Small,Low-end,Other,3.5,512
Acer,577465.0,Intel,Yes,16,5,2.7385892116182573,LCD,NVIDIA,512 GB SSD,0,Large,Mid-end,Other,2.5,512
Asus,333900.0,Intel,No,16,5,3.3,LED,Intel,512 GB SSD,0,Small,Low-end,Other,3.5,512
Dell,277126.5,Intel,Yes,8,4,4.7,LCD,Intel,512 GB SSD,0,Small,Low-end,Other,4.5,512
Acer,115465.0,Intel,No,8,5,2.7385892116182573,LCD,Intel,512 GB SSD,0,Small,Entry-level,Other,2.5,512
Dell,314996.5,Intel,No,16,4,2.7385892116182573,LED,Intel,512 GB SSD,0,Small,Low-end,Other,2.5,512
Lenovo,262500.0,AMD,No,16,4,1.8,LCD,AMD,512 GB SSD,0,Small,Entry-level,High-End,2.0,512
Asus,321965.0,AMD,Yes,16,5,4.7,LCD,NVIDIA,1024 GB SSD,0,Large,Mid-end,High-End,4.5,1024
Msi,367465.0,Intel,No,16,5,3.4,LCD,NVIDIA,1024 GB SSD,0,Large,Mid-end,Other,3.5,1024
Dell,279996.5,Intel,Yes,16,4,2.5,LED,Intel,512 GB SSD,0,Small,Low-end,Other,2.5,512
Hp,265965.0,Intel,Yes,8,4,4.2,LCD,NVIDIA,512 GB SSD,0,Large,Mid-end,Other,4.0,512
Other,357000.0,AMD,Yes,8,4,2.0,LCD,AMD,256 GB SSD,0,Small,Entry-level,Mid-End,2.0,256
Lenovo,146965.0,Intel,Yes,8,4,3.0,LCD,Intel,256 GB SSD,0,Large,Entry-level,Other,3.0,256
Asus,192465.0,AMD,No,16,4,2.0,LCD,AMD,512 GB SSD,0,Large,Entry-level,High-End,2.0,512
Acer,93765.0,Intel,No,8,4,1.1,LCD,Intel,256 GB SSD,0,Small,Entry-level,Low-End,1.0,256
Dell,454965.0,Intel,Yes,16,5,3.4,LCD,NVIDIA,512 GB SSD,0,Large,Mid-end,Other,3.5,512
Hp,262465.0,Intel,No,16,4,4.7,LCD,Intel,512 GB SSD,0,Small,Low-end,Other,4.5,512
Acer,174965.0,AMD,No,8,4,2.0,LCD,AMD,512 GB SSD,0,Small,Entry-level,Mid-End,2.0,512
Lenovo,160965.0,Intel,No,8,4,2.4,LED,Intel,512 GB SSD,0,Small,Low-end,Other,2.5,512
Asus,521465.0,AMD,Yes,16,5,4.7,LCD,NVIDIA,1024 GB SSD,0,Large,Mid-end,High-End,4.5,1024
Hp,367465.0,AMD,Yes,16,4,4.2,LCD,NVIDIA,512 GB SSD,0,Large,Mid-end,High-End,4.0,512
Lenovo,115465.0,Intel,No,8,4,2.7385892116182573,LCD,Intel,256 GB SSD,0,Large,Entry-level,Other,2.5,256
Msi,318748.5,Intel,Yes,16,4,2.2,LED,NVIDIA,512 GB SSD,0,Large,Mid-end,Other,2.0,512
Asus,142380.0,Intel,Yes,8,4,1.2,LCD,Intel,512 GB SSD,0,Large,Entry-level,Other,1.0,512
Asus,118965.0,Intel,Yes,8,4,3.0,LED,Intel,512 GB SSD,0,Large,Entry-level,Other,3.0,512
Dell,232746.5,Intel,No,16,4,2.7385892116182573,LCD,Intel,512 GB SSD,0,Large,Entry-level,Other,2.5,512
Msi,361291.0,Intel,Yes,16,4,4.7,LCD,NVIDIA,512 GB SSD,0,Large,Mid-end,Other,4.5,512
Dell,346465.0,Intel,Yes,16,5,3.4,LCD,NVIDIA,1024 GB SSD,0,Large,Mid-end,Other,3.5,1024
Dell,178465.0,Intel,Yes,8,4,3.3,LCD,Intel,256 GB SSD,1024,Large,Entry-level,Other,3.5,256
Lenovo,301000.0,Intel,Yes,8,4,2.4,LCD,Intel,512 GB SSD,0,Small,Low-end,Other,2.5,512
Asus,173736.5,Intel,Yes,8,4,2.5,LCD,Intel,512 GB SSD,0,Large,Low-end,Other,2.5,512
Lenovo,272965.0,Intel,No,16,4,2.8,LCD,Intel,512 GB SSD,0,Large,Low-end,Other,3.0,512
Acer,260015.0,Intel,No,8,4,4.2,LCD,Intel,512 GB SSD,0,Small,Low-end,Other,4.0,512
Samsung,430465.0,Intel,No,16,4,2.2,LED,Intel,512 GB SSD,0,Large,Low-end,Other,2.0,512
Samsung,384965.0,Intel,No,16,4,1.9,LED,Intel,512 GB SSD,0,Small,Low-end,Other,2.0,512
Other,1256496.5,Intel,Yes,16,5,1.8,LCD,NVIDIA,1024 GB SSD,0,Large,High-end,Other,2.0,1024
Samsung,384965.0,Intel,Yes,16,4,2.2,LED,Intel,512 GB SSD,0,Small,Low-end,Other,2.0,512
Samsung,297465.0,Intel,No,16,4,1.8,LCD,Intel,512 GB SSD,0,Large,Low-end,Other,2.0,512
Samsung,384965.0,Intel,No,16,4,1.9,LED,Intel,512 GB SSD,0,Large,Low-end,Other,2.0,512
Samsung,374500.0,Intel,No,16,4,2.2,LED,Intel,1024 GB SSD,0,Large,Low-end,Other,2.0,1024
Samsung,468965.0,Intel,Yes,16,4,2.2,LED,Intel,1024 GB SSD,0,Small,Low-end,Other,2.0,1024
Dell,403515.0,Intel,Yes,16,5,3.4,LCD,NVIDIA,512 GB SSD,0,Large,Mid-end,Other,3.5,512
Samsung,419965.0,Intel,No,16,4,2.2,LED,Intel,1024 GB SSD,0,Large,Low-end,Other,2.0,1024
Lenovo,83965.0,Intel,No,4,4,1.6226993865030674,LCD,Intel,256 GB SSD,0,Large,Entry-level,Low-End,1.5,256
Dell,116088.0,Intel,Yes,8,4,2.0,LCD,Intel,256 GB SSD,0,Large,Entry-level,Low-End,2.0,256
Dell,129465.0,Intel,Yes,8,4,4.2,LCD,Intel,512 GB SSD,0,Large,Entry-level,Other,4.0,512
Asus,290465.0,AMD,Yes,8,4,4.2,LCD,NVIDIA,512 GB SSD,0,Large,Mid-end,High-End,4.0,512
Lenovo,326165.0,Intel,Yes,16,5,2.4,LED,Intel,512 GB SSD,0,Small,Low-end,Other,2.5,512
Asus,106711.5,Intel,No,4,4,1.1,LCD,Intel,256 GB SSD,0,Small,Entry-level,Low-End,1.0,256
Asus,311465.0,AMD,Yes,16,5,4.7,LCD,NVIDIA,512 GB SSD,0,Large,Mid-end,High-End,4.5,512
Asus,601965.0,Intel,No,16,5,2.3,LCD,NVIDIA,512 GB SSD,0,Small,Mid-end,Other,2.5,512
Msi,321965.0,Intel,No,8,5,3.1,LCD,NVIDIA,512 GB SSD,0,Large,Mid-end,Other,3.0,512
Asus,238248.5,Intel,Yes,8,4,2.5,LED,NVIDIA,512 GB SSD,0,Large,Mid-end,Other,2.5,512
Asus,360465.0,Intel,Yes,16,4,2.5,LED,NVIDIA,1024 GB SSD,0,Large,Mid-end,Other,2.5,1024
Samsung,573965.0,Intel,No,16,4,2.2,LED,Intel,512 GB SSD,0,Large,Low-end,Other,2.0,512
Lenovo,286965.0,Intel,No,16,4,3.4,LCD,Intel,512 GB SSD,0,Small,Low-end,Other,3.5,512
Hp,132965.0,AMD,No,8,5,4.0,LCD,AMD,512 GB SSD,0,Small,Low-end,Low-End,4.0,512
Samsung,545965.0,Intel,No,16,4,1.9,LED,Intel,512 GB SSD,0,Large,Low-end,Other,2.0,512
Lenovo,244965.0,AMD,Yes,16,4,2.0,LCD,AMD,512 GB SSD,0,Small,Entry-level,High-End,2.0,512
Hp,230615.0,Intel,No,16,4,4.7,LCD,NVIDIA,512 GB SSD,0,Large,Low-end,Other,4.5,512
Msi,297465.0,Intel,Yes,16,5,4.7,LCD,NVIDIA,1024 GB SSD,0,Large,Mid-end,Other,4.5,1024
Asus,262465.0,Intel,Yes,16,4,2.6,LED,Intel,512 GB SSD,0,Large,Low-end,Other,2.5,512
Asus,248636.5,Intel,No,16,5,2.0,LED,NVIDIA,512 GB SSD,0,Large,Mid-end,Other,2.0,512
Dell,137550.0,Intel,No,8,4,4.2,LCD,Intel,512 GB SSD,0,Large,Entry-level,Other,4.0,512
Asus,265965.0,Intel,No,16,4,2.0,LED,NVIDIA,512 GB SSD,0,Small,Mid-end,Other,2.0,512
Dell,148393.0,Intel,Yes,8,4,1.7,LCD,Intel,256 GB SSD,0,Small,Entry-level,Other,1.5,256
Asus,279965.0,Intel,No,16,4,2.6,LED,NVIDIA,512 GB SSD,0,Small,Mid-end,Other,2.5,512
Lenovo,178496.5,Intel,Yes,8,4,4.2,LCD,Intel,512 GB SSD,0,Small,Low-end,Other,4.0,512
Msi,220465.0,Intel,No,16,4,2.7385892116182573,LED,Intel,512 GB SSD,0,Small,Low-end,Other,2.5,512
Lenovo,129465.0,Intel,Yes,8,4,3.0,LCD,Intel,256 GB SSD,0,Large,Entry-level,Other,3.0,256
Asus,265825.0,Intel,No,16,4,2.6,LCD,NVIDIA,512 GB SSD,0,Large,Mid-end,Other,2.5,512
Asus,440965.0,Intel,No,16,5,4.8,LCD,NVIDIA,1024 GB SSD,0,Large,Mid-end,Other,5.0,1024
Lenovo,286965.0,Intel,No,16,5,2.6,LED,Intel,512 GB SSD,0,Small,Low-end,Other,2.5,512
Hp,298900.0,AMD,Yes,16,5,4.7,LCD,AMD,1024 GB SSD,0,Small,Entry-level,High-End,4.5,1024
Dell,129465.0,AMD,Yes,8,4,2.6,LCD,AMD,256 GB SSD,0,Large,Entry-level,Low-End,2.5,256
Lenovo,328965.0,Intel,Yes,16,4,1.7,LCD,Intel,512 GB SSD,0,Small,Low-end,Other,1.5,512
Lenovo,115465.0,Intel,No,8,4,1.2,LED,Intel,256 GB SSD,0,Large,Entry-level,Other,1.0,256
Hp,262150.0,Intel,No,16,4,2.7,LCD,Intel,1024 GB SSD,0,Small,Low-end,Other,2.5,1024
Other,261065.0,Intel,No,16,4,2.4,LCD,Intel,512 GB SSD,0,Small,Low-end,Other,2.5,512
Asus,118296.5,AMD,Yes,8,5,2.4,LCD,AMD,512 GB SSD,0,Small,Entry-level,Low-End,2.5,512
Asus,187565.0,AMD,Yes,16,4,4.0,LCD,NVIDIA,512 GB SSD,0,Large,Mid-end,Mid-End,4.0,512
Asus,173215.0,Intel,No,16,4,1.0,LCD,Intel,512 GB SSD,0,Small,Entry-level,Other,1.0,512
Lenovo,259665.0,AMD,No,16,4,2.0,LCD,AMD,512 GB SSD,0,Small,Entry-level,Mid-End,2.0,512
Asus,169365.0,Intel,No,8,4,1.7,LCD,Intel,512 GB SSD,0,Large,Low-end,Other,1.5,512
Acer,248465.0,Intel,Yes,16,5,2.7385892116182573,LCD,NVIDIA,512 GB SSD,0,Large,Mid-end,Other,2.5,512
Acer,248465.0,Intel,Yes,16,5,2.7385892116182573,LCD,NVIDIA,512 GB SSD,0,Large,Mid-end,Other,2.5,512
Asus,132996.5,Intel,No,4,4,4.0,LED,Intel,256 GB SSD,0,Large,Entry-level,Other,4.0,256
Lenovo,178496.5,Intel,Yes,8,4,2.1,LCD,Intel,256 GB SSD,0,Small,Entry-level,Other,2.0,256
Acer,157465.0,Intel,No,16,4,2.7385892116182573,LCD,Intel,512 GB SSD,0,Large,Low-end,Other,2.5,512
Lenovo,159215.0,Intel,No,8,4,2.4,LED,Intel,256 GB SSD,0,Small,Low-end,Other,2.5,256
Asus,202965.0,Intel,No,8,4,2.4,LCD,NVIDIA,256 GB SSD,1024,Large,Mid-end,Other,2.5,256
Hp,472528.0,AMD,No,8,4,2.0,LED,AMD,512 GB SSD,0,Large,Low-end,Mid-End,2.0,512
Acer,150465.0,Intel,Yes,8,5,4.2,LCD,Intel,512 GB SSD,0,Large,Low-end,Other,4.0,512
Lenovo,118965.0,Intel,No,4,4,3.0,LED,Intel,256 GB SSD,0,Large,Entry-level,Other,3.0,256
Hp,316715.0,Intel,No,16,4,4.2,LED,Intel,512 GB SSD,0,Large,Low-end,Other,4.0,512
Dell,367465.0,AMD,Yes,16,4,3.3,LCD,NVIDIA,512 GB SSD,0,Large,Mid-end,High-End,3.5,512
Hp,505750.0,Intel,No,16,4,4.7,LED,Intel,512 GB SSD,0,Small,Low-end,Other,4.5,512
Msi,262465.0,Intel,No,16,4,4.7,LCD,NVIDIA,512 GB SSD,0,Large,Mid-end,Other,4.5,512
Dell,229250.0,Intel,Yes,8,4,2.8,LCD,NVIDIA,256 GB SSD,1024,Large,Low-end,Other,3.0,256
Acer,134715.0,Intel,No,8,5,4.2,LCD,Intel,512 GB SSD,0,Large,Entry-level,Other,4.0,512
Lenovo,115465.0,Intel,No,4,4,1.2,LED,Intel,256 GB SSD,0,Large,Entry-level,Other,1.0,256
Asus,335996.5,AMD,No,16,4,1.8,LED,AMD,512 GB SSD,0,Small,Entry-level,High-End,2.0,512
Hp,438900.0,AMD,Yes,16,5,4.7,LCD,NVIDIA,512 GB SSD,0,Large,Mid-end,High-End,4.5,512
Other,349965.0,Intel,Yes,8,5,4.2,LCD,Intel,256 GB SSD,0,Small,Entry-level,Other,4.0,256
Asus,216965.0,Intel,No,8,4,2.0,LCD,NVIDIA,512 GB SSD,0,Large,Mid-end,Other,2.0,512
Other,64620.5,Intel,No,4,4,1.1,LCD,Intel,128 GB SSD,0,Small,Entry-level,Low-End,1.0,128
Asus,122465.0,Intel,No,8,4,1.2,LCD,Intel,512 GB SSD,0,Large,Entry-level,Other,1.0,512
Dell,223996.5,Intel,Yes,16,4,2.7385892116182573,LED,NVIDIA,512 GB SSD,0,Large,Low-end,Other,2.5,512
Dell,314965.0,Intel,No,16,5,3.4,LCD,Intel,512 GB SSD,0,Small,Entry-level,Other,3.5,512
Hp,152246.5,Intel,No,4,4,1.2,LED,Intel,No SSD,1024,Large,Entry-level,Other,1.0,0
Dell,174965.0,Intel,No,8,4,2.4,LCD,Intel,512 GB SSD,0,Large,Entry-level,Other,2.5,512
Lenovo,272965.0,AMD,Yes,16,4,1.8,LCD,AMD,512 GB SSD,0,Small,Entry-level,High-End,2.0,512
Asus,598465.0,Intel,Yes,16,5,4.8,LCD,NVIDIA,1024 GB SSD,0,Large,Mid-end,Other,5.0,1024
Hp,309400.0,AMD,No,16,4,2.0,LED,AMD,512 GB SSD,0,Small,Entry-level,High-End,2.0,512
Dell,153965.0,Intel,No,8,4,2.7385892116182573,LED,Intel,512 GB SSD,0,Large,Entry-level,Other,2.5,512
Asus,311465.0,Intel,Yes,16,5,1.3,LED,Intel,512 GB SSD,0,Small,Entry-level,Other,1.5,512
Asus,402500.0,AMD,No,16,5,3.3,LED,NVIDIA,1024 GB SSD,0,Large,Mid-end,High-End,3.5,1024
Other,279965.0,Intel,No,16,5,2.1,LCD,NVIDIA,512 GB SSD,0,Large,Mid-end,Other,2.0,512
Other,349965.0,Intel,Yes,8,5,4.2,LCD,Intel,256 GB SSD,0,Small,Entry-level,Other,4.0,256
Dell,117246.5,Intel,No,16,4,4.2,LED,Intel,256 GB SSD,1024,Large,Entry-level,Other,4.0,256
Msi,220496.5,Intel,No,8,4,4.8,LCD,NVIDIA,512 GB SSD,0,Small,Low-end,Other,5.0,512
Hp,124418.0,Intel,No,8,4,1.7,LCD,Intel,512 GB SSD,0,Large,Entry-level,Other,1.5,512
Samsung,339465.0,Intel,No,16,4,2.7385892116182573,LED,Intel,512 GB SSD,0,Large,Low-end,Other,2.5,512
Samsung,489965.0,Intel,No,16,4,2.2,LED,Intel,512 GB SSD,0,Small,Low-end,Other,2.0,512
Samsung,580965.0,Intel,No,16,4,2.2,LED,Intel,1024 GB SSD,0,Large,Low-end,Other,2.0,1024
Samsung,332430.0,Intel,No,16,4,1.9,LED,Intel,512 GB SSD,0,Small,Low-end,Other,2.0,512
Samsung,545965.0,Intel,No,16,4,2.2,LED,Intel,1024 GB SSD,0,Small,Low-end,Other,2.0,1024
Asus,241500.0,AMD,No,8,4,3.3,LCD,AMD,512 GB SSD,0,Small,Entry-level,Mid-End,3.5,512
Hp,447646.5,Intel,No,16,5,4.7,LCD,NVIDIA,1024 GB SSD,0,Large,High-end,Other,4.5,1024
Asus,304465.0,Intel,No,8,3,1.6,LED,Intel,512 GB SSD,0,Small,Entry-level,Other,1.5,512
Asus,601965.0,AMD,Yes,16,5,4.7,LCD,NVIDIA,1024 GB SSD,0,Large,Mid-end,High-End,4.5,1024
Dell,304573.5,AMD,No,16,5,4.7,LCD,NVIDIA,512 GB SSD,0,Large,Mid-end,High-End,4.5,512
Asus,530915.0,AMD,No,16,5,3.3,LCD,NVIDIA,1024 GB SSD,0,Large,Mid-end,High-End,3.5,1024
Lenovo,243215.0,Intel,Yes,16,5,2.1,LED,Intel,512 GB SSD,0,Small,Entry-level,Other,2.0,512
Dell,234465.0,Intel,No,8,4,1.6,LED,Intel,256 GB SSD,0,Small,Entry-level,Other,1.5,256
Lenovo,390215.0,Intel,Yes,16,5,2.2,LED,Intel,512 GB SSD,0,Small,Low-end,Other,2.0,512
Dell,316746.5,AMD,No,16,4,4.2,LCD,NVIDIA,512 GB SSD,0,Large,Mid-end,High-End,4.0,512
Asus,636965.0,Intel,No,16,5,2.5,LCD,NVIDIA,1024 GB SSD,0,Small,Mid-end,Other,2.5,1024
Asus,122465.0,Intel,No,4,4,2.1,LED,Intel,No SSD,1024,Small,Entry-level,Other,2.0,0
Acer,173775.0,Intel,Yes,8,4,2.4,LCD,Intel,512 GB SSD,0,Large,Low-end,Other,2.5,512
Lenovo,314965.0,Intel,Yes,16,5,1.9,LED,Intel,1024 GB SSD,0,Small,Low-end,Other,2.0,1024
Other,279965.0,Intel,No,8,5,3.4,LCD,Intel,256 GB SSD,0,Small,Low-end,Other,3.5,256
Lenovo,122465.0,AMD,Yes,8,4,3.4,LCD,AMD,512 GB SSD,0,Large,Entry-level,Mid-End,3.5,512
Asus,384965.0,Intel,Yes,16,5,1.7,LED,Intel,1024 GB SSD,0,Small,Low-end,Other,1.5,1024
Dell,174965.0,Intel,Yes,8,4,2.4,LCD,Intel,512 GB SSD,0,Large,Entry-level,Other,2.5,512
Other,150465.0,Intel,No,16,4,4.8,LCD,Intel,1024 GB SSD,0,Large,Low-end,Other,5.0,1024
Msi,155746.5,Intel,Yes,8,4,4.2,LCD,Intel,512 GB SSD,0,Small,Low-end,Other,4.0,512
Dell,143430.0,Intel,Yes,8,4,3.3,LCD,Intel,512 GB SSD,0,Large,Entry-level,Other,3.5,512
Asus,131596.5,Intel,No,8,4,3.0,LED,Intel,No SSD,1024,Large,Entry-level,Other,3.0,0
Lenovo,118965.0,Intel,No,4,4,1.2,LED,Intel,256 GB SSD,0,Large,Entry-level,Other,1.0,256
Dell,874965.0,Intel,No,32,4,2.0,LED,NVIDIA,1024 GB SSD,0,Large,Mid-end,Other,2.0,1024
Asus,587965.0,AMD,No,16,5,4.7,LCD,AMD,1024 GB SSD,0,Small,High-end,High-End,4.5,1024
Acer,139996.5,Intel,Yes,8,4,1.1,LCD,Intel,128 GB SSD,0,Small,Entry-level,Low-End,1.0,128
Dell,259665.0,Intel,No,8,4,4.8,LCD,Intel,512 GB SSD,0,Small,Entry-level,Other,5.0,512
Asus,1154965.0,Intel,No,16,5,1.1,LED,Intel,1024 GB SSD,0,Large,Low-end,Other,1.0,1024
Asus,419965.0,Intel,Yes,16,5,2.3,LCD,NVIDIA,1024 GB SSD,0,Large,Mid-end,Other,2.5,1024
Dell,150465.0,Intel,Yes,8,4,3.0,LCD,Intel,256 GB SSD,1024,Large,Entry-level,Other,3.0,256
Dell,360465.0,Intel,Yes,16,4,2.3,LCD,NVIDIA,512 GB SSD,0,Large,Mid-end,Other,2.5,512
Asus,227465.0,AMD,Yes,16,5,3.1,LCD,NVIDIA,512 GB SSD,0,Large,Mid-end,High-End,3.0,512
Hp,202996.5,AMD,No,8,5,4.7,LCD,NVIDIA,512 GB SSD,0,Large,Mid-end,Mid-End,4.5,512
Dell,197365.0,Intel,Yes,8,4,3.3,LCD,NVIDIA,512 GB SSD,0,Large,Low-end,Other,3.5,512
Asus,336000.0,Intel,No,16,4,2.3,LED,Intel,512 GB SSD,0,Large,Low-end,Other,2.5,512
Asus,367062.5,Intel,No,16,4,2.3,LCD,Intel,512 GB SSD,0,Large,Low-end,Other,2.5,512
Hp,404246.5,Intel,Yes,8,4,2.7385892116182573,LCD,Intel,512 GB SSD,0,Small,Entry-level,Other,2.5,512
Apple,1224650.0,Apple,No,32,5,3.49,LCD,Apple,1024 GB SSD,0,Large,High-end,Apple M-series,3.5,1024
Asus,244688.5,Intel,No,8,3,1.6,LED,Intel,512 GB SSD,0,Small,Entry-level,Other,1.5,512
Asus,539000.0,AMD,No,16,4,3.1,LCD,NVIDIA,1024 GB SSD,0,Large,Mid-end,High-End,3.0,1024
Dell,239746.5,Intel,Yes,16,4,4.7,LCD,NVIDIA,512 GB SSD,0,Large,Mid-end,Other,4.5,512
Asus,367465.0,AMD,No,16,4,2.0,LED,AMD,1024 GB SSD,0,Small,Entry-level,High-End,2.0,1024
Hp,598465.0,Intel,No,16,5,4.7,LCD,NVIDIA,1024 GB SSD,0,Large,High-end,Other,4.5,1024
Hp,360710.0,Intel,Yes,16,4,4.7,LCD,NVIDIA,512 GB SSD,0,Large,Mid-end,Other,4.5,512
Dell,216825.0,Intel,Yes,8,4,2.5,LCD,Intel,512 GB SSD,0,Small,Low-end,Other,2.5,512
Asus,402465.0,AMD,No,16,5,2.7,LED,AMD,1024 GB SSD,0,Small,Entry-level,High-End,2.5,1024
Asus,77350.0,Intel,No,4,4,1.1,LCD,Intel,256 GB SSD,0,Small,Entry-level,Low-End,1.0,256
Acer,111965.0,AMD,No,8,4,3.4,LED,AMD,512 GB SSD,0,Large,Entry-level,Low-End,3.5,512
Hp,128796.5,AMD,Yes,8,4,2.1,LCD,AMD,512 GB SSD,0,Large,Low-end,Mid-End,2.0,512
Asus,206465.0,AMD,No,16,4,4.2,LED,AMD,1024 GB SSD,0,Large,Entry-level,Mid-End,4.0,1024
Asus,136815.0,AMD,Yes,8,5,4.2,LCD,AMD,512 GB SSD,0,Small,Entry-level,Mid-End,4.0,512
Hp,271250.0,AMD,Yes,16,5,4.7,LCD,AMD,1024 GB SSD,0,Small,Entry-level,High-End,4.5,1024
Other,570465.0,Intel,No,16,5,4.7,LCD,Intel,256 GB SSD,0,Small,Low-end,Other,4.5,256
Asus,145250.0,AMD,No,4,4,2.1,LED,AMD,256 GB SSD,0,Large,Low-end,Mid-End,2.0,256
Lenovo,475996.5,Intel,No,8,4,2.6,LED,NVIDIA,256 GB SSD,1024,Large,Mid-end,Other,2.5,256
Hp,469315.0,Intel,Yes,16,4,2.7,LCD,NVIDIA,1024 GB SSD,0,Large,Mid-end,Other,2.5,1024
Dell,284865.0,Intel,No,16,5,4.8,LCD,Intel,512 GB SSD,0,Small,Low-end,Other,5.0,512
Hp,582746.5,Intel,No,16,4,2.7385892116182573,LED,NVIDIA,1024 GB SSD,0,Large,High-end,Other,2.5,1024
Asus,752500.0,AMD,Yes,16,5,4.8,LCD,NVIDIA,1024 GB SSD,0,Large,High-end,High-End,5.0,1024
Hp,507496.5,Intel,No,32,4,4.8,LED,Intel,1024 GB SSD,0,Small,Low-end,Other,5.0,1024
Dell,199496.5,Intel,Yes,8,5,3.4,LCD,Intel,512 GB SSD,0,Small,Low-end,Other,3.5,512
Other,311391.5,Intel,Yes,8,5,4.2,LCD,Intel,256 GB SSD,0,Small,Low-end,Other,4.0,256
Lenovo,167965.0,Intel,Yes,8,4,1.3,LCD,Intel,512 GB SSD,0,Small,Entry-level,Other,1.5,512
Asus,244996.5,Intel,No,16,4,1.7,LCD,Intel,512 GB SSD,0,Large,Low-end,Other,1.5,512
Lenovo,97615.0,Intel,No,8,4,1.1,LCD,Intel,256 GB SSD,0,Large,Entry-level,Low-End,1.0,256
Hp,319375.0,Intel,No,16,4,4.7,LCD,Intel,512 GB SSD,0,Small,Low-end,Other,4.5,512
Lenovo,115465.0,Intel,Yes,8,4,3.0,LCD,Intel,512 GB SSD,0,Large,Entry-level,Other,3.0,512
Asus,127225.0,Intel,No,8,4,3.0,LCD,Intel,256 GB SSD,0,Large,Entry-level,Other,3.0,256
Acer,349965.0,AMD,No,16,4,2.4,LCD,NVIDIA,1024 GB SSD,0,Small,Mid-end,High-End,2.5,1024
Asus,115150.0,AMD,Yes,8,5,4.0,LCD,AMD,512 GB SSD,0,Small,Entry-level,Low-End,4.0,512
Hp,260466.5,Intel,No,8,4,1.1,LED,Intel,512 GB SSD,0,Small,Low-end,Other,1.0,512
Dell,464765.0,Intel,Yes,16,5,4.0,LCD,NVIDIA,1024 GB SSD,0,Large,High-end,Other,4.0,1024
Other,230965.0,Intel,No,8,4,2.5,LCD,NVIDIA,512 GB SSD,0,Large,Mid-end,Other,2.5,512
Acer,332496.5,Intel,Yes,16,5,2.7385892116182573,LCD,NVIDIA,512 GB SSD,0,Large,Mid-end,Other,2.5,512
Asus,412965.0,Intel,Yes,16,5,2.2,LED,Intel,512 GB SSD,0,Small,Low-end,Other,2.0,512
Hp,381150.0,Intel,No,16,4,4.7,LED,Intel,512 GB SSD,0,Large,Low-end,Other,4.5,512
Hp,594996.5,Intel,Yes,16,5,4.7,LCD,NVIDIA,1024 GB SSD,0,Large,Mid-end,Other,4.5,1024
Asus,307965.0,Intel,Yes,16,5,4.7,LED,Intel,512 GB SSD,0,Small,Low-end,Other,4.5,512
Msi,320565.0,Intel,Yes,16,4,4.7,LCD,NVIDIA,512 GB SSD,0,Large,Mid-end,Other,4.5,512
Msi,332465.0,AMD,Yes,16,5,4.7,LCD,NVIDIA,1024 GB SSD,0,Large,Mid-end,High-End,4.5,1024
Asus,207865.0,AMD,No,8,4,4.2,LCD,AMD,512 GB SSD,0,Small,Entry-level,Mid-End,4.0,512
Dell,374465.0,Intel,Yes,16,5,3.4,LCD,NVIDIA,512 GB SSD,0,Large,Mid-end,Other,3.5,512
Dell,343000.0,Intel,No,16,4,4.7,LCD,NVIDIA,512 GB SSD,0,Large,Low-end,Other,4.5,512
Asus,309715.0,AMD,Yes,16,5,4.7,LCD,NVIDIA,1024 GB SSD,0,Large,Mid-end,High-End,4.5,1024
Lenovo,320250.0,Intel,No,16,4,2.8,LCD,Intel,512 GB SSD,0,Large,Low-end,Other,3.0,512
Other,675465.0,Intel,No,16,5,4.7,LCD,Intel,512 GB SSD,0,Small,Low-end,Other,4.5,512
Lenovo,194946.5,Intel,No,4,4,2.5,LED,NVIDIA,No SSD,1024,Small,Low-end,Other,2.5,0
Hp,92715.0,AMD,No,8,4,2.6,LCD,AMD,512 GB SSD,0,Small,Entry-level,Low-End,2.5,512
Asus,335615.0,Intel,No,16,4,4.2,LED,NVIDIA,1024 GB SSD,0,Small,Mid-end,Other,4.0,1024
Asus,216965.0,Intel,No,8,4,2.4,LED,Intel,256 GB SSD,1024,Large,Entry-level,Other,2.5,256
Lenovo,783996.5,Intel,Yes,16,4,2.8,LCD,Intel,1024 GB SSD,0,Small,Entry-level,Other,3.0,1024
Lenovo,250071.5,Intel,Yes,8,4,4.2,LCD,Intel,512 GB SSD,0,Small,Entry-level,Other,4.0,512
Other,721875.0,Intel,Yes,16,4,2.3,LCD,NVIDIA,1024 GB SSD,0,Large,Mid-end,Other,2.5,1024
Dell,594965.0,Intel,Yes,16,5,3.4,LCD,NVIDIA,512 GB SSD,0,Small,Mid-end,Other,3.5,512
Asus,230965.0,Intel,No,8,4,2.2,LCD,NVIDIA,512 GB SSD,0,Large,Mid-end,Other,2.0,512
Acer,119000.0,Intel,No,4,4,2.7385892116182573,LCD,Intel,No SSD,1024,Large,Entry-level,Other,2.5,0
Other,360465.0,Intel,No,8,5,4.2,LCD,Intel,128 GB SSD,0,Small,Low-end,Other,4.0,128
Dell,251615.0,Intel,Yes,8,4,2.4,LCD,NVIDIA,512 GB SSD,0,Large,Mid-end,Other,2.5,512
Asus,419965.0,AMD,No,16,5,4.7,LCD,AMD,1024 GB SSD,0,Small,High-end,High-End,4.5,1024
Lenovo,111996.5,Intel,No,8,4,3.0,LCD,Intel,256 GB SSD,0,Small,Entry-level,Other,3.0,256
Hp,320250.0,Intel,No,16,4,4.7,LCD,NVIDIA,1024 GB SSD,0,Large,Mid-end,Other,4.5,1024
Lenovo,192325.0,Intel,Yes,16,4,3.1,LCD,NVIDIA,512 GB SSD,0,Large,Mid-end,Other,3.0,512
Msi,143465.0,Intel,No,16,4,2.5,LCD,Intel,512 GB SSD,0,Small,Low-end,Other,2.5,512
Asus,227465.0,Intel,No,16,4,4.7,LED,Intel,512 GB SSD,0,Large,Low-end,Other,4.5,512
Acer,370996.5,AMD,Yes,16,4,3.3,LCD,NVIDIA,512 GB SSD,1024,Large,Mid-end,Mid-End,3.5,512
Asus,385000.0,AMD,No,16,5,2.9,LED,AMD,512 GB SSD,0,Small,Entry-level,Mid-End,3.0,512
Other,640465.0,Intel,No,16,5,4.7,LCD,Intel,512 GB SSD,0,Small,Low-end,Other,4.5,512
Hp,355491.5,AMD,No,8,4,4.7,LCD,AMD,512 GB SSD,0,Small,Entry-level,High-End,4.5,512
Asus,337750.0,Intel,No,16,5,2.7385892116182573,LED,NVIDIA,512 GB SSD,0,Large,Mid-end,Other,2.5,512
Asus,279965.0,AMD,No,16,5,4.2,LCD,AMD,512 GB SSD,0,Small,Entry-level,High-End,4.0,512
Asus,612500.0,AMD,Yes,16,5,4.8,LCD,NVIDIA,1024 GB SSD,0,Large,Mid-end,High-End,5.0,1024
Asus,220465.0,Intel,No,16,4,4.7,LED,Intel,512 GB SSD,0,Large,Entry-level,Other,4.5,512
Hp,124635.0,Intel,Yes,8,4,4.0,LCD,Intel,512 GB SSD,0,Small,Entry-level,Other,4.0,512
Hp,223965.0,Intel,No,16,4,2.5,LED,NVIDIA,512 GB SSD,0,Large,Mid-end,Other,2.5,512
Acer,174965.0,AMD,Yes,8,4,2.0,LCD,AMD,512 GB SSD,0,Small,Entry-level,Mid-End,2.0,512
Dell,343000.0,Intel,Yes,16,4,2.8,LCD,Intel,512 GB SSD,0,Large,Entry-level,Other,3.0,512
Hp,509215.0,Intel,No,16,4,4.7,LCD,Intel,512 GB SSD,0,Large,Low-end,Other,4.5,512
Lenovo,500465.0,AMD,No,16,4,4.2,LCD,NVIDIA,1024 GB SSD,0,Large,Mid-end,High-End,4.0,1024
Lenovo,304496.5,Intel,No,16,4,2.7385892116182573,LED,Intel,512 GB SSD,0,Small,Low-end,Other,2.5,512
Asus,244965.0,Intel,No,16,4,2.6,LCD,NVIDIA,512 GB SSD,0,Small,Mid-end,Other,2.5,512
Asus,437482.5,Intel,No,16,5,2.3,LCD,NVIDIA,512 GB SSD,0,Large,Mid-end,Other,2.5,512
Asus,734965.0,AMD,Yes,16,5,4.8,LCD,NVIDIA,1024 GB SSD,0,Large,Mid-end,High-End,5.0,1024
Msi,262465.0,Intel,Yes,8,4,4.2,LCD,NVIDIA,512 GB SSD,0,Large,Mid-end,Other,4.0,512
Hp,531965.0,Intel,No,16,5,4.8,LCD,NVIDIA,512 GB SSD,0,Large,Mid-end,Other,5.0,512
Asus,332360.0,Intel,Yes,8,3,2.7,LCD,Intel,512 GB SSD,0,Small,Entry-level,Other,2.5,512
Dell,384965.0,Intel,No,8,4,2.6,LCD,NVIDIA,512 GB SSD,0,Large,Mid-end,Other,2.5,512
Other,447965.0,Intel,No,16,4,2.2,LCD,Intel,256 GB SSD,0,Small,Low-end,Other,2.0,256
Dell,181965.0,Intel,Yes,8,4,2.4,LCD,Intel,512 GB SSD,0,Large,Entry-level,Other,2.5,512
Lenovo,187481.0,AMD,Yes,16,4,2.3,LCD,AMD,512 GB SSD,0,Small,Entry-level,Mid-End,2.5,512
Lenovo,451496.5,Intel,No,16,4,3.0,LED,Intel,1024 GB SSD,0,Small,Low-end,Other,3.0,1024
Lenovo,247100.0,Intel,Yes,16,4,3.3,LCD,Intel,512 GB SSD,0,Large,Low-end,Other,3.5,512
Lenovo,614915.0,Intel,Yes,16,5,3.4,LED,Intel,1024 GB SSD,0,Small,Low-end,Other,3.5,1024
Hp,265650.0,Intel,Yes,8,4,4.2,LCD,Intel,512 GB SSD,0,Small,Low-end,Other,4.0,512
Other,581696.5,Intel,No,16,4,2.3,LCD,NVIDIA,1024 GB SSD,0,Large,High-end,Other,2.5,1024
Hp,531965.0,Intel,No,16,4,4.7,LED,Intel,1024 GB SSD,0,Small,Low-end,Other,4.5,1024
Other,916965.0,Intel,No,32,5,4.7,LCD,Intel,1024 GB SSD,0,Small,Low-end,Other,4.5,1024
Hp,202646.5,Intel,Yes,8,4,4.2,LCD,Intel,512 GB SSD,0,Large,Entry-level,Other,4.0,512
Lenovo,153965.0,Intel,Yes,8,5,4.2,LCD,Intel,512 GB SSD,0,Small,Entry-level,Other,4.0,512
Dell,241258.5,AMD,No,16,4,3.5710437710437706,LCD,AMD,512 GB SSD,0,Small,Entry-level,High-End,3.5,512
Lenovo,279965.0,Intel,Yes,16,5,3.4,LED,Intel,512 GB SSD,0,Small,Low-end,Other,3.5,512
Msi,438861.5,Intel,No,16,5,4.8,LCD,Intel,1024 GB SSD,0,Large,Low-end,Other,5.0,1024
Asus,332150.0,AMD,No,16,4,3.5710437710437706,LED,NVIDIA,1024 GB SSD,0,Small,Mid-end,High-End,3.5,1024
Lenovo,605465.0,Intel,Yes,32,5,1.5,LCD,NVIDIA,1024 GB SSD,0,Large,High-end,Other,1.5,1024
Asus,507465.0,Intel,No,16,5,2.3,LED,Intel,1024 GB SSD,0,Small,Low-end,Other,2.5,1024
Msi,132965.0,Intel,Yes,8,4,4.2,LCD,Intel,512 GB SSD,0,Small,Entry-level,Other,4.0,512
Asus,220430.0,Intel,Yes,16,4,1.7,LCD,Intel,512 GB SSD,0,Large,Entry-level,Other,1.5,512
Asus,99627.5,Intel,No,4,4,2.8,LCD,Intel,256 GB SSD,0,Small,Entry-level,Low-End,3.0,256
Other,524965.0,Intel,Yes,16,4,4.0,LCD,NVIDIA,1024 GB SSD,0,Small,Low-end,Other,4.0,1024
Hp,195996.5,AMD,Yes,8,4,4.2,LCD,NVIDIA,512 GB SSD,0,Large,Mid-end,Mid-End,4.0,512
Asus,283465.0,AMD,Yes,8,4,2.9,LCD,NVIDIA,1024 GB SSD,0,Large,Mid-end,High-End,3.0,1024
Dell,594965.0,Intel,No,16,5,3.4,LCD,Intel,1024 GB SSD,0,Small,Low-end,Other,3.5,1024
Msi,630000.0,Intel,Yes,16,4,2.6,LED,NVIDIA,512 GB SSD,1024,Large,High-end,Other,2.5,512
Hp,131250.0,Intel,No,8,4,4.0,LED,Intel,256 GB SSD,0,Small,Entry-level,Other,4.0,256
Asus,125965.0,Intel,No,16,4,3.0,LCD,Intel,512 GB SSD,0,Large,Entry-level,Other,3.0,512
Acer,305224.5,Intel,No,8,3,1.3,LED,Intel,256 GB SSD,0,Small,Entry-level,Other,1.5,256
Other,97965.0,Intel,No,8,4,1.2,LCD,Intel,256 GB SSD,0,Large,Entry-level,Other,1.0,256
Hp,140875.0,Intel,Yes,16,4,0.8,LCD,Intel,512 GB SSD,0,Large,Entry-level,Other,1.0,512
Hp,258965.0,Intel,No,16,4,4.7,LCD,NVIDIA,512 GB SSD,0,Large,Low-end,Other,4.5,512
Asus,125965.0,AMD,No,8,5,2.4,LCD,AMD,512 GB SSD,0,Large,Entry-level,Low-End,2.5,512
Asus,188965.0,Intel,No,16,4,2.9,LCD,NVIDIA,512 GB SSD,0,Large,Mid-end,Other,3.0,512
Samsung,188965.0,Intel,Yes,16,4,4.2,LED,Intel,512 GB SSD,0,Large,Low-end,Other,4.0,512
Asus,125965.0,AMD,No,8,5,4.0,LCD,AMD,512 GB SSD,0,Large,Entry-level,Low-End,4.0,512
Hp,129465.0,Intel,Yes,8,4,0.8,LCD,Intel,512 GB SSD,0,Large,Entry-level,Other,1.0,512
Lenovo,173215.0,Intel,Yes,8,4,2.3,LED,NVIDIA,No SSD,1024,Large,Entry-level,Other,2.5,0
Asus,146965.0,Intel,No,16,4,1.2,LCD,Intel,512 GB SSD,0,Large,Entry-level,Other,1.0,512
Asus,167965.0,AMD,No,8,4,4.0,LCD,AMD,256 GB SSD,1024,Large,Entry-level,Mid-End,4.0,256
Asus,110250.0,Intel,Yes,8,4,1.7,LCD,Intel,256 GB SSD,0,Large,Entry-level,Other,1.5,256
Asus,132965.0,Intel,Yes,8,4,1.2,LCD,Intel,512 GB SSD,0,Large,Entry-level,Other,1.0,512
Other,101465.0,Intel,No,8,4,2.5,LCD,Intel,512 GB SSD,0,Large,Entry-level,Other,2.5,512
Asus,69965.0,Intel,No,4,4,2.8,LCD,Intel,256 GB SSD,0,Large,Entry-level,Low-End,3.0,256
Other,104965.0,Intel,Yes,8,4,4.0,LCD,Intel,512 GB SSD,0,Small,Entry-level,Other,4.0,512
Msi,183715.0,Intel,No,16,4,3.3,LCD,Intel,512 GB SSD,0,Large,Mid-end,Other,3.5,512
Asus,122465.0,Intel,Yes,8,4,1.8,LCD,Intel,512 GB SSD,0,Small,Entry-level,Other,2.0,512
Lenovo,244965.0,AMD,Yes,16,5,3.1,LCD,NVIDIA,512 GB SSD,0,Large,Mid-end,High-End,3.0,512
Hp,241465.0,Intel,Yes,16,4,4.2,LCD,Intel,512 GB SSD,0,Large,Low-end,Other,4.0,512
Other,185465.0,Intel,No,16,4,4.2,LCD,Intel,512 GB SSD,0,Large,Low-end,Other,4.0,512
Asus,290496.5,Intel,Yes,16,4,2.3,LCD,NVIDIA,1024 GB SSD,0,Large,Mid-end,Other,2.5,1024
Other,101465.0,Intel,No,8,4,4.7,LCD,Intel,512 GB SSD,0,Large,Low-end,Other,4.5,512
Asus,272650.0,AMD,Yes,16,4,4.2,LCD,NVIDIA,512 GB SSD,0,Large,Mid-end,High-End,4.0,512
Msi,205065.0,Intel,No,16,4,4.2,LCD,NVIDIA,512 GB SSD,0,Large,Mid-end,Other,4.0,512
Lenovo,199465.0,Intel,Yes,16,5,2.0,LCD,Intel,512 GB SSD,0,Large,Entry-level,Other,2.0,512
Asus,209965.0,Intel,Yes,8,4,2.7,LCD,NVIDIA,512 GB SSD,0,Large,Mid-end,Other,2.5,512
Asus,213465.0,AMD,No,16,4,3.1,LCD,NVIDIA,512 GB SSD,0,Large,Mid-end,High-End,3.0,512
Hp,230965.0,AMD,Yes,8,5,3.3,LCD,NVIDIA,512 GB SSD,0,Large,Mid-end,Mid-End,3.5,512
Asus,174965.0,AMD,No,16,4,2.0,LCD,AMD,512 GB SSD,0,Large,Entry-level,Mid-End,2.0,512
Hp,140462.0,Intel,Yes,8,4,4.2,LCD,Intel,512 GB SSD,0,Large,Entry-level,Other,4.0,512
Hp,305550.0,Intel,No,16,4,3.4,LCD,Intel,512 GB SSD,0,Large,Entry-level,Other,3.5,512
Lenovo,118965.0,AMD,Yes,8,5,2.4,LCD,AMD,512 GB SSD,0,Large,Low-end,Low-End,2.5,512
Asus,223996.5,Intel,No,8,4,2.4,LCD,Intel,512 GB SSD,0,Large,Low-end,Other,2.5,512
Hp,129465.0,Intel,Yes,8,4,3.3,LCD,Intel,512 GB SSD,0,Small,Entry-level,Other,3.5,512
Hp,185496.5,Intel,Yes,8,4,4.2,LCD,Intel,512 GB SSD,0,Large,Low-end,Other,4.0,512
Lenovo,115465.0,Intel,No,4,4,3.0,LED,Intel,256 GB SSD,0,Small,Entry-level,Other,3.0,256
Asus,271425.0,Intel,No,16,5,2.0,LED,NVIDIA,512 GB SSD,0,Large,Mid-end,Other,2.0,512
Asus,265965.0,Intel,No,16,4,3.0,LED,Intel,512 GB SSD,0,Small,Low-end,Other,3.0,512
Hp,192465.0,Intel,No,8,4,4.2,LCD,Intel,512 GB SSD,0,Small,Entry-level,Other,4.0,512
Asus,230965.0,AMD,Yes,16,4,3.3,LCD,NVIDIA,512 GB SSD,0,Large,Mid-end,Mid-End,3.5,512
Asus,80465.0,Intel,No,8,4,1.1,LCD,Intel,256 GB SSD,0,Small,Entry-level,Low-End,1.0,256
Asus,213465.0,Intel,Yes,8,4,2.7,LCD,NVIDIA,512 GB SSD,0,Large,Mid-end,Other,2.5,512
Lenovo,237965.0,Intel,Yes,8,4,1.3,LCD,Intel,512 GB SSD,0,Small,Entry-level,Other,1.5,512
Lenovo,335965.0,Intel,Yes,16,5,2.4,LCD,NVIDIA,512 GB SSD,0,Large,Mid-end,Other,2.5,512
Msi,227465.0,Intel,No,16,4,3.3,LCD,NVIDIA,512 GB SSD,0,Large,Mid-end,Other,3.5,512
Lenovo,342965.0,AMD,No,16,4,3.1,LCD,NVIDIA,512 GB SSD,0,Large,Mid-end,High-End,3.0,512
Lenovo,254800.0,Intel,No,16,4,3.3,LCD,Intel,1024 GB SSD,0,Small,Low-end,Other,3.5,1024
Msi,209965.0,Intel,No,8,4,3.3,LCD,NVIDIA,512 GB SSD,0,Large,Mid-end,Other,3.5,512
Msi,179865.0,AMD,No,8,5,4.2,LCD,AMD,512 GB SSD,0,Large,Mid-end,Mid-End,4.0,512
Lenovo,115115.0,AMD,Yes,8,5,2.4,LCD,AMD,512 GB SSD,0,Large,Low-end,Low-End,2.5,512
Msi,114065.0,Intel,Yes,8,4,3.3,LCD,Intel,512 GB SSD,0,Large,Entry-level,Other,3.5,512
Acer,150465.0,Intel,Yes,8,4,2.7385892116182573,LCD,Intel,512 GB SSD,0,Small,Low-end,Other,2.5,512
Msi,384965.0,Intel,No,16,5,4.7,LCD,NVIDIA,1024 GB SSD,0,Large,Mid-end,Other,4.5,1024
Hp,136766.0,Intel,No,4,4,2.7385892116182573,LED,Intel,No SSD,1024,Large,Entry-level,Other,2.5,0
Hp,486465.0,Intel,Yes,16,5,5.5,LCD,NVIDIA,1024 GB SSD,0,Large,Mid-end,Other,5.5,1024
Asus,192465.0,AMD,No,16,4,2.0,LCD,AMD,512 GB SSD,0,Large,Entry-level,High-End,2.0,512
Dell,190746.5,Intel,Yes,8,4,3.3,LCD,Intel,256 GB SSD,1024,Large,Entry-level,Other,3.5,256
Hp,219971.5,Intel,No,16,4,4.8,LCD,NVIDIA,512 GB SSD,0,Large,Mid-end,Other,5.0,512
Asus,314965.0,AMD,No,16,4,4.7,LCD,NVIDIA,512 GB SSD,0,Large,Mid-end,High-End,4.5,512
Lenovo,250215.0,Intel,Yes,16,4,1.3,LCD,Intel,512 GB SSD,0,Small,Entry-level,Other,1.5,512
Other,153965.0,Intel,No,16,5,2.3,LCD,Intel,512 GB SSD,0,Large,Low-end,Other,2.5,512
Msi,451465.0,Intel,No,8,5,4.8,LCD,NVIDIA,1024 GB SSD,0,Large,Mid-end,Other,5.0,1024
Asus,392805.0,AMD,Yes,16,4,3.3,LCD,NVIDIA,512 GB SSD,0,Large,Mid-end,High-End,3.5,512
Hp,395465.0,Intel,No,16,5,4.8,LCD,NVIDIA,1024 GB SSD,0,Large,Mid-end,Other,5.0,1024
Hp,196350.0,Intel,Yes,16,4,4.2,LCD,Intel,512 GB SSD,0,Large,Low-end,Other,4.0,512
Msi,115465.0,Intel,No,8,4,0.8,LCD,Intel,256 GB SSD,0,Small,Entry-level,Other,1.0,256
Asus,706965.0,AMD,No,16,5,4.8,LCD,NVIDIA,1024 GB SSD,0,Large,High-end,High-End,5.0,1024
Hp,122465.0,AMD,Yes,8,4,2.6,LCD,AMD,512 GB SSD,0,Large,Entry-level,Mid-End,2.5,512
Lenovo,172865.0,AMD,Yes,8,4,2.0,LCD,AMD,512 GB SSD,0,Large,Entry-level,High-End,2.0,512
Asus,118965.0,AMD,Yes,8,5,4.0,LCD,AMD,1024 GB SSD,0,Small,Entry-level,Low-End,4.0,1024
Msi,524996.5,Intel,No,16,4,4.7,LCD,NVIDIA,1024 GB SSD,0,Large,Mid-end,Other,4.5,1024
Lenovo,399665.0,Intel,Yes,16,5,2.7385892116182573,LED,Intel,1024 GB SSD,0,Small,Entry-level,Other,2.5,1024
Asus,369250.0,AMD,Yes,16,4,3.1,LED,NVIDIA,1024 GB SSD,0,Small,Mid-end,High-End,3.0,1024
Asus,706965.0,AMD,No,16,5,4.8,LCD,NVIDIA,1024 GB SSD,0,Large,High-end,High-End,5.0,1024
Lenovo,125996.5,Intel,Yes,8,4,3.0,LCD,Intel,256 GB SSD,0,Large,Entry-level,Other,3.0,256
Samsung,461965.0,Intel,Yes,16,4,4.8,LED,Intel,512 GB SSD,0,Small,Low-end,Other,5.0,512
Lenovo,157465.0,AMD,Yes,16,4,2.0,LCD,AMD,512 GB SSD,0,Large,Entry-level,High-End,2.0,512
Hp,114271.5,Intel,Yes,8,4,4.2,LCD,Intel,512 GB SSD,0,Large,Low-end,Other,4.0,512
Msi,276465.0,Intel,No,16,5,3.3,LCD,NVIDIA,1024 GB SSD,0,Large,Mid-end,Other,3.5,1024
Msi,475965.0,Intel,No,16,5,4.8,LCD,NVIDIA,1024 GB SSD,0,Large,Mid-end,Other,5.0,1024
Samsung,507465.0,Intel,Yes,16,5,4.8,LED,Intel,512 GB SSD,0,Large,Low-end,Other,5.0,512
Asus,269465.0,AMD,No,8,4,4.2,LCD,NVIDIA,512 GB SSD,0,Large,Mid-end,High-End,4.0,512
Hp,118996.5,AMD,Yes,8,4,2.1,LCD,AMD,512 GB SSD,0,Large,Entry-level,Mid-End,2.0,512
Msi,160965.0,Intel,No,8,4,0.8,LCD,Intel,512 GB SSD,0,Small,Entry-level,Other,1.0,512
Asus,381465.0,Intel,Yes,16,4,1.5,LCD,NVIDIA,512 GB SSD,0,Large,Mid-end,Other,1.5,512
Dell,244965.0,Intel,Yes,16,4,1.3,LCD,Intel,512 GB SSD,0,Large,Entry-level,Other,1.5,512
Hp,195965.0,AMD,No,16,4,4.0,LCD,AMD,1024 GB SSD,0,Large,Entry-level,Mid-End,4.0,1024
Asus,363265.0,AMD,No,8,4,3.0,LED,NVIDIA,1024 GB SSD,0,Small,Mid-end,High-End,3.0,1024
Hp,311465.0,Intel,Yes,16,4,4.7,LCD,NVIDIA,512 GB SSD,0,Large,Mid-end,Other,4.5,512
Hp,183886.5,AMD,No,16,4,4.2,LCD,AMD,512 GB SSD,0,Large,Mid-end,Mid-End,4.0,512
Hp,118965.0,Intel,No,8,4,4.0,LCD,Intel,512 GB SSD,0,Small,Entry-level,Other,4.0,512
Lenovo,287665.0,AMD,Yes,16,5,4.7,LCD,NVIDIA,512 GB SSD,0,Large,Mid-end,High-End,4.5,512
Lenovo,294665.0,Intel,Yes,16,5,2.4,LCD,Intel,1024 GB SSD,0,Large,Low-end,Other,2.5,1024
Asus,759465.0,AMD,Yes,16,5,4.8,LCD,NVIDIA,1024 GB SSD,0,Large,High-end,High-End,5.0,1024
Other,297360.0,Intel,Yes,8,4,1.8,LCD,Intel,512 GB SSD,0,Small,Entry-level,Other,2.0,512
Asus,741965.0,AMD,No,16,5,4.8,LCD,NVIDIA,1024 GB SSD,0,Large,High-end,High-End,5.0,1024
Asus,992561.5,Intel,No,32,5,2.5,LCD,NVIDIA,1024 GB SSD,0,Large,High-end,Other,2.5,1024
Asus,139965.0,Intel,Yes,8,4,2.4,LED,Intel,512 GB SSD,0,Small,Entry-level,Other,2.5,512
Asus,281715.0,AMD,No,8,4,2.9,LED,NVIDIA,512 GB SSD,0,Large,Mid-end,High-End,3.0,512
Asus,248465.0,AMD,No,16,4,3.1,LCD,NVIDIA,1024 GB SSD,0,Large,Mid-end,High-End,3.0,1024
Hp,594965.0,Intel,No,32,5,4.8,LED,Intel,1024 GB SSD,0,Small,Low-end,Other,5.0,1024
Hp,580755.0,Intel,Yes,32,5,4.8,LED,Intel,1024 GB SSD,0,Small,Low-end,Other,5.0,1024
Msi,433965.0,Intel,Yes,16,5,3.4,LED,NVIDIA,1024 GB SSD,0,Large,Mid-end,Other,3.5,1024
Asus,370965.0,AMD,Yes,8,4,2.9,LCD,NVIDIA,1024 GB SSD,0,Large,Mid-end,High-End,3.0,1024
Samsung,258965.0,Intel,No,16,4,1.7,LCD,Intel,512 GB SSD,0,Large,Low-end,Other,1.5,512
Msi,769965.0,Intel,Yes,32,5,4.8,LCD,NVIDIA,1024 GB SSD,0,Large,Mid-end,Other,5.0,1024
Asus,594930.0,AMD,No,16,5,4.8,LCD,AMD,1024 GB SSD,0,Large,Entry-level,High-End,5.0,1024
Asus,664965.0,AMD,No,16,5,4.8,LCD,NVIDIA,1024 GB SSD,0,Large,High-end,High-End,5.0,1024
Asus,705064.5,AMD,Yes,32,5,4.8,LCD,NVIDIA,1024 GB SSD,0,Small,Mid-end,High-End,5.0,1024
Asus,377968.5,AMD,No,16,5,4.7,LCD,NVIDIA,1024 GB SSD,0,Large,Mid-end,High-End,4.5,1024
Acer,104996.5,AMD,Yes,8,4,3.1,LCD,Intel,No SSD,1024,Small,Entry-level,Low-End,3.0,0
Lenovo,167965.0,Intel,No,8,4,1.3,LCD,Intel,512 GB SSD,0,Large,Entry-level,Other,1.5,512
Asus,573965.0,AMD,No,16,5,4.8,LCD,AMD,1024 GB SSD,0,Large,Low-end,High-End,5.0,1024
Asus,349965.0,AMD,No,16,4,3.0,LED,NVIDIA,1024 GB SSD,0,Small,Mid-end,High-End,3.0,1024
Lenovo,112000.0,AMD,Yes,8,4,3.4,LCD,AMD,512 GB SSD,0,Large,Entry-level,Low-End,3.5,512
Asus,671965.0,Intel,No,16,5,2.5,LCD,NVIDIA,1024 GB SSD,0,Small,Mid-end,Other,2.5,1024
Hp,169715.0,AMD,Yes,8,4,4.2,LCD,AMD,512 GB SSD,0,Small,Entry-level,High-End,4.0,512
Lenovo,355215.0,Intel,No,16,5,3.4,LCD,NVIDIA,512 GB SSD,0,Large,Mid-end,Other,3.5,512
Other,309365.0,Intel,No,16,5,3.4,LCD,Intel,256 GB SSD,0,Small,Low-end,Other,3.5,256
Hp,311465.0,AMD,No,16,4,4.2,LED,AMD,512 GB SSD,0,Large,Entry-level,Mid-End,4.0,512
Lenovo,356615.0,AMD,No,16,5,3.4,LCD,NVIDIA,512 GB SSD,0,Large,Mid-end,High-End,3.5,512
Asus,183225.0,Intel,No,16,4,2.7385892116182573,LCD,Intel,512 GB SSD,0,Large,Low-end,Other,2.5,512
Dell,381465.0,AMD,Yes,16,5,3.3,LCD,NVIDIA,1024 GB SSD,0,Large,Mid-end,High-End,3.5,1024
Hp,545678.0,Intel,Yes,16,5,4.7,LED,Intel,512 GB SSD,0,Large,Mid-end,Other,4.5,512
Lenovo,297150.0,AMD,Yes,16,4,2.1,LCD,AMD,512 GB SSD,0,Small,Entry-level,Mid-End,2.0,512
Asus,500115.0,AMD,Yes,16,5,4.8,LCD,NVIDIA,1024 GB SSD,0,Large,Mid-end,High-End,5.0,1024
Dell,286615.0,Intel,Yes,16,5,3.4,LCD,Intel,512 GB SSD,0,Small,Entry-level,Other,3.5,512
Asus,729715.0,Intel,Yes,32,5,2.5,LCD,NVIDIA,1024 GB SSD,0,Large,High-end,Other,2.5,1024
Hp,439054.0,AMD,Yes,16,5,4.7,LCD,NVIDIA,512 GB SSD,0,Large,Mid-end,High-End,4.5,512
Asus,451465.0,AMD,Yes,16,4,3.1,LCD,NVIDIA,1024 GB SSD,0,Large,Mid-end,High-End,3.0,1024
Other,531996.5,Intel,Yes,16,4,1.5,LCD,Intel,512 GB SSD,0,Small,Entry-level,Other,1.5,512
Other,218270.5,Intel,Yes,8,4,1.0,LCD,Intel,512 GB SSD,0,Large,Entry-level,Other,1.0,512
Lenovo,227465.0,Intel,Yes,16,5,1.4,LCD,Intel,512 GB SSD,0,Large,Entry-level,Other,1.5,512
Lenovo,367465.0,AMD,Yes,32,5,3.3,LCD,AMD,1024 GB SSD,0,Small,Entry-level,High-End,3.5,1024
Other,339871.0,Intel,Yes,16,5,4.8,LCD,NVIDIA,512 GB SSD,0,Large,Mid-end,Other,5.0,512
Other,372732.5,Intel,Yes,16,5,2.4,LCD,NVIDIA,512 GB SSD,0,Large,Mid-end,Other,2.5,512
Msi,272965.0,Intel,Yes,16,5,4.8,LCD,Intel,512 GB SSD,0,Large,Low-end,Other,5.0,512
Dell,554715.0,Intel,No,16,5,4.8,LCD,NVIDIA,1024 GB SSD,0,Large,Mid-end,Other,5.0,1024
Msi,244965.0,Intel,Yes,16,5,4.8,LCD,Intel,512 GB SSD,0,Large,Low-end,Other,5.0,512
Lenovo,376215.0,AMD,Yes,32,5,4.8,LCD,AMD,1024 GB SSD,0,Large,Low-end,High-End,5.0,1024
Dell,125965.0,Intel,Yes,8,4,4.2,LCD,Intel,512 GB SSD,0,Large,Entry-level,Other,4.0,512
Samsung,241496.5,Intel,No,16,4,1.4,LCD,Intel,512 GB SSD,0,Large,Entry-level,Other,1.5,512
Hp,381612.0,Intel,Yes,16,4,4.8,LCD,NVIDIA,1024 GB SSD,0,Large,Mid-end,Other,5.0,1024
Msi,402465.0,AMD,Yes,16,5,4.8,LCD,NVIDIA,1024 GB SSD,0,Large,Mid-end,High-End,5.0,1024
Samsung,279996.5,Intel,No,16,4,1.8,LCD,Intel,512 GB SSD,0,Large,Low-end,Other,2.0,512
Other,374139.5,Intel,Yes,16,5,4.8,LCD,NVIDIA,512 GB SSD,0,Large,Mid-end,Other,5.0,512
Samsung,241465.0,Intel,No,8,4,1.4,LCD,Intel,512 GB SSD,0,Large,Low-end,Other,1.5,512
Samsung,237965.0,Intel,No,8,4,1.3,LCD,Intel,512 GB SSD,0,Large,Low-end,Other,1.5,512
Asus,262465.0,Intel,Yes,16,4,2.5,LCD,NVIDIA,1024 GB SSD,0,Large,Mid-end,Other,2.5,1024
Asus,507465.0,Intel,Yes,32,5,2.3,LED,Intel,1024 GB SSD,0,Small,Low-end,Other,2.5,1024
Msi,185465.0,AMD,No,8,5,3.3,LCD,NVIDIA,512 GB SSD,0,Large,Mid-end,Mid-End,3.5,512
Asus,267715.0,Intel,No,16,4,2.6,LED,NVIDIA,512 GB SSD,0,Small,Mid-end,Other,2.5,512
Hp,181398.0,Intel,Yes,16,4,4.2,LCD,Intel,512 GB SSD,0,Large,Low-end,Other,4.0,512
Dell,156765.0,AMD,Yes,8,5,4.2,LCD,AMD,512 GB SSD,0,Large,Entry-level,Mid-End,4.0,512
Msi,202965.0,Intel,Yes,16,4,1.2,LCD,Intel,1024 GB SSD,0,Large,Low-end,Other,1.0,1024
Hp,150157.0,Intel,Yes,8,4,4.2,LCD,Intel,256 GB SSD,0,Large,Entry-level,Other,4.0,256
Dell,232365.0,Intel,No,16,5,4.7,LCD,Intel,512 GB SSD,0,Small,Low-end,Other,4.5,512
Samsung,293965.0,Intel,No,16,4,1.7,LCD,Intel,512 GB SSD,0,Large,Low-end,Other,1.5,512
Msi,209965.0,Intel,Yes,16,5,1.2,LCD,Intel,512 GB SSD,0,Large,Low-end,Other,1.0,512
Dell,520415.0,Intel,No,16,5,5.5,LCD,NVIDIA,1024 GB SSD,0,Large,Mid-end,Other,5.5,1024
Msi,144221.0,Intel,Yes,8,4,4.2,LCD,Intel,512 GB SSD,0,Large,Entry-level,Other,4.0,512
Asus,150465.0,AMD,Yes,8,5,4.2,LCD,AMD,512 GB SSD,0,Large,Entry-level,Mid-End,4.0,512
Dell,524965.0,Intel,No,16,5,4.8,LCD,NVIDIA,1024 GB SSD,0,Large,Mid-end,Other,5.0,1024
Lenovo,124215.0,Intel,Yes,8,4,3.3,LCD,Intel,512 GB SSD,0,Small,Entry-level,Other,3.5,512
Lenovo,138876.5,AMD,Yes,8,5,2.8,LCD,AMD,512 GB SSD,0,Large,Low-end,Mid-End,3.0,512
Asus,204834.0,Intel,No,16,4,2.5,LCD,Intel,512 GB SSD,0,Large,Low-end,Other,2.5,512
Asus,244965.0,Intel,Yes,16,4,2.3,LCD,NVIDIA,1024 GB SSD,0,Small,Mid-end,Other,2.5,1024
Lenovo,227465.0,AMD,Yes,16,5,3.3,LCD,NVIDIA,512 GB SSD,0,Large,Mid-end,Mid-End,3.5,512
Hp,276370.5,Intel,No,16,5,4.2,LCD,Intel,512 GB SSD,0,Large,Entry-level,Other,4.0,512
Dell,181965.0,Intel,Yes,8,4,4.7,LCD,Intel,512 GB SSD,0,Large,Entry-level,Other,4.5,512
Lenovo,185115.0,Intel,Yes,16,5,2.0,LCD,Intel,512 GB SSD,0,Small,Entry-level,Other,2.0,512
Asus,244965.0,Intel,No,16,4,2.5,LCD,NVIDIA,512 GB SSD,0,Large,Mid-end,Other,2.5,512
Msi,220465.0,Intel,Yes,16,5,4.2,LCD,Intel,512 GB SSD,0,Large,Low-end,Other,4.0,512
Asus,234465.0,AMD,Yes,16,5,3.1,LCD,NVIDIA,512 GB SSD,0,Large,Mid-end,High-End,3.0,512
Dell,125965.0,Intel,No,16,4,4.2,LCD,Intel,512 GB SSD,0,Large,Low-end,Other,4.0,512
Msi,489965.0,Intel,Yes,32,5,1.4,LCD,Intel,1024 GB SSD,0,Large,Low-end,Other,1.5,1024
Samsung,636965.0,Intel,No,32,5,4.8,LED,Intel,1024 GB SSD,0,Large,Low-end,Other,5.0,1024
Samsung,241496.5,Intel,No,16,5,4.8,LED,Intel,512 GB SSD,0,Large,Low-end,Other,5.0,512
Samsung,258965.0,Intel,No,16,4,1.3,LCD,Intel,512 GB SSD,0,Large,Low-end,Other,1.5,512
Msi,199465.0,Intel,Yes,16,5,1.2,LCD,Intel,1024 GB SSD,0,Small,Low-end,Other,1.0,1024
Lenovo,125965.0,AMD,Yes,8,4,2.3,LCD,AMD,512 GB SSD,0,Large,Entry-level,Low-End,2.5,512
Asus,339465.0,Intel,No,16,5,1.2,LED,Intel,1024 GB SSD,0,Large,Low-end,Other,1.0,1024
Msi,524965.0,Intel,No,32,5,1.4,LCD,Intel,1024 GB SSD,0,Small,Low-end,Other,1.5,1024
Asus,360465.0,Intel,Yes,16,5,1.2,LED,Intel,1024 GB SSD,0,Large,Low-end,Other,1.0,1024
Lenovo,173215.0,Intel,No,8,4,4.7,LCD,Intel,512 GB SSD,0,Large,Entry-level,Other,4.5,512
Asus,339465.0,Intel,No,16,5,1.2,LED,Intel,1024 GB SSD,0,Large,Low-end,Other,1.0,1024
Hp,184096.5,Intel,Yes,8,4,4.2,LCD,Intel,512 GB SSD,0,Large,Entry-level,Other,4.0,512
Lenovo,118965.0,Intel,Yes,8,4,3.0,LCD,Intel,256 GB SSD,0,Large,Entry-level,Other,3.0,256
Hp,398965.0,AMD,No,16,5,4.8,LCD,AMD,1024 GB SSD,0,Large,Entry-level,High-End,5.0,1024
Lenovo,220850.0,AMD,No,16,4,2.1,LCD,AMD,512 GB SSD,0,Small,Entry-level,Mid-End,2.0,512
Lenovo,295715.0,Intel,Yes,16,5,2.4,LCD,NVIDIA,512 GB SSD,0,Large,Mid-end,Other,2.5,512
Hp,358715.0,Intel,No,16,4,4.8,LCD,NVIDIA,1024 GB SSD,0,Large,Mid-end,Other,5.0,1024
Msi,223965.0,Intel,Yes,8,4,4.2,LCD,NVIDIA,512 GB SSD,0,Large,Mid-end,Other,4.0,512
Lenovo,171465.0,Intel,No,8,4,4.2,LCD,Intel,512 GB SSD,0,Large,Entry-level,Other,4.0,512
Msi,286965.0,Intel,Yes,16,4,4.7,LCD,NVIDIA,512 GB SSD,0,Large,Mid-end,Other,4.5,512
Lenovo,188296.5,Intel,Yes,8,4,4.2,LCD,Intel,512 GB SSD,0,Small,Entry-level,Other,4.0,512
Asus,244965.0,Intel,No,16,4,2.5,LCD,NVIDIA,512 GB SSD,0,Large,Mid-end,Other,2.5,512
Msi,559965.0,Intel,Yes,16,5,1.9,LCD,NVIDIA,1024 GB SSD,0,Large,High-end,Other,2.0,1024
Msi,524965.0,Intel,Yes,16,5,1.8,LCD,NVIDIA,1024 GB SSD,0,Large,High-end,Other,2.0,1024
Msi,255465.0,Intel,Yes,16,5,1.5,LCD,NVIDIA,512 GB SSD,0,Large,Mid-end,Other,1.5,512
Lenovo,353465.0,Intel,Yes,16,5,2.7,LED,Intel,1024 GB SSD,0,Small,Low-end,Other,2.5,1024
Msi,279965.0,Intel,No,16,5,1.7,LCD,NVIDIA,512 GB SSD,0,Large,Mid-end,Other,1.5,512
Msi,216965.0,Intel,Yes,16,4,1.5,LCD,NVIDIA,512 GB SSD,0,Large,Mid-end,Other,1.5,512
Hp,251965.0,Intel,No,16,5,4.2,LCD,Intel,512 GB SSD,0,Large,Low-end,Other,4.0,512
Msi,293965.0,Intel,Yes,16,4,1.5,LCD,NVIDIA,1024 GB SSD,0,Large,Mid-end,Other,1.5,1024
Msi,290465.0,Intel,Yes,16,4,1.5,LCD,NVIDIA,512 GB SSD,0,Large,Mid-end,Other,1.5,512
Msi,279615.0,Intel,Yes,16,4,1.8,LCD,NVIDIA,512 GB SSD,0,Large,Mid-end,Other,2.0,512
Msi,248465.0,Intel,Yes,16,4,1.5,LCD,NVIDIA,512 GB SSD,0,Large,Mid-end,Other,1.5,512
Msi,283465.0,Intel,Yes,16,4,1.7,LCD,NVIDIA,512 GB SSD,0,Large,Mid-end,Other,1.5,512
Msi,269465.0,Intel,Yes,16,4,1.5,LCD,NVIDIA,512 GB SSD,0,Large,Mid-end,Other,1.5,512
Msi,286965.0,Intel,Yes,16,4,1.8,LCD,NVIDIA,512 GB SSD,0,Large,Mid-end,Other,2.0,512
Msi,304465.0,Intel,Yes,16,4,1.7,LCD,NVIDIA,512 GB SSD,0,Large,Mid-end,Other,1.5,512
Lenovo,300965.0,Intel,No,16,4,4.7,LCD,Intel,1024 GB SSD,0,Large,Low-end,Other,4.5,1024
Lenovo,353465.0,AMD,No,16,5,3.4,LCD,NVIDIA,512 GB SSD,0,Large,Mid-end,High-End,3.5,512
Dell,305445.0,Intel,No,16,5,4.2,LCD,Intel,512 GB SSD,0,Small,Low-end,Other,4.0,512
Lenovo,391475.0,AMD,No,16,5,3.4,LCD,NVIDIA,1024 GB SSD,0,Large,Mid-end,High-End,3.5,1024
Msi,363965.0,Intel,Yes,16,4,1.8,LCD,NVIDIA,1024 GB SSD,0,Large,Mid-end,Other,2.0,1024
Acer,157465.0,AMD,Yes,16,4,3.5710437710437706,LCD,AMD,1024 GB SSD,0,Large,Entry-level,High-End,3.5,1024
Asus,699965.0,Intel,Yes,16,5,1.6,LCD,NVIDIA,1024 GB SSD,0,Large,High-end,Other,1.5,1024
Hp,437465.0,Intel,No,16,5,4.8,LCD,NVIDIA,1024 GB SSD,0,Large,Mid-end,Other,5.0,1024
Asus,769965.0,Intel,Yes,32,5,2.3,LCD,NVIDIA,1024 GB SSD,0,Large,High-end,Other,2.5,1024
Asus,500465.0,AMD,Yes,16,5,4.0,LCD,NVIDIA,1024 GB SSD,0,Large,High-end,High-End,4.0,1024
Asus,314965.0,AMD,No,16,5,3.3,LED,AMD,1024 GB SSD,0,Small,Entry-level,Mid-End,3.5,1024
Lenovo,206465.0,Intel,Yes,16,5,4.7,LCD,Intel,512 GB SSD,0,Large,Entry-level,Other,4.5,512
Lenovo,440615.0,Intel,Yes,16,5,2.6,LCD,NVIDIA,512 GB SSD,0,Large,Mid-end,Other,2.5,512
Lenovo,321996.5,Intel,No,16,4,4.0,LCD,Intel,512 GB SSD,0,Small,Low-end,Other,4.0,512
Lenovo,169680.0,AMD,Yes,16,4,2.0,LCD,AMD,512 GB SSD,0,Large,Entry-level,High-End,2.0,512
Lenovo,437115.0,Intel,No,16,5,3.4,LED,Intel,1024 GB SSD,0,Small,Low-end,Other,3.5,1024
Lenovo,118965.0,Intel,Yes,8,4,3.3,LCD,Intel,512 GB SSD,0,Large,Entry-level,Other,3.5,512
Lenovo,377965.0,Intel,Yes,32,5,3.4,LED,Intel,1024 GB SSD,0,Small,Low-end,Other,3.5,1024
Msi,559965.0,Intel,No,16,5,5.5,LCD,NVIDIA,1024 GB SSD,0,Large,Mid-end,Other,5.5,1024
Lenovo,1303715.0,Intel,Yes,32,5,2.2,LCD,NVIDIA,1024 GB SSD,0,Large,Entry-level,Other,2.0,1024
Msi,664965.0,Intel,No,32,5,5.5,LCD,NVIDIA,1024 GB SSD,0,Large,High-end,Other,5.5,1024
Lenovo,209965.0,Intel,Yes,16,4,1.7,LCD,Intel,512 GB SSD,0,Large,Low-end,Other,1.5,512
Lenovo,251965.0,AMD,No,16,5,4.2,LCD,AMD,512 GB SSD,0,Small,Low-end,Mid-End,4.0,512
Asus,265965.0,Intel,No,16,4,2.5,LCD,NVIDIA,512 GB SSD,0,Large,Mid-end,Other,2.5,512
Dell,745465.0,Intel,Yes,32,5,4.8,LCD,NVIDIA,1024 GB SSD,0,Large,High-end,Other,5.0,1024
Lenovo,260715.0,AMD,Yes,16,4,2.0,LED,AMD,1024 GB SSD,0,Small,Entry-level,High-End,2.0,1024
Asus,839965.0,Intel,Yes,32,5,2.3,LED,Intel,1024 GB SSD,0,Small,Low-end,Other,2.5,1024
Asus,185115.0,Intel,Yes,8,4,2.7,LCD,NVIDIA,512 GB SSD,0,Large,Mid-end,Other,2.5,512
Asus,138250.0,Intel,No,8,4,1.2,LCD,Intel,512 GB SSD,0,Large,Entry-level,Other,1.0,512
Lenovo,277350.5,Intel,Yes,16,5,3.4,LED,Intel,1024 GB SSD,0,Small,Low-end,Other,3.5,1024
Dell,671965.0,Intel,Yes,16,5,4.8,LCD,NVIDIA,1024 GB SSD,0,Large,High-end,Other,5.0,1024
Acer,297465.0,Intel,No,16,5,1.2,LED,Intel,512 GB SSD,0,Small,Low-end,Other,1.0,512
Acer,465496.5,Intel,Yes,16,5,1.5,LCD,NVIDIA,1024 GB SSD,0,Large,Mid-end,Other,1.5,1024
Lenovo,152215.0,Intel,Yes,8,4,4.2,LCD,Intel,512 GB SSD,0,Small,Low-end,Other,4.0,512
Lenovo,276465.0,Intel,Yes,16,5,2.4,LCD,NVIDIA,512 GB SSD,0,Large,Mid-end,Other,2.5,512
Lenovo,339465.0,Intel,No,16,4,4.8,LCD,Intel,512 GB SSD,0,Small,Low-end,Other,5.0,512
Msi,349965.0,AMD,Yes,16,5,3.1,LCD,NVIDIA,1024 GB SSD,0,Large,Mid-end,High-End,3.0,1024
Msi,272965.0,AMD,Yes,16,5,3.3,LCD,NVIDIA,512 GB SSD,0,Large,Mid-end,Mid-End,3.5,512
Msi,209965.0,AMD,Yes,16,5,3.3,LCD,NVIDIA,512 GB SSD,0,Large,Mid-end,Mid-End,3.5,512
Msi,251965.0,AMD,Yes,16,5,3.3,LCD,NVIDIA,512 GB SSD,0,Large,Mid-end,Mid-End,3.5,512
Lenovo,194215.0,Intel,Yes,8,4,4.2,LCD,Intel,512 GB SSD,0,Small,Low-end,Other,4.0,512
Lenovo,542465.0,Intel,No,16,5,3.4,LCD,NVIDIA,1024 GB SSD,0,Large,Mid-end,Other,3.5,1024
Msi,307965.0,AMD,Yes,16,5,3.1,LCD,NVIDIA,1024 GB SSD,0,Large,Mid-end,High-End,3.0,1024
Msi,272965.0,Intel,Yes,16,5,4.2,LCD,Intel,512 GB SSD,0,Small,Low-end,Other,4.0,512
Asus,97965.0,Intel,No,8,4,2.0,LCD,Intel,512 GB SSD,0,Large,Entry-level,Low-End,2.0,512
Lenovo,612465.0,Intel,No,16,5,4.0,LCD,NVIDIA,1024 GB SSD,0,Large,Mid-end,Other,4.0,1024
Acer,552996.5,Intel,Yes,16,5,1.5,LCD,NVIDIA,1024 GB SSD,0,Large,Entry-level,Other,1.5,1024
Lenovo,594923.0,Intel,Yes,16,5,2.4,LCD,NVIDIA,1024 GB SSD,0,Large,Mid-end,Other,2.5,1024
Hp,129465.0,Intel,Yes,8,4,4.2,LCD,Intel,512 GB SSD,0,Large,Entry-level,Other,4.0,512
Lenovo,694715.0,Intel,No,32,5,4.0,LCD,NVIDIA,1024 GB SSD,0,Large,High-end,Other,4.0,1024
Acer,629996.5,Intel,Yes,16,5,1.6,LCD,NVIDIA,1024 GB SSD,0,Large,High-end,Other,1.5,1024
Acer,157496.5,AMD,Yes,16,4,1.8,LCD,AMD,512 GB SSD,0,Large,Entry-level,High-End,2.0,512
Other,197715.0,Intel,Yes,8,4,2.1,LCD,Intel,512 GB SSD,0,Large,Entry-level,Other,2.0,512
Asus,629965.0,Intel,No,16,5,1.2,LED,Intel,1024 GB SSD,0,Small,Low-end,Other,1.0,1024
Other,206465.0,Intel,Yes,16,4,2.1,LCD,Intel,512 GB SSD,0,Large,Entry-level,Other,2.0,512
Other,197715.0,Intel,Yes,16,4,2.1,LCD,Intel,512 GB SSD,0,Small,Entry-level,Other,2.0,512
Lenovo,127746.5,Intel,Yes,8,4,3.3,LCD,Intel,512 GB SSD,0,Large,Entry-level,Other,3.5,512
Lenovo,507465.0,Intel,No,16,5,3.4,LCD,NVIDIA,1024 GB SSD,0,Large,Mid-end,Other,3.5,1024
Acer,332465.0,Intel,Yes,16,5,1.4,LED,Intel,1024 GB SSD,0,Small,Low-end,Other,1.5,1024
Lenovo,370296.5,Intel,No,32,5,3.4,LED,Intel,1024 GB SSD,0,Small,Low-end,Other,3.5,1024
Asus,279965.0,Intel,No,16,4,1.4,LCD,Intel,512 GB SSD,0,Large,Entry-level,Other,1.5,512
Asus,535465.0,Intel,Yes,16,5,1.7,LED,Intel,1024 GB SSD,0,Small,Entry-level,Other,1.5,1024
Msi,664965.0,Intel,Yes,32,5,4.8,LED,NVIDIA,1024 GB SSD,0,Large,Mid-end,Other,5.0,1024
Lenovo,587965.0,Intel,No,16,5,3.4,LCD,NVIDIA,1024 GB SSD,0,Large,High-end,Other,3.5,1024
Hp,146965.0,AMD,No,16,4,2.9869688385269124,LCD,AMD,512 GB SSD,0,Large,Entry-level,Mid-End,3.0,512
Other,190715.0,Intel,Yes,8,4,2.1,LCD,Intel,512 GB SSD,0,Small,Entry-level,Other,2.0,512
Lenovo,384965.0,Intel,No,16,5,2.2,LCD,Intel,512 GB SSD,0,Small,Entry-level,Other,2.0,512
Lenovo,440996.5,Intel,Yes,16,5,2.2,LCD,NVIDIA,512 GB SSD,0,Small,High-end,Other,2.0,512
Hp,145250.0,Intel,Yes,8,4,4.2,LCD,Intel,512 GB SSD,0,Large,Entry-level,Other,4.0,512
Msi,419965.0,Intel,No,16,5,4.8,LCD,Intel,1024 GB SSD,0,Large,Low-end,Other,5.0,1024
Acer,111996.5,Intel,Yes,8,4,4.2,LCD,Intel,512 GB SSD,0,Large,Entry-level,Other,4.0,512
Acer,150465.0,Intel,Yes,8,5,2.7385892116182573,LCD,Intel,256 GB SSD,0,Large,Entry-level,Other,2.5,256
Hp,274715.0,AMD,Yes,8,4,4.2,LCD,AMD,512 GB SSD,0,Large,Entry-level,Mid-End,4.0,512
Lenovo,248465.0,Intel,No,16,5,3.1,LCD,NVIDIA,512 GB SSD,0,Large,Mid-end,Other,3.0,512
Lenovo,329665.0,AMD,No,16,5,2.7,LED,AMD,1024 GB SSD,0,Small,Low-end,High-End,2.5,1024
Msi,262500.0,Intel,Yes,16,4,4.8,LCD,Intel,1024 GB SSD,0,Large,Low-end,Other,5.0,1024
Asus,598465.0,Intel,Yes,32,5,1.7,LED,Intel,1024 GB SSD,0,Small,Entry-level,Other,1.5,1024
Lenovo,223965.0,Intel,No,16,5,3.3,LCD,NVIDIA,512 GB SSD,0,Large,Mid-end,Other,3.5,512
Asus,605465.0,Intel,Yes,32,5,1.7,LED,Intel,1024 GB SSD,0,Small,Entry-level,Other,1.5,1024
Hp,237996.5,AMD,Yes,16,4,4.2,LCD,AMD,512 GB SSD,0,Large,Entry-level,High-End,4.0,512
Asus,556465.0,Intel,Yes,16,5,1.7,LED,Intel,1024 GB SSD,0,Small,Entry-level,Other,1.5,1024
Samsung,381465.0,Intel,No,16,5,1.4,LED,Intel,512 GB SSD,0,Large,Entry-level,Other,1.5,512
Hp,251296.5,Intel,No,8,4,4.2,LCD,Intel,512 GB SSD,0,Small,Low-end,Other,4.0,512
Samsung,461965.0,Intel,No,16,5,4.2,LED,Intel,512 GB SSD,0,Small,Low-end,Other,4.0,512
Acer,332465.0,AMD,Yes,8,5,3.5710437710437706,LCD,NVIDIA,512 GB SSD,0,Large,Mid-end,High-End,3.5,512
Acer,132965.0,Intel,No,8,5,2.7385892116182573,LCD,Intel,512 GB SSD,0,Large,Entry-level,Other,2.5,512
Acer,113711.5,Intel,No,8,5,2.7385892116182573,LCD,Intel,512 GB SSD,0,Large,Entry-level,Other,2.5,512
Lenovo,178465.0,AMD,No,16,4,1.8,LCD,AMD,512 GB SSD,0,Large,Entry-level,High-End,2.0,512
Lenovo,90996.5,Intel,Yes,8,4,1.1,LCD,Intel,512 GB SSD,0,Large,Entry-level,Low-End,1.0,512
Samsung,384965.0,Intel,Yes,16,5,4.2,LED,Intel,512 GB SSD,0,Large,Low-end,Other,4.0,512
Hp,197620.5,AMD,Yes,16,4,4.7,LCD,AMD,512 GB SSD,0,Large,Entry-level,Mid-End,4.5,512
Dell,227496.5,Intel,No,8,5,1.6,LCD,Intel,1024 GB SSD,0,Small,Low-end,Other,1.5,1024
Lenovo,346500.0,Intel,Yes,8,4,1.4,LED,Intel,1024 GB SSD,0,Small,Entry-level,Other,1.5,1024
Hp,685965.0,Intel,No,32,5,4.8,LED,Intel,1024 GB SSD,0,Large,Low-end,Other,5.0,1024
Asus,269496.5,Intel,No,16,4,2.3,LCD,NVIDIA,1024 GB SSD,0,Small,Mid-end,Other,2.5,1024
Asus,241150.0,Intel,No,16,4,2.5,LCD,NVIDIA,512 GB SSD,0,Large,Mid-end,Other,2.5,512
Dell,124215.0,Intel,No,8,4,4.2,LCD,Intel,512 GB SSD,0,Large,Entry-level,Other,4.0,512
Asus,664965.0,Intel,Yes,16,5,1.4,LCD,NVIDIA,1024 GB SSD,0,Large,High-end,Other,1.5,1024
Asus,279300.0,Intel,Yes,16,4,2.0,LCD,NVIDIA,512 GB SSD,0,Large,Mid-end,Other,2.0,512
Hp,227465.0,AMD,No,8,4,2.3,LCD,AMD,512 GB SSD,0,Small,Entry-level,Mid-End,2.5,512
Dell,360115.0,Intel,No,16,5,4.7,LCD,NVIDIA,1024 GB SSD,0,Large,Mid-end,Other,4.5,1024
Hp,206150.0,AMD,No,8,5,4.2,LCD,AMD,512 GB SSD,0,Large,Entry-level,Mid-End,4.0,512
Hp,411596.5,AMD,No,16,5,4.8,LCD,NVIDIA,1024 GB SSD,0,Large,Mid-end,High-End,5.0,1024
Msi,332465.0,AMD,Yes,16,5,3.1,LCD,NVIDIA,1024 GB SSD,0,Large,Mid-end,High-End,3.0,1024
Lenovo,171465.0,Intel,Yes,16,4,2.4,LCD,Intel,512 GB SSD,0,Large,Low-end,Other,2.5,512
Hp,181125.0,AMD,Yes,8,4,3.3,LCD,NVIDIA,512 GB SSD,0,Large,Mid-end,Mid-End,3.5,512
Dell,281365.0,Intel,Yes,8,5,3.4,LCD,Intel,512 GB SSD,0,Small,Low-end,Other,3.5,512
Hp,342300.0,Intel,No,16,5,4.8,LED,Intel,1024 GB SSD,0,Small,Low-end,Other,5.0,1024
Hp,339150.0,Intel,Yes,16,5,4.2,LCD,Intel,512 GB SSD,0,Small,Low-end,Other,4.0,512
Asus,262500.0,Intel,Yes,16,4,2.0,LCD,NVIDIA,512 GB SSD,0,Large,Mid-end,Other,2.0,512
Hp,439950.0,Intel,Yes,16,5,4.2,LCD,Intel,1024 GB SSD,0,Small,Entry-level,Other,4.0,1024
Asus,150465.0,AMD,No,16,5,2.8,LCD,AMD,512 GB SSD,0,Small,Entry-level,Mid-End,3.0,512
Lenovo,119350.0,AMD,No,8,5,2.4,LCD,AMD,512 GB SSD,0,Large,Low-end,Low-End,2.5,512
Msi,279965.0,Intel,Yes,16,5,3.3,LCD,NVIDIA,512 GB SSD,0,Small,Mid-end,Other,3.5,512
Lenovo,311465.0,AMD,Yes,16,5,3.1,LCD,NVIDIA,512 GB SSD,0,Large,Mid-end,High-End,3.0,512
Asus,167296.5,Intel,Yes,8,4,1.3,LCD,Intel,512 GB SSD,0,Large,Low-end,Other,1.5,512
Hp,341246.5,Intel,Yes,8,4,4.7,LCD,Intel,512 GB SSD,0,Small,Low-end,Other,4.5,512
Acer,199465.0,Intel,Yes,16,4,4.7,LCD,NVIDIA,512 GB SSD,0,Large,Mid-end,Other,4.5,512
Msi,524965.0,Intel,Yes,16,5,4.8,LCD,NVIDIA,1024 GB SSD,0,Large,Mid-end,Other,5.0,1024
Asus,269150.0,Intel,Yes,16,4,1.3,LCD,Intel,512 GB SSD,0,Small,Entry-level,Other,1.5,512
Lenovo,242165.0,AMD,No,16,4,2.0,LCD,AMD,512 GB SSD,0,Small,Entry-level,Mid-End,2.0,512
Hp,97965.0,Intel,Yes,8,4,2.8,LCD,Intel,512 GB SSD,0,Small,Entry-level,Low-End,3.0,512
Hp,192496.5,Intel,No,8,4,4.2,LCD,Intel,512 GB SSD,0,Small,Low-end,Other,4.0,512
Dell,300965.0,Intel,Yes,16,4,2.7385892116182573,LCD,Intel,512 GB SSD,0,Small,Entry-level,Other,2.5,512
Msi,769965.0,Intel,Yes,32,5,4.8,LCD,NVIDIA,1024 GB SSD,0,Large,Mid-end,Other,5.0,1024
Hp,174996.5,Intel,Yes,8,4,4.2,LCD,Intel,512 GB SSD,0,Small,Low-end,Other,4.0,512
Lenovo,154665.0,Intel,No,8,5,3.3,LCD,Intel,512 GB SSD,0,Large,Entry-level,Other,3.5,512
Asus,297465.0,Intel,Yes,16,4,2.6,LCD,NVIDIA,512 GB SSD,0,Large,Mid-end,Other,2.5,512
Hp,391965.0,AMD,No,16,5,4.8,LCD,NVIDIA,512 GB SSD,0,Large,Mid-end,High-End,5.0,512
Lenovo,216965.0,Intel,No,16,5,3.3,LCD,Intel,512 GB SSD,0,Large,Entry-level,Other,3.5,512
Acer,207900.0,Intel,No,16,5,4.7,LCD,Intel,512 GB SSD,0,Small,Low-end,Other,4.5,512
Lenovo,150465.0,Intel,Yes,8,4,2.7385892116182573,LCD,Intel,512 GB SSD,0,Small,Low-end,Other,2.5,512
Lenovo,598500.0,Intel,No,16,5,4.0,LCD,NVIDIA,1024 GB SSD,0,Large,Mid-end,Other,4.0,1024
Hp,153615.0,AMD,Yes,8,5,4.0,LCD,AMD,512 GB SSD,0,Large,Entry-level,Low-End,4.0,512
Asus,230965.0,AMD,No,16,4,3.3,LCD,NVIDIA,1024 GB SSD,0,Large,Mid-end,Mid-End,3.5,1024
Lenovo,241465.0,Intel,No,16,5,3.4,LCD,Intel,512 GB SSD,0,Small,Entry-level,Other,3.5,512
Asus,290465.0,Intel,No,16,4,3.4,LCD,NVIDIA,1024 GB SSD,0,Large,Mid-end,Other,3.5,1024
Other,279965.0,Intel,No,8,4,2.5,LCD,NVIDIA,512 GB SSD,0,Large,Mid-end,Other,2.5,512
Lenovo,156800.0,AMD,No,8,5,2.8,LCD,AMD,512 GB SSD,0,Large,Low-end,Mid-End,3.0,512
Dell,134715.0,Intel,No,8,4,0.8,LCD,Intel,512 GB SSD,0,Large,Entry-level,Other,1.0,512
Other,230965.0,Intel,No,8,4,3.3,LCD,NVIDIA,512 GB SSD,0,Large,Mid-end,Other,3.5,512
Lenovo,197361.5,AMD,Yes,16,5,2.0,LCD,AMD,512 GB SSD,0,Small,Entry-level,Mid-End,2.0,512
Lenovo,279965.0,AMD,No,16,4,3.1,LCD,NVIDIA,512 GB SSD,0,Large,Mid-end,High-End,3.0,512
Lenovo,206465.0,Intel,Yes,8,4,1.2,LCD,Intel,512 GB SSD,0,Small,Entry-level,Other,1.0,512
Hp,430465.0,Intel,No,16,5,3.4,LCD,NVIDIA,1024 GB SSD,0,Large,Mid-end,Other,3.5,1024
Asus,227465.0,Intel,No,16,4,3.3,LCD,NVIDIA,512 GB SSD,0,Large,Mid-end,Other,3.5,512
Asus,441189.0,Intel,Yes,16,4,2.3,LCD,NVIDIA,512 GB SSD,0,Large,Mid-end,Other,2.5,512
Asus,594965.0,Intel,Yes,16,4,2.6,LCD,NVIDIA,1024 GB SSD,0,Large,Mid-end,Other,2.5,1024
Hp,138246.5,Intel,No,8,4,4.2,LCD,Intel,512 GB SSD,0,Small,Low-end,Other,4.0,512
Dell,150500.0,Intel,No,8,5,0.8,LCD,Intel,256 GB SSD,0,Large,Entry-level,Other,1.0,256
Other,346496.5,Intel,Yes,16,5,3.4,LCD,Intel,512 GB SSD,0,Small,Low-end,Other,3.5,512
Msi,262465.0,Intel,No,8,5,1.2,LCD,Intel,512 GB SSD,0,Small,Low-end,Other,1.0,512
Asus,272965.0,Intel,No,16,4,4.7,LCD,NVIDIA,512 GB SSD,0,Small,Mid-end,Other,4.5,512
Acer,117946.5,Intel,No,8,5,2.7385892116182573,LCD,Intel,256 GB SSD,0,Large,Entry-level,Other,2.5,256
Hp,272860.0,Intel,Yes,16,4,4.2,LCD,Intel,512 GB SSD,0,Small,Low-end,Other,4.0,512
Hp,165515.0,AMD,Yes,8,4,4.2,LCD,AMD,512 GB SSD,0,Small,Entry-level,High-End,4.0,512
Hp,136150.0,Intel,Yes,8,4,4.2,LCD,Intel,512 GB SSD,0,Large,Entry-level,Other,4.0,512
Msi,255465.0,Intel,No,8,4,3.3,LCD,NVIDIA,512 GB SSD,0,Large,Mid-end,Other,3.5,512
Asus,248465.0,Intel,No,16,4,4.7,LED,Intel,1024 GB SSD,0,Large,Low-end,Other,4.5,1024
Asus,976465.0,Intel,No,32,5,2.6,LED,NVIDIA,1024 GB SSD,0,Small,Mid-end,Other,2.5,1024
Msi,419965.0,Intel,No,16,5,4.8,LCD,Intel,1024 GB SSD,0,Small,Low-end,Other,5.0,1024
Hp,515196.5,Intel,No,16,4,4.8,LCD,Intel,1024 GB SSD,0,Large,Entry-level,Other,5.0,1024
Asus,376250.0,AMD,Yes,16,5,4.7,LCD,NVIDIA,1024 GB SSD,0,Large,Mid-end,High-End,4.5,1024
Asus,384965.0,Intel,No,16,5,4.8,LED,Intel,1024 GB SSD,0,Large,Low-end,Other,5.0,1024
Msi,500465.0,Intel,No,16,5,4.8,LCD,Intel,1024 GB SSD,0,Small,Low-end,Other,5.0,1024
Hp,465465.0,Intel,No,16,4,4.7,LCD,Intel,512 GB SSD,0,Small,Low-end,Other,4.5,512
Hp,626850.0,Intel,No,32,4,4.8,LED,Intel,1024 GB SSD,0,Large,Mid-end,Other,5.0,1024
Acer,313274.5,Intel,Yes,16,4,2.9,LCD,NVIDIA,1024 GB SSD,0,Large,Mid-end,Other,3.0,1024
Asus,150465.0,Intel,Yes,8,4,1.7,LCD,Intel,512 GB SSD,0,Large,Entry-level,Other,1.5,512
Samsung,986965.0,Intel,No,32,4,2.7385892116182573,LED,NVIDIA,1024 GB SSD,0,Large,High-end,Other,2.5,1024
Asus,395465.0,Intel,Yes,16,5,1.9,LED,Intel,512 GB SSD,0,Small,Low-end,Other,2.0,512
Asus,349965.0,AMD,No,16,4,2.0,LED,AMD,512 GB SSD,0,Small,Entry-level,High-End,2.0,512
Hp,220146.5,Intel,Yes,8,4,4.2,LCD,Intel,512 GB SSD,0,Large,Low-end,Other,4.0,512
Lenovo,216650.0,AMD,No,8,4,2.1,LCD,AMD,512 GB SSD,0,Small,Entry-level,Mid-End,2.0,512
Dell,210245.0,Intel,Yes,8,4,3.3,LCD,Intel,512 GB SSD,0,Large,Entry-level,Other,3.5,512
Hp,265965.0,AMD,Yes,8,4,4.2,LCD,AMD,512 GB SSD,0,Small,Entry-level,Mid-End,4.0,512
Dell,180246.5,AMD,Yes,8,4,2.3,LCD,AMD,512 GB SSD,0,Large,Entry-level,Mid-End,2.5,512
Dell,220815.0,Intel,Yes,16,4,3.3,LCD,Intel,512 GB SSD,0,Large,Entry-level,Other,3.5,512
Lenovo,1763615.0,Intel,Yes,32,5,2.3,LCD,NVIDIA,1024 GB SSD,0,Large,High-end,Other,2.5,1024
Dell,163975.0,Intel,Yes,8,4,0.8,LCD,Intel,512 GB SSD,0,Small,Entry-level,Other,1.0,512
Dell,284550.0,Intel,No,16,4,1.2,LCD,Intel,512 GB SSD,0,Small,Low-end,Other,1.0,512
Asus,157465.0,Intel,Yes,8,4,3.0,LED,Intel,256 GB SSD,1024,Large,Entry-level,Other,3.0,256
Asus,227465.0,AMD,No,8,4,4.2,LCD,NVIDIA,512 GB SSD,0,Large,Mid-end,Mid-End,4.0,512
Lenovo,306946.5,Intel,No,16,4,2.8,LCD,NVIDIA,512 GB SSD,0,Small,Low-end,Other,3.0,512
Lenovo,300996.5,AMD,No,8,4,4.2,LCD,AMD,512 GB SSD,0,Small,Entry-level,High-End,4.0,512
Lenovo,580965.0,Intel,Yes,16,5,2.1,LCD,Intel,512 GB SSD,0,Small,Low-end,Other,2.0,512
Acer,437496.5,AMD,Yes,16,5,2.7,LED,AMD,1024 GB SSD,0,Large,Entry-level,High-End,2.5,1024
Dell,194355.0,AMD,Yes,16,4,2.3,LCD,AMD,512 GB SSD,0,Large,Entry-level,Mid-End,2.5,512
Hp,293965.0,Intel,Yes,16,4,2.4,LCD,Intel,512 GB SSD,0,Large,Low-end,Other,2.5,512
Dell,129496.5,Intel,No,8,4,4.2,LCD,Intel,512 GB SSD,0,Large,Entry-level,Other,4.0,512
Lenovo,699996.5,Intel,Yes,16,4,2.8,LCD,Intel,1024 GB SSD,0,Small,Low-end,Other,3.0,1024
Asus,125996.5,Intel,Yes,8,4,2.1,LCD,Intel,No SSD,1024,Small,Entry-level,Other,2.0,0
Hp,720650.0,Intel,Yes,16,5,4.7,LCD,NVIDIA,1024 GB SSD,0,Large,High-end,Other,4.5,1024
Hp,80465.0,AMD,No,4,4,2.3,LCD,AMD,No SSD,1024,Small,Entry-level,Other,2.5,0
Msi,367465.0,Intel,Yes,8,4,4.7,LCD,NVIDIA,512 GB SSD,0,Large,Mid-end,Other,4.5,512
Dell,182875.0,Intel,No,8,4,4.2,LCD,Intel,512 GB SSD,0,Small,Entry-level,Other,4.0,512
Msi,607659.5,Intel,No,16,4,4.8,LCD,NVIDIA,1024 GB SSD,0,Large,Mid-end,Other,5.0,1024
Hp,775246.5,Intel,No,32,4,2.5,LCD,NVIDIA,1024 GB SSD,0,Large,Entry-level,Other,2.5,1024
Msi,580965.0,Intel,Yes,16,4,1.4,LCD,NVIDIA,1024 GB SSD,0,Large,Mid-end,Other,1.5,1024
Asus,699965.0,Intel,No,32,4,2.3,LCD,NVIDIA,1024 GB SSD,0,Large,High-end,Other,2.5,1024
Asus,472465.0,AMD,Yes,16,5,4.8,LCD,NVIDIA,1024 GB SSD,0,Large,High-end,High-End,5.0,1024
Dell,194176.5,AMD,No,8,4,2.9869688385269124,LCD,AMD,512 GB SSD,0,Small,Entry-level,Mid-End,3.0,512
Asus,682500.0,Intel,No,32,4,2.3,LCD,NVIDIA,1024 GB SSD,0,Large,High-end,Other,2.5,1024
Lenovo,175000.0,Intel,Yes,8,4,3.0,LCD,Intel,512 GB SSD,0,Small,Entry-level,Other,3.0,512
Hp,867650.0,Intel,Yes,32,4,2.7,LCD,NVIDIA,1024 GB SSD,0,Large,High-end,Other,2.5,1024
Acer,241146.5,Intel,No,16,4,2.5,LCD,NVIDIA,512 GB SSD,0,Large,Mid-end,Other,2.5,512
Lenovo,155746.5,Intel,Yes,4,4,3.0,LCD,Intel,256 GB SSD,0,Small,Entry-level,Other,3.0,256
Asus,111996.5,Intel,Yes,4,4,1.7,LCD,Intel,256 GB SSD,0,Large,Entry-level,Other,1.5,256
Lenovo,384965.0,Intel,No,16,4,2.8,LCD,Intel,1024 GB SSD,0,Large,Low-end,Other,3.0,1024
Msi,608965.0,Intel,Yes,16,4,4.7,LCD,NVIDIA,1024 GB SSD,0,Large,High-end,Other,4.5,1024
Hp,248496.5,AMD,No,8,4,4.2,LCD,AMD,512 GB SSD,0,Small,Entry-level,Mid-End,4.0,512
Acer,279996.5,Intel,Yes,8,4,4.7,LCD,NVIDIA,512 GB SSD,0,Large,Mid-end,Other,4.5,512
Dell,874965.0,Intel,Yes,32,5,3.4,LCD,NVIDIA,1024 GB SSD,0,Large,Mid-end,Other,3.5,1024
Asus,454965.0,Intel,No,16,4,2.1,LCD,NVIDIA,1024 GB SSD,0,Large,Mid-end,Other,2.0,1024
Acer,115465.0,AMD,No,4,4,3.4,LCD,AMD,128 GB SSD,0,Large,Low-end,Low-End,3.5,128
Dell,204746.5,AMD,Yes,16,4,4.0,LCD,AMD,512 GB SSD,0,Large,Entry-level,Mid-End,4.0,512
Other,464065.0,Intel,No,16,4,1.8,LCD,Intel,512 GB SSD,0,Small,Entry-level,Other,2.0,512
Acer,154721.0,Intel,Yes,8,3,4.2,LCD,Intel,No SSD,1024,Large,Low-end,Other,4.0,0
Asus,532003.5,AMD,No,16,4,3.3,LCD,NVIDIA,1024 GB SSD,0,Large,Mid-end,High-End,3.5,1024
Msi,488946.5,Intel,No,16,4,2.7385892116182573,LCD,NVIDIA,1024 GB SSD,0,Large,Mid-end,Other,2.5,1024
Asus,213465.0,Intel,No,8,4,2.0,LCD,NVIDIA,1024 GB SSD,0,Large,Mid-end,Other,2.0,1024
Hp,143146.5,Intel,No,8,4,3.4,LCD,Intel,512 GB SSD,0,Small,Entry-level,Other,3.5,512
Hp,182875.0,Intel,No,8,4,2.4,LED,Intel,512 GB SSD,0,Small,Low-end,Other,2.5,512
Lenovo,235896.5,AMD,Yes,8,4,4.0,LED,NVIDIA,No SSD,1024,Large,Mid-end,Mid-End,4.0,0
Dell,132965.0,AMD,No,8,4,2.6,LED,AMD,No SSD,1024,Large,Low-end,Low-End,2.5,0
Acer,325465.0,AMD,Yes,16,4,4.2,LCD,NVIDIA,256 GB SSD,1024,Large,Mid-end,High-End,4.0,256
Lenovo,117250.0,Intel,No,4,4,3.0,LED,Intel,No SSD,1024,Small,Entry-level,Other,3.0,0
Dell,864465.0,Intel,Yes,16,4,4.7,LCD,NVIDIA,1024 GB SSD,0,Large,Mid-end,Other,4.5,1024
Lenovo,122465.0,Intel,No,4,4,3.0,LED,Intel,256 GB SSD,0,Small,Entry-level,Other,3.0,256
Lenovo,304496.5,Intel,No,16,4,2.7385892116182573,LED,NVIDIA,512 GB SSD,0,Small,High-end,Other,2.5,512
Lenovo,115465.0,Intel,No,4,4,3.0,LED,Intel,256 GB SSD,0,Large,Entry-level,Other,3.0,256
Asus,276465.0,AMD,Yes,8,4,2.9,LED,NVIDIA,512 GB SSD,0,Large,Mid-end,High-End,3.0,512
Asus,314965.0,AMD,No,8,4,2.8,LED,NVIDIA,1024 GB SSD,0,Small,Mid-end,High-End,3.0,1024
Lenovo,308000.0,AMD,No,8,4,2.3,LED,AMD,512 GB SSD,0,Small,Entry-level,Mid-End,2.5,512
Asus,255465.0,AMD,No,8,4,2.9,LED,NVIDIA,1024 GB SSD,0,Small,Mid-end,High-End,3.0,1024
Dell,325496.5,Intel,Yes,8,4,1.6,LED,Intel,512 GB SSD,0,Small,Entry-level,Other,1.5,512
Lenovo,122496.5,Intel,No,4,4,1.2,LED,Intel,No SSD,1024,Large,Entry-level,Other,1.0,0
Lenovo,543938.5,Intel,No,16,4,1.6,LED,Intel,512 GB SSD,0,Small,Entry-level,Other,1.5,512
Asus,234465.0,AMD,No,8,4,2.1,LED,AMD,1024 GB SSD,0,Small,Entry-level,Mid-End,2.0,1024
Lenovo,122465.0,Intel,No,8,4,2.1,LED,Intel,256 GB SSD,0,Small,Entry-level,Other,2.0,256
Asus,524965.0,AMD,Yes,32,4,3.1,LED,NVIDIA,1024 GB SSD,0,Small,Mid-end,High-End,3.0,1024
Hp,212800.0,Intel,No,16,4,4.2,LCD,NVIDIA,512 GB SSD,0,Large,Mid-end,Other,4.0,512
Asus,206465.0,Intel,No,16,4,1.3,LCD,Intel,512 GB SSD,0,Large,Low-end,Other,1.5,512
Lenovo,419965.0,Intel,No,16,5,3.4,LCD,Intel,1024 GB SSD,0,Small,Low-end,Other,3.5,1024
Msi,262496.5,Intel,Yes,8,4,2.7,LCD,NVIDIA,512 GB SSD,0,Large,Mid-end,Other,2.5,512
Hp,374500.0,AMD,Yes,8,4,4.2,LCD,AMD,512 GB SSD,0,Small,Entry-level,Mid-End,4.0,512
Asus,850465.0,Intel,No,16,5,2.6,LED,NVIDIA,1024 GB SSD,0,Small,Mid-end,Other,2.5,1024
Lenovo,139965.0,Intel,No,4,4,1.0,LED,Intel,256 GB SSD,0,Large,Entry-level,Other,1.0,256
Hp,269150.0,Intel,No,16,4,4.2,LCD,NVIDIA,512 GB SSD,0,Large,Mid-end,Other,4.0,512
Asus,608597.5,AMD,No,16,5,4.8,LCD,AMD,1024 GB SSD,0,Small,High-end,High-End,5.0,1024
Other,241465.0,Intel,Yes,16,5,3.4,LCD,Intel,512 GB SSD,0,Small,Low-end,Other,3.5,512
Msi,290465.0,Intel,No,16,4,3.3,LCD,NVIDIA,512 GB SSD,0,Large,Mid-end,Other,3.5,512
Lenovo,159215.0,Intel,Yes,8,4,2.4,LCD,Intel,512 GB SSD,0,Small,Low-end,Other,2.5,512
Msi,262115.0,Intel,No,16,4,1.8,LED,NVIDIA,512 GB SSD,0,Small,Low-end,Other,2.0,512
Lenovo,122493.0,Intel,No,4,4,2.7385892116182573,LCD,Intel,512 GB SSD,0,Large,Entry-level,Other,2.5,512
Hp,383215.0,Intel,Yes,16,5,4.8,LCD,Intel,1024 GB SSD,0,Large,Low-end,Other,5.0,1024
Dell,454965.0,Intel,No,16,4,4.7,LCD,NVIDIA,512 GB SSD,0,Large,Mid-end,Other,4.5,512
Asus,206465.0,Intel,No,16,4,1.3,LCD,Intel,512 GB SSD,0,Large,Low-end,Other,1.5,512
Hp,156096.5,Intel,Yes,8,4,4.2,LCD,Intel,512 GB SSD,0,Small,Low-end,Other,4.0,512
Hp,365396.5,Intel,No,16,4,4.7,LCD,Intel,512 GB SSD,0,Small,Low-end,Other,4.5,512
Asus,323750.0,AMD,Yes,16,4,3.1,LED,NVIDIA,1024 GB SSD,0,Large,Mid-end,High-End,3.0,1024
Dell,266000.0,AMD,Yes,16,4,2.0,LCD,AMD,512 GB SSD,0,Large,Entry-level,High-End,2.0,512
Dell,572915.0,Intel,No,16,5,1.2,LCD,Intel,512 GB SSD,0,Small,Low-end,Other,1.0,512
Dell,813015.0,Intel,Yes,16,4,4.7,LCD,NVIDIA,512 GB SSD,0,Large,Mid-end,Other,4.5,512
Asus,822465.0,Intel,Yes,16,4,4.7,LCD,NVIDIA,1024 GB SSD,0,Large,Mid-end,Other,4.5,1024
Lenovo,539000.0,Intel,No,16,4,2.6,LED,NVIDIA,1024 GB SSD,0,Large,Entry-level,Other,2.5,1024
Lenovo,466651.5,Intel,No,16,5,4.8,LCD,Intel,1024 GB SSD,0,Small,Low-end,Other,5.0,1024
Asus,378000.0,AMD,Yes,16,5,3.3,LCD,NVIDIA,1024 GB SSD,0,Large,Mid-end,High-End,3.5,1024
Dell,241465.0,Intel,Yes,8,4,3.3,LCD,Intel,512 GB SSD,0,Large,Entry-level,Other,3.5,512
Lenovo,122465.0,Intel,No,8,4,3.0,LCD,Intel,256 GB SSD,0,Small,Entry-level,Other,3.0,256
Lenovo,139965.0,Intel,No,4,4,2.5,LED,Intel,No SSD,1024,Small,Entry-level,Other,2.5,0
Dell,328965.0,Intel,No,16,3,1.8,LED,Intel,512 GB SSD,0,Small,Entry-level,Other,2.0,512
Other,332661.0,Intel,Yes,8,5,4.2,LCD,Intel,256 GB SSD,0,Small,Entry-level,Other,4.0,256
Asus,276465.0,Intel,No,8,4,1.8,LED,NVIDIA,256 GB SSD,1024,Large,Low-end,Other,2.0,256
Asus,188965.0,AMD,Yes,16,4,4.2,LCD,AMD,512 GB SSD,0,Large,Entry-level,High-End,4.0,512
Other,472465.0,Intel,No,8,5,4.7,LCD,Intel,256 GB SSD,0,Small,Low-end,Other,4.5,256
Dell,139965.0,Intel,Yes,8,4,4.0,LED,Intel,256 GB SSD,1024,Large,Entry-level,Other,4.0,256
Asus,220465.0,AMD,Yes,16,4,4.0,LCD,AMD,512 GB SSD,0,Large,Entry-level,Mid-End,4.0,512
Hp,298585.0,AMD,Yes,8,5,3.3,LCD,NVIDIA,512 GB SSD,0,Large,Mid-end,Mid-End,3.5,512
Lenovo,664650.0,Intel,Yes,32,5,4.8,LCD,NVIDIA,1024 GB SSD,0,Large,High-end,Other,5.0,1024
Lenovo,132965.0,Intel,No,8,4,3.0,LCD,Intel,512 GB SSD,0,Large,Entry-level,Other,3.0,512
Dell,1159865.0,Intel,No,32,5,4.8,LCD,NVIDIA,1024 GB SSD,0,Large,Mid-end,Other,5.0,1024
Other,258996.5,Intel,No,8,4,2.4,LCD,Intel,128 GB SSD,0,Small,Low-end,Other,2.5,128
Asus,531965.0,AMD,No,16,5,4.7,LCD,AMD,1024 GB SSD,0,Small,High-end,High-End,4.5,1024
Lenovo,77990.5,AMD,Yes,4,4,2.3,LCD,AMD,No SSD,1024,Small,Entry-level,Other,2.5,0
Asus,107765.0,Intel,Yes,4,4,1.1,LCD,Intel,No SSD,1024,Large,Entry-level,Low-End,1.0,0
Other,283496.5,Intel,No,8,4,2.4,LCD,Intel,256 GB SSD,0,Small,Low-end,Other,2.5,256
Other,788679.5,Intel,Yes,16,4,2.3,LCD,NVIDIA,1024 GB SSD,0,Large,High-end,Other,2.5,1024
Lenovo,122465.0,Intel,Yes,8,4,3.0,LCD,Intel,512 GB SSD,0,Small,Entry-level,Other,3.0,512
Hp,101398.5,Intel,No,4,4,1.2,LED,Intel,512 GB SSD,0,Large,Entry-level,Other,1.0,512
Dell,258615.0,AMD,Yes,8,4,3.3,LCD,NVIDIA,512 GB SSD,0,Large,Mid-end,Mid-End,3.5,512
Apple,374465.0,Intel,No,8,3,1.6,LED,Intel,128 GB SSD,0,Small,Entry-level,Other,1.5,128
Asus,230965.0,Intel,Yes,8,4,1.8,LED,NVIDIA,512 GB SSD,0,Large,Low-end,Other,2.0,512
Asus,181615.0,AMD,No,16,4,2.1,LED,AMD,512 GB SSD,0,Large,Entry-level,Mid-End,2.0,512
Lenovo,73465.0,AMD,No,4,4,2.5,LED,AMD,No SSD,1024,Large,Entry-level,Other,2.5,0
Asus,206465.0,Intel,Yes,8,4,1.6,LED,NVIDIA,256 GB SSD,1024,Large,Low-end,Other,1.5,256
Apple,314965.0,Intel,No,8,3,1.6,LED,Intel,128 GB SSD,0,Small,Entry-level,Other,1.5,128
Apple,248500.0,Intel,No,8,3,1.6,LED,Intel,128 GB SSD,0,Small,Entry-level,Other,1.5,128
Dell,311465.0,Intel,No,8,4,2.2,LED,NVIDIA,128 GB SSD,1024,Large,Mid-end,Other,2.0,128
Apple,381465.0,Intel,No,8,3,1.6,LED,Intel,128 GB SSD,0,Small,Entry-level,Other,1.5,128
Hp,374465.0,AMD,Yes,16,4,3.5710437710437706,LED,NVIDIA,1024 GB SSD,0,Large,Mid-end,High-End,3.5,1024
Hp,157748.5,Intel,No,8,4,1.6,LED,Intel,512 GB SSD,0,Small,Entry-level,Other,1.5,512
Lenovo,157465.0,Intel,No,8,4,1.6,LED,NVIDIA,No SSD,1024,Large,Low-end,Other,1.5,0
Msi,164465.0,Intel,No,8,4,1.7,LED,Intel,512 GB SSD,0,Small,Entry-level,Other,1.5,512
Dell,272475.0,Intel,Yes,8,4,2.7385892116182573,LED,NVIDIA,512 GB SSD,0,Small,Low-end,Other,2.5,512
Hp,262465.0,Intel,No,8,4,1.8,LED,Intel,512 GB SSD,0,Small,Entry-level,Other,2.0,512
Hp,152215.0,Intel,No,8,4,3.0,LED,Intel,512 GB SSD,0,Small,Entry-level,Other,3.0,512
Hp,123165.0,Intel,No,4,4,2.3,LED,Intel,No SSD,1024,Large,Entry-level,Other,2.5,0
Msi,248465.0,Intel,No,16,4,2.7,LCD,NVIDIA,512 GB SSD,0,Large,Mid-end,Other,2.5,512
Dell,101465.0,Intel,Yes,4,4,2.0,LED,Intel,No SSD,1024,Large,Entry-level,Other,2.0,0
Hp,169715.0,Intel,Yes,8,4,4.0,LCD,Intel,256 GB SSD,0,Small,Entry-level,Other,4.0,256
Hp,361357.5,Intel,No,8,4,2.8,LED,NVIDIA,128 GB SSD,1024,Large,Mid-end,Other,3.0,128
Dell,301000.0,Intel,No,8,4,2.8,LED,NVIDIA,No SSD,1024,Large,Mid-end,Other,3.0,0
Asus,322224.0,Intel,No,8,3,1.6,LED,NVIDIA,512 GB SSD,0,Small,Low-end,Other,1.5,512
Acer,349965.0,Intel,Yes,16,4,2.8,LED,NVIDIA,1024 GB SSD,0,Large,Mid-end,Other,3.0,1024
Acer,262465.0,Intel,Yes,8,4,2.5,LED,NVIDIA,512 GB SSD,0,Large,Mid-end,Other,2.5,512
Acer,132996.5,AMD,Yes,8,4,3.4,LED,AMD,512 GB SSD,0,Large,Low-end,Mid-End,3.5,512
Asus,281697.5,Intel,Yes,8,4,3.4,LCD,Intel,512 GB SSD,0,Large,Entry-level,Other,3.5,512
Hp,227115.0,AMD,No,16,4,4.2,LCD,NVIDIA,512 GB SSD,0,Large,Mid-end,High-End,4.0,512
Hp,384965.0,Intel,No,16,4,2.6,LED,NVIDIA,256 GB SSD,1024,Large,Mid-end,Other,2.5,256
Acer,85715.0,Intel,Yes,4,3,2.0,LED,Intel,No SSD,1024,Large,Entry-level,Other,2.0,0
Lenovo,185465.0,Intel,Yes,8,4,2.3,LED,NVIDIA,No SSD,1024,Large,Mid-end,Other,2.5,0
Lenovo,77000.0,AMD,No,4,4,2.0,LED,AMD,No SSD,1024,Large,Entry-level,Other,2.0,0
Asus,269465.0,Intel,Yes,16,5,2.6,LED,Intel,512 GB SSD,0,Large,Low-end,Other,2.5,512
Hp,160965.0,Intel,No,4,4,2.1,LED,Intel,256 GB SSD,0,Small,Entry-level,Other,2.0,256
Asus,227465.0,AMD,Yes,8,4,3.0,LED,NVIDIA,512 GB SSD,0,Large,Mid-end,Mid-End,3.0,512
Lenovo,160646.5,Intel,No,4,4,1.6,LED,NVIDIA,256 GB SSD,0,Large,Low-end,Other,1.5,256
Lenovo,118979.0,Intel,Yes,8,4,2.7385892116182573,LCD,Intel,No SSD,1024,Large,Entry-level,Other,2.5,0
Asus,209615.0,AMD,No,8,4,2.1,LED,AMD,512 GB SSD,0,Small,Low-end,Mid-End,2.0,512
Hp,185465.0,Intel,No,8,4,1.6,LED,Intel,128 GB SSD,0,Small,Entry-level,Other,1.5,128
Lenovo,220465.0,Intel,No,8,4,2.4,LED,NVIDIA,256 GB SSD,1024,Large,Mid-end,Other,2.5,256
Lenovo,192500.0,Intel,Yes,8,4,1.0,LED,Intel,512 GB SSD,0,Large,Entry-level,Other,1.0,512
Hp,80465.0,Intel,No,4,3,1.6,LED,Intel,No SSD,1024,Large,Entry-level,Low-End,1.5,0
Asus,136465.0,AMD,Yes,8,4,2.1,LED,AMD,No SSD,1024,Large,Low-end,Mid-End,2.0,0
Dell,153646.5,Intel,Yes,4,4,1.2,LED,Intel,256 GB SSD,1024,Large,Entry-level,Other,1.0,256
Hp,330715.0,Intel,No,8,3,1.8,LED,NVIDIA,256 GB SSD,0,Small,Low-end,Other,2.0,256
Asus,262465.0,Intel,No,8,4,2.4,LED,Intel,512 GB SSD,0,Small,Low-end,Other,2.5,512
Hp,274323.0,Intel,No,8,3,1.8,LED,Intel,256 GB SSD,0,Small,Entry-level,Other,2.0,256
Acer,191523.5,Intel,No,8,4,4.2,LED,Intel,512 GB SSD,0,Small,Low-end,Other,4.0,512
Dell,402465.0,Intel,Yes,16,4,2.8,LED,NVIDIA,256 GB SSD,1024,Large,Mid-end,Other,3.0,256
Lenovo,249112.5,Intel,Yes,8,4,2.5,LED,Intel,No SSD,1024,Small,Entry-level,Other,2.5,0
Lenovo,241808.0,Intel,No,8,4,2.5,LED,AMD,No SSD,1024,Small,Entry-level,Other,2.5,0
Asus,377965.0,Intel,Yes,8,4,2.8,LED,NVIDIA,No SSD,1024,Large,Mid-end,Other,3.0,0
Lenovo,217406.0,Intel,No,8,4,2.5,LED,Intel,128 GB SSD,1024,Small,Entry-level,Other,2.5,128
Hp,146965.0,Intel,No,8,4,1.7,LCD,Intel,256 GB SSD,1024,Large,Entry-level,Other,1.5,256
Hp,99183.0,Intel,Yes,4,4,2.0,LED,AMD,No SSD,1024,Large,Low-end,Other,2.0,0
Hp,100625.0,Intel,No,4,4,2.3,LED,Intel,No SSD,1024,Small,Entry-level,Other,2.5,0
Asus,244996.5,Intel,No,8,4,2.4,LED,Intel,512 GB SSD,0,Small,Low-end,Other,2.5,512
Lenovo,391615.0,Intel,Yes,8,4,1.8,LED,NVIDIA,256 GB SSD,1024,Large,Low-end,Other,2.0,256
Hp,81354.0,Intel,Yes,4,3,1.6,LED,Intel,No SSD,1024,Large,Entry-level,Low-End,1.5,0
Hp,216965.0,Intel,No,8,4,1.6,LED,NVIDIA,256 GB SSD,1024,Small,Low-end,Other,1.5,256
Hp,202965.0,Intel,No,8,4,1.6,LED,AMD,256 GB SSD,1024,Small,Low-end,Other,1.5,256
Dell,339465.0,Intel,No,16,4,1.8,LED,Intel,512 GB SSD,0,Small,Entry-level,Other,2.0,512
Hp,279965.0,Intel,No,8,4,1.6,LED,NVIDIA,512 GB SSD,0,Small,Low-end,Other,1.5,512
Asus,314965.0,Intel,No,16,4,2.3,LED,NVIDIA,1024 GB SSD,0,Large,Mid-end,Other,2.5,1024
Hp,135033.5,Intel,No,4,4,2.4,LED,Intel,No SSD,1024,Small,Entry-level,Other,2.5,0
Asus,185465.0,Intel,Yes,8,4,1.6,LED,NVIDIA,No SSD,1024,Large,Mid-end,Other,1.5,0
Hp,367465.0,AMD,No,16,4,3.0,LED,NVIDIA,512 GB SSD,0,Large,Mid-end,Mid-End,3.0,512
Lenovo,105794.5,AMD,Yes,8,4,3.0,LED,AMD,No SSD,1024,Large,Entry-level,Other,3.0,0
Apple,314965.0,Intel,No,8,3,1.1,LED,Intel,256 GB SSD,0,Small,Entry-level,Low-End,1.0,256
Asus,145565.0,Intel,Yes,8,4,1.6,LED,NVIDIA,No SSD,1024,Large,Low-end,Other,1.5,0
Other,146996.5,Intel,No,8,3,1.6,LED,Intel,512 GB SSD,0,Small,Entry-level,Other,1.5,512
Lenovo,107800.0,Intel,No,4,4,2.1,LED,Intel,No SSD,1024,Small,Entry-level,Other,2.0,0
Asus,407750.0,Intel,Yes,16,4,4.8,LCD,NVIDIA,1024 GB SSD,0,Large,Mid-end,Other,5.0,1024
Hp,96215.0,AMD,No,4,4,2.5,LED,AMD,No SSD,1024,Large,Low-end,Low-End,2.5,0
Hp,300965.0,AMD,No,8,4,2.9,LED,NVIDIA,512 GB SSD,0,Large,Mid-end,High-End,3.0,512
Asus,122465.0,Intel,Yes,4,4,2.1,LED,Intel,256 GB SSD,0,Large,Entry-level,Other,2.0,256
Msi,402465.0,Intel,Yes,16,4,4.7,LCD,NVIDIA,1024 GB SSD,0,Large,Mid-end,Other,4.5,1024
Lenovo,140665.0,Intel,No,4,3,2.0,LED,Intel,No SSD,1024,Large,Entry-level,Other,2.0,0
Hp,276496.5,AMD,No,16,4,3.5710437710437706,LED,NVIDIA,512 GB SSD,0,Large,Mid-end,High-End,3.5,512
Acer,94465.0,AMD,Yes,4,4,2.3,LED,AMD,No SSD,1024,Large,Entry-level,Other,2.5,0
Asus,137347.0,Intel,No,8,4,1.6,LED,NVIDIA,256 GB SSD,1024,Large,Low-end,Other,1.5,256
Hp,104965.0,Intel,No,8,4,2.0,LED,AMD,No SSD,1024,Large,Low-end,Other,2.0,0
Asus,183365.0,Intel,No,8,4,1.0,LED,Intel,512 GB SSD,0,Small,Entry-level,Other,1.0,512
Hp,174965.0,Intel,No,8,4,1.0,LED,Intel,512 GB SSD,0,Small,Entry-level,Other,1.0,512
Lenovo,101465.0,Intel,No,4,4,2.7,LED,Intel,No SSD,1024,Large,Entry-level,Other,2.5,0
Other,133098.0,Intel,No,8,3,1.2,LED,Intel,256 GB SSD,0,Small,Entry-level,Other,1.0,256
Other,131565.0,Intel,No,8,4,1.6,LED,Intel,512 GB SSD,0,Small,Entry-level,Other,1.5,512
Acer,202965.0,AMD,Yes,8,4,2.3,LED,NVIDIA,512 GB SSD,0,Large,Mid-end,High-End,2.5,512
Acer,73465.0,Intel,Yes,4,4,1.1,LED,Intel,No SSD,1024,Large,Entry-level,Low-End,1.0,0
Acer,268194.5,Intel,Yes,16,4,2.6,LED,NVIDIA,256 GB SSD,1024,Large,Mid-end,Other,2.5,256
Asus,106715.0,Intel,No,4,4,2.3,LED,Intel,No SSD,1024,Large,Entry-level,Other,2.5,0
Apple,283150.0,Intel,No,8,3,1.6,LED,Intel,128 GB SSD,0,Small,Entry-level,Other,1.5,128
Lenovo,132965.0,Intel,No,8,4,2.0,LED,NVIDIA,No SSD,1024,Large,Low-end,Other,2.0,0
Other,86247.0,Intel,No,8,4,1.6,LED,NVIDIA,512 GB SSD,0,Small,Low-end,Other,1.5,512
Hp,160965.0,Intel,No,8,4,1.2,LED,Intel,No SSD,1024,Large,Entry-level,Other,1.0,0
Lenovo,106715.0,AMD,Yes,4,4,2.6,LED,AMD,No SSD,1024,Large,Low-end,Low-End,2.5,0
Hp,118965.0,Intel,No,8,4,2.3,LED,Intel,256 GB SSD,0,Small,Entry-level,Other,2.5,256
Dell,99431.5,Intel,Yes,4,4,2.3,LED,Intel,No SSD,1024,Small,Entry-level,Other,2.5,0
Lenovo,108430.0,Intel,Yes,4,4,2.3,LED,Intel,No SSD,1024,Large,Entry-level,Other,2.5,0
Lenovo,122006.5,Intel,No,8,4,1.6,LED,NVIDIA,No SSD,1024,Large,Low-end,Other,1.5,0
Hp,71438.5,Intel,No,4,3,1.6,LED,Intel,No SSD,1024,Large,Entry-level,Low-End,1.5,0
Asus,80465.0,Intel,No,4,4,2.3,LED,Intel,No SSD,1024,Large,Entry-level,Other,2.5,0
Other,157496.5,Intel,No,8,4,1.6,LED,Intel,256 GB SSD,0,Small,Entry-level,Other,1.5,256
Acer,81431.0,Intel,Yes,4,4,2.3,LED,Intel,No SSD,500,Large,Entry-level,Low-End,2.5,0
Asus,83044.5,Intel,No,4,4,1.2,LED,Intel,512 GB SSD,0,Small,Entry-level,Other,1.0,512
Lenovo,108465.0,Intel,Yes,8,4,1.2,LED,Intel,No SSD,1024,Large,Entry-level,Other,1.0,0
Lenovo,77892.5,Intel,No,4,4,2.3,LED,Intel,No SSD,1024,Large,Entry-level,Other,2.5,0
Lenovo,87465.0,AMD,No,4,4,2.4,LED,AMD,No SSD,1024,Large,Entry-level,Other,2.5,0
Hp,125615.0,Intel,No,8,4,1.2,LED,Intel,No SSD,1024,Large,Entry-level,Other,1.0,0
Dell,104965.0,Intel,Yes,4,4,2.0,LED,Intel,No SSD,1024,Large,Entry-level,Other,2.0,0
Dell,150496.5,Intel,No,8,3,2.5,LED,AMD,No SSD,1024,Large,Mid-end,Other,2.5,0
Acer,279965.0,Intel,Yes,8,4,2.2,LED,NVIDIA,128 GB SSD,1024,Large,Mid-end,Other,2.0,128
Hp,67588.5,AMD,No,4,4,2.6,LED,AMD,256 GB SSD,0,Small,Entry-level,Other,2.5,256
Acer,209615.0,Intel,Yes,8,4,2.5,LED,NVIDIA,128 GB SSD,1024,Large,Mid-end,Other,2.5,128
Hp,172714.5,Intel,No,8,4,2.1,LED,Intel,512 GB SSD,0,Small,Entry-level,Other,2.0,512
Hp,108465.0,AMD,No,4,4,2.6,LED,AMD,No SSD,1024,Large,Low-end,Low-End,2.5,0
Msi,174965.0,Intel,No,8,4,2.5,LED,NVIDIA,256 GB SSD,1024,Large,Mid-end,Other,2.5,256
Hp,70808.5,AMD,No,4,4,2.6,LED,AMD,No SSD,1024,Large,Entry-level,Other,2.5,0
Dell,200259.5,Intel,Yes,8,4,1.0,LED,Intel,256 GB SSD,1024,Small,Entry-level,Other,1.0,256
Asus,118965.0,AMD,No,8,5,2.4,LCD,AMD,512 GB SSD,0,Large,Entry-level,Low-End,2.5,512
Dell,177012.5,Intel,No,8,4,1.6,LED,AMD,No SSD,1024,Small,Low-end,Other,1.5,0
Hp,87465.0,Intel,No,4,4,1.1,LED,Intel,No SSD,1024,Large,Entry-level,Low-End,1.0,0
Acer,188965.0,AMD,Yes,8,4,2.0,LED,AMD,No SSD,1024,Large,Mid-end,Mid-End,2.0,0
Lenovo,85298.5,AMD,No,8,4,2.0,LED,AMD,No SSD,1024,Large,Low-end,Mid-End,2.0,0
Hp,170425.5,Intel,No,8,4,1.6,LED,Intel,512 GB SSD,0,Small,Entry-level,Other,1.5,512
Hp,75915.0,AMD,Yes,4,4,3.0,LED,AMD,No SSD,1024,Large,Low-end,Other,3.0,0
Acer,167615.0,AMD,Yes,8,4,2.1,LED,AMD,No SSD,1024,Large,Mid-end,Mid-End,2.0,0
Hp,108465.0,AMD,No,8,4,2.3,LCD,AMD,512 GB SSD,0,Large,Entry-level,Other,2.5,512
Asus,111965.0,Intel,No,8,4,3.0,LCD,Intel,512 GB SSD,0,Small,Entry-level,Other,3.0,512
Lenovo,62965.0,AMD,No,4,4,2.6,LED,AMD,No SSD,1024,Large,Entry-level,Other,2.5,0
Asus,52465.0,Intel,No,4,4,1.1,LED,Intel,No SSD,1024,Large,Entry-level,Low-End,1.0,0
Lenovo,80468.5,Intel,Yes,4,4,1.2,LED,Intel,No SSD,1024,Large,Entry-level,Other,1.0,0
Acer,90965.0,Intel,Yes,4,3,1.1,LED,Intel,No SSD,500,Large,Entry-level,Low-End,1.0,0
Lenovo,118464.5,Intel,No,8,4,1.0,LED,Intel,No SSD,1024,Small,Entry-level,Other,1.0,0
Dell,73465.0,Intel,Yes,4,3,1.6,LED,Intel,No SSD,500,Large,Entry-level,Low-End,1.5,0
Hp,99144.5,AMD,No,8,4,2.7,LED,AMD,512 GB SSD,0,Small,Entry-level,Low-End,2.5,512
Lenovo,76965.0,AMD,No,4,4,2.6,LED,AMD,No SSD,1024,Large,Entry-level,Other,2.5,0
Asus,202506.5,Intel,Yes,8,4,2.4,LED,NVIDIA,512 GB SSD,0,Large,Mid-end,Other,2.5,512
Lenovo,220150.0,Intel,No,16,4,2.4,LED,Intel,512 GB SSD,0,Large,Low-end,Other,2.5,512
Lenovo,139965.0,AMD,No,8,4,2.1,LED,AMD,512 GB SSD,0,Large,Low-end,Mid-End,2.0,512
Hp,164188.5,Intel,No,8,4,1.6,LED,Intel,No SSD,1024,Large,Entry-level,Other,1.5,0
Hp,103712.0,Intel,No,4,4,2.4,LED,Intel,No SSD,1024,Large,Entry-level,Low-End,2.5,0
Dell,109126.5,Intel,No,8,4,1.7,LED,Intel,No SSD,1024,Small,Entry-level,Other,1.5,0
Lenovo,144868.5,Intel,No,8,4,1.1,LED,Intel,No SSD,1024,Large,Entry-level,Other,1.0,0
Acer,101496.5,Intel,Yes,4,3,1.6,LED,Intel,No SSD,500,Small,Entry-level,Low-End,1.5,0
Acer,209965.0,Intel,Yes,8,4,2.4,LED,NVIDIA,256 GB SSD,1024,Large,Mid-end,Other,2.5,256
Asus,206465.0,Intel,Yes,8,4,2.5,LCD,Intel,512 GB SSD,0,Small,Low-end,Other,2.5,512
Asus,206465.0,Intel,No,8,4,2.5,LCD,Intel,512 GB SSD,0,Small,Low-end,Other,2.5,512
Asus,146965.0,Intel,No,8,4,3.0,LED,Intel,256 GB SSD,0,Large,Entry-level,Other,3.0,256
Dell,108493.0,Intel,No,4,4,2.3,LED,Intel,No SSD,1024,Large,Entry-level,Other,2.5,0
Asus,144868.5,Intel,No,8,4,2.4,LED,NVIDIA,512 GB SSD,0,Large,Mid-end,Other,2.5,512
Lenovo,117250.0,Intel,Yes,4,4,2.1,LED,Intel,256 GB SSD,0,Large,Entry-level,Other,2.0,256
Dell,94465.0,Intel,No,4,4,2.0,LED,Intel,No SSD,1024,Large,Entry-level,Other,2.0,0
Dell,104811.0,Intel,Yes,4,4,2.0,LED,Intel,No SSD,1024,Large,Entry-level,Other,2.0,0
Lenovo,137140.5,Intel,No,8,4,2.4,LED,NVIDIA,No SSD,1024,Large,Mid-end,Other,2.5,0
Acer,279650.0,Intel,No,16,4,2.7385892116182573,LED,NVIDIA,256 GB SSD,1024,Large,Mid-end,Other,2.5,256
Lenovo,185465.0,Intel,No,8,4,2.4,LED,NVIDIA,No SSD,1024,Large,Mid-end,Other,2.5,0
Lenovo,139394.5,Intel,No,8,4,1.0,LED,Intel,256 GB SSD,1024,Small,Entry-level,Other,1.0,256
Hp,80146.5,Intel,No,8,4,3.4,LED,Intel,256 GB SSD,0,Small,Entry-level,Low-End,3.5,256
Hp,108804.5,Intel,No,4,4,2.5,LED,Intel,No SSD,1024,Large,Entry-level,Other,2.5,0
Acer,94496.5,Intel,Yes,4,3,2.3,LED,Intel,No SSD,500,Large,Entry-level,Other,2.5,0
Asus,102364.5,AMD,No,8,4,2.3,LED,AMD,512 GB SSD,0,Small,Entry-level,Mid-End,2.5,512
Asus,71746.5,Intel,Yes,4,4,1.6226993865030674,LCD,Intel,No SSD,1024,Large,Entry-level,Low-End,1.5,0
Asus,185465.0,Intel,Yes,8,4,2.4,LED,NVIDIA,No SSD,1024,Large,Mid-end,Other,2.5,0
Hp,66465.0,AMD,Yes,4,3,1.8,LED,AMD,No SSD,500,Large,Entry-level,Low-End,2.0,0
Hp,101496.5,AMD,No,4,4,2.6,LED,AMD,256 GB SSD,0,Large,Low-end,Low-End,2.5,256
Lenovo,213115.0,Intel,No,16,4,2.4,LED,Intel,512 GB SSD,0,Large,Low-end,Other,2.5,512
Lenovo,151865.0,Intel,No,8,4,1.1,LED,Intel,No SSD,1024,Large,Entry-level,Other,1.0,0
Hp,265965.0,AMD,Yes,16,4,2.9,LED,NVIDIA,256 GB SSD,1024,Large,Mid-end,High-End,3.0,256
Asus,265965.0,Intel,Yes,8,4,2.5,LED,NVIDIA,512 GB SSD,0,Large,Mid-end,Other,2.5,512
Hp,118965.0,Intel,No,8,4,2.3,LED,Intel,No SSD,1024,Large,Entry-level,Other,2.5,0
Other,127715.0,Intel,No,8,4,1.0,LCD,Intel,512 GB SSD,0,Small,Entry-level,Other,1.0,512
Dell,206048.5,Intel,No,8,4,2.3,LED,NVIDIA,128 GB SSD,1024,Large,Mid-end,Other,2.5,128
Lenovo,101146.5,Intel,No,4,4,1.1,LED,Intel,256 GB SSD,0,Large,Entry-level,Low-End,1.0,256
Msi,155365.0,AMD,No,8,4,2.9869688385269124,LED,AMD,512 GB SSD,0,Small,Entry-level,Mid-End,3.0,512
Lenovo,124250.0,Intel,No,8,4,3.0,LED,Intel,512 GB SSD,0,Large,Entry-level,Other,3.0,512
Hp,175266.0,Intel,No,8,4,1.0,LED,Intel,256 GB SSD,1024,Small,Entry-level,Other,1.0,256
Msi,188965.0,Intel,No,8,4,2.4,LED,NVIDIA,No SSD,1024,Large,Mid-end,Other,2.5,0
Lenovo,80115.0,AMD,Yes,4,4,3.0,LED,AMD,No SSD,1024,Large,Entry-level,Other,3.0,0
Other,110215.0,Intel,No,8,3,1.6,LED,Intel,256 GB SSD,0,Small,Entry-level,Other,1.5,256
Dell,78214.5,Intel,Yes,4,4,1.2,LED,Intel,256 GB SSD,0,Small,Entry-level,Other,1.0,256
Asus,311465.0,Intel,Yes,16,4,2.6,LED,NVIDIA,512 GB SSD,0,Large,Mid-end,Other,2.5,512
Acer,224724.5,Intel,Yes,16,4,2.5,LED,NVIDIA,256 GB SSD,1024,Large,Mid-end,Other,2.5,256
Dell,105791.0,Intel,No,4,4,2.3,LED,Intel,No SSD,1024,Large,Entry-level,Other,2.5,0
Asus,209965.0,AMD,No,16,4,3.3,LED,AMD,512 GB SSD,0,Small,Entry-level,Mid-End,3.5,512
Asus,76965.0,AMD,No,4,3,2.2,LED,AMD,No SSD,1024,Large,Entry-level,Other,2.0,0
Hp,121443.0,Intel,No,8,4,2.1,LED,Intel,No SSD,1024,Large,Entry-level,Other,2.0,0
Dell,110421.5,Intel,Yes,4,4,2.0,LED,Intel,No SSD,1024,Small,Entry-level,Other,2.0,0
Hp,63437.5,AMD,No,4,4,2.3,LED,AMD,256 GB SSD,0,Small,Entry-level,Other,2.5,256
Lenovo,85620.5,Intel,No,4,4,1.2,LED,Intel,256 GB SSD,0,Large,Entry-level,Other,1.0,256
Hp,426996.5,Intel,Yes,8,4,2.4,LCD,NVIDIA,256 GB SSD,0,Large,Mid-end,Other,2.5,256
Lenovo,236215.0,AMD,Yes,8,4,3.0,LED,NVIDIA,512 GB SSD,0,Large,Mid-end,Mid-End,3.0,512
Asus,188965.0,AMD,Yes,8,4,4.0,LCD,NVIDIA,1024 GB SSD,0,Large,Mid-end,Mid-End,4.0,1024
Lenovo,146965.0,Intel,No,8,4,1.2,LED,Intel,256 GB SSD,0,Small,Entry-level,Other,1.0,256
Apple,382865.0,Apple,Yes,16,4,2.9,LCD,Apple,256 GB SSD,0,Small,High-end,Apple M-series,3.0,256
Asus,349965.0,Intel,Yes,16,4,2.2,LED,NVIDIA,256 GB SSD,1024,Large,Mid-end,Other,2.0,256
Asus,87496.5,AMD,Yes,4,3,2.2,LED,AMD,No SSD,1024,Large,Entry-level,Other,2.0,0
Dell,323337.0,Intel,Yes,8,4,1.8,LED,NVIDIA,256 GB SSD,1024,Large,Low-end,Other,2.0,256
Acer,192465.0,AMD,Yes,8,4,2.1,LED,NVIDIA,No SSD,1024,Large,Mid-end,Mid-End,2.0,0
Asus,139965.0,AMD,No,8,5,2.8,LCD,AMD,512 GB SSD,0,Large,Entry-level,Mid-End,3.0,512
Lenovo,75638.5,AMD,No,4,4,2.3,LED,AMD,No SSD,1024,Large,Entry-level,Other,2.5,0
Lenovo,120022.0,AMD,No,8,4,2.6,LED,AMD,256 GB SSD,0,Large,Low-end,Low-End,2.5,256
Hp,82400.5,AMD,No,4,4,2.6,LED,AMD,No SSD,1024,Large,Entry-level,Low-End,2.5,0
Lenovo,80146.5,Intel,Yes,4,4,2.0,LED,Intel,No SSD,1024,Large,Entry-level,Other,2.0,0
Hp,132965.0,Intel,No,8,4,2.3,LED,Intel,No SSD,1024,Large,Entry-level,Other,2.5,0
Msi,211844.5,Intel,No,16,4,2.6,LED,NVIDIA,512 GB SSD,0,Large,Mid-end,Other,2.5,512
Msi,262465.0,Intel,No,16,4,2.7385892116182573,LED,NVIDIA,1024 GB SSD,0,Large,Mid-end,Other,2.5,1024
Asus,286965.0,Intel,No,8,4,1.8,LED,NVIDIA,256 GB SSD,1024,Small,Low-end,Other,2.0,256
Asus,286965.0,Intel,No,8,4,1.8,LED,NVIDIA,256 GB SSD,1024,Small,Low-end,Other,2.0,256
Apple,332465.0,Intel,No,8,3,1.6,LED,Intel,128 GB SSD,0,Small,Entry-level,Other,1.5,128
Asus,132965.0,Intel,No,8,4,1.0,LED,Intel,No SSD,1024,Large,Entry-level,Other,1.0,0
Asus,206500.0,Intel,Yes,8,4,1.8,LED,NVIDIA,256 GB SSD,1024,Small,Low-end,Other,2.0,256
Acer,279965.0,Intel,Yes,16,4,2.4,LED,NVIDIA,256 GB SSD,1024,Large,Mid-end,Other,2.5,256
Asus,98178.5,Intel,Yes,4,4,2.1,LED,Intel,512 GB SSD,0,Large,Entry-level,Other,2.0,512
Lenovo,225365.0,Intel,No,8,4,2.4,LED,NVIDIA,256 GB SSD,1024,Large,Mid-end,Other,2.5,256
Hp,112220.5,Intel,Yes,8,4,2.4,LED,Intel,No SSD,1024,Large,Entry-level,Other,2.5,0
Other,125527.5,Intel,No,8,4,4.2,LCD,Intel,256 GB SSD,0,Large,Entry-level,Other,4.0,256
Asus,363965.0,AMD,Yes,8,4,3.3,LED,NVIDIA,1024 GB SSD,0,Large,Mid-end,Mid-End,3.5,1024
Apple,293965.0,Intel,No,8,4,1.1,LED,Intel,256 GB SSD,0,Small,Low-end,Other,1.0,256
Acer,186728.5,Intel,No,16,5,2.5,LED,Intel,512 GB SSD,0,Small,Low-end,Other,2.5,512
Acer,192465.0,Intel,No,8,5,2.5,LED,Intel,512 GB SSD,0,Small,Low-end,Other,2.5,512
Asus,201722.5,Intel,No,8,4,1.0,LED,NVIDIA,512 GB SSD,0,Small,Low-end,Other,1.0,512
Acer,232214.5,Intel,Yes,8,4,2.5,LED,NVIDIA,No SSD,1024,Large,Mid-end,Other,2.5,0
Asus,202828.5,Intel,No,16,4,2.6,LED,NVIDIA,512 GB SSD,0,Large,Mid-end,Other,2.5,512
Acer,86730.0,Intel,Yes,4,3,1.1,LED,Intel,No SSD,1024,Large,Entry-level,Low-End,1.0,0
Acer,211424.5,Intel,Yes,8,4,2.5,LED,NVIDIA,No SSD,1024,Large,Mid-end,Other,2.5,0
Lenovo,80465.0,AMD,No,4,4,2.6,LED,AMD,No SSD,1024,Large,Low-end,Low-End,2.5,0
Lenovo,104965.0,Intel,Yes,4,4,2.0,LED,Intel,No SSD,1024,Large,Entry-level,Other,2.0,0
Lenovo,174965.0,Intel,Yes,16,4,4.7,LCD,Intel,512 GB SSD,0,Large,Low-end,Other,4.5,512
Hp,209646.5,Intel,Yes,8,4,4.2,LED,NVIDIA,256 GB SSD,1024,Large,Low-end,Other,4.0,256
Msi,339465.0,Intel,Yes,16,4,2.2,LED,NVIDIA,128 GB SSD,1024,Large,Mid-end,Other,2.0,128
Hp,101465.0,Intel,No,4,4,2.4,LED,Intel,No SSD,1024,Large,Entry-level,Other,2.5,0
Acer,64610.0,Intel,Yes,4,3,1.7,LED,Intel,No SSD,500,Small,Entry-level,Low-End,1.5,0
Lenovo,171465.0,AMD,Yes,8,4,3.3,LCD,NVIDIA,512 GB SSD,0,Large,Mid-end,Mid-End,3.5,512
Asus,235865.0,AMD,Yes,8,4,2.3,LED,NVIDIA,512 GB SSD,0,Large,Mid-end,High-End,2.5,512
Hp,123109.0,AMD,No,4,4,2.6,LED,AMD,256 GB SSD,1024,Large,Entry-level,Low-End,2.5,256
Msi,262465.0,Intel,Yes,8,4,2.2,LED,NVIDIA,128 GB SSD,1024,Large,Mid-end,Other,2.0,128
Hp,187215.0,Intel,No,8,4,4.2,LED,Intel,No SSD,1024,Large,Entry-level,Other,4.0,0
Asus,255465.0,Intel,No,16,4,2.6,LED,NVIDIA,512 GB SSD,0,Large,Mid-end,Other,2.5,512
Asus,75215.0,AMD,Yes,4,4,2.5,LED,AMD,No SSD,1024,Large,Entry-level,Other,2.5,0
Asus,157430.0,AMD,No,16,4,4.0,LCD,AMD,512 GB SSD,0,Large,Entry-level,High-End,4.0,512
Hp,178465.0,Intel,No,8,4,1.6,LED,NVIDIA,No SSD,1024,Large,Low-end,Other,1.5,0
Dell,159250.0,Intel,Yes,8,4,1.2,LCD,Intel,256 GB SSD,1024,Large,Entry-level,Other,1.0,256
Hp,129496.5,Intel,No,4,4,1.2,LED,Intel,No SSD,1024,Small,Entry-level,Other,1.0,0
Dell,117498.5,AMD,Yes,8,4,2.1,LED,AMD,256 GB SSD,0,Large,Low-end,Mid-End,2.0,256
Lenovo,161612.5,Intel,No,8,4,2.4,LED,NVIDIA,256 GB SSD,1024,Large,Mid-end,Other,2.5,256
Lenovo,276465.0,Intel,Yes,8,4,2.6,LED,NVIDIA,256 GB SSD,1024,Large,Mid-end,Other,2.5,256
Hp,183715.0,AMD,No,8,4,4.0,LED,AMD,512 GB SSD,0,Small,Entry-level,Mid-End,4.0,512
Asus,122465.0,AMD,Yes,8,4,2.0,LED,AMD,No SSD,1024,Large,Low-end,Mid-End,2.0,0
Msi,402465.0,Intel,No,16,4,2.6,LED,NVIDIA,256 GB SSD,1024,Large,Mid-end,Other,2.5,256
Asus,272965.0,AMD,Yes,8,4,2.1,LED,NVIDIA,256 GB SSD,1024,Large,Mid-end,Mid-End,2.0,256
Hp,194362.0,Intel,Yes,8,4,1.6,LED,AMD,No SSD,1024,Large,Low-end,Other,1.5,0
Asus,90265.0,Intel,Yes,4,3,2.3,LED,Intel,No SSD,1024,Large,Entry-level,Other,2.5,0
Hp,118965.0,Intel,No,4,4,2.3,LED,Intel,128 GB SSD,1024,Large,Entry-level,Other,2.5,128
Hp,164500.0,Intel,No,4,4,1.2,LED,Intel,No SSD,1024,Small,Entry-level,Other,1.0,0
Hp,76261.5,AMD,No,4,4,2.6,LED,AMD,No SSD,1024,Small,Entry-level,Other,2.5,0
Other,57715.0,AMD,No,4,4,2.4,LED,AMD,128 GB SSD,0,Small,Entry-level,Other,2.5,128
Lenovo,117215.0,Intel,No,8,4,2.1,LED,Intel,256 GB SSD,0,Small,Entry-level,Other,2.0,256
Hp,121999.5,Intel,No,4,3,2.0,LED,Intel,No SSD,1024,Large,Entry-level,Other,2.0,0
Asus,90965.0,Intel,Yes,4,4,2.4,LED,Intel,No SSD,1024,Large,Entry-level,Other,2.5,0
Lenovo,166250.0,Intel,Yes,8,4,2.4,LED,Intel,512 GB SSD,0,Small,Low-end,Other,2.5,512
Msi,244965.0,Intel,Yes,8,4,2.5,LED,NVIDIA,No SSD,1024,Large,Mid-end,Other,2.5,0
Hp,171272.5,Intel,No,16,4,4.2,LED,Intel,512 GB SSD,0,Small,Entry-level,Other,4.0,512
Hp,78715.0,Intel,Yes,4,4,1.1,LED,Intel,No SSD,1024,Large,Entry-level,Low-End,1.0,0
Msi,252875.0,Intel,No,16,4,2.5,LED,NVIDIA,512 GB SSD,0,Large,Mid-end,Other,2.5,512
Asus,109900.0,AMD,Yes,4,4,2.0,LED,AMD,No SSD,1024,Large,Low-end,Mid-End,2.0,0
Asus,66944.5,Intel,No,4,4,1.2,LED,Intel,No SSD,1024,Large,Entry-level,Other,1.0,0
Asus,118965.0,Intel,Yes,4,4,2.1,LED,Intel,512 GB SSD,0,Small,Entry-level,Other,2.0,512
Msi,244965.0,AMD,No,16,4,2.3,LED,AMD,256 GB SSD,1024,Large,Mid-end,High-End,2.5,256
Lenovo,133000.0,Intel,No,4,4,2.4,LED,Intel,No SSD,1024,Small,Entry-level,Other,2.5,0
Lenovo,192465.0,Intel,No,8,4,2.7385892116182573,LED,Intel,256 GB SSD,0,Small,Entry-level,Other,2.5,256
Asus,220465.0,Intel,No,8,3,1.6,LED,Intel,256 GB SSD,0,Small,Entry-level,Other,1.5,256
Hp,101465.0,AMD,Yes,4,3,2.2,LED,AMD,No SSD,1024,Large,Mid-end,Other,2.0,0
Hp,188965.0,Intel,No,8,4,1.0,LED,Intel,512 GB SSD,0,Small,Entry-level,Other,1.0,512
Lenovo,139965.0,Intel,No,8,4,1.6,LED,NVIDIA,No SSD,1024,Large,Low-end,Other,1.5,0
Asus,139965.0,AMD,Yes,8,4,3.0,LED,NVIDIA,512 GB SSD,0,Large,Mid-end,Mid-End,3.0,512
Asus,101850.0,Intel,No,8,4,2.0,LED,Intel,No SSD,1024,Large,Entry-level,Other,2.0,0
Msi,419965.0,Intel,Yes,16,4,2.8,LED,NVIDIA,128 GB SSD,1024,Large,Mid-end,Other,3.0,128
Other,122465.0,Intel,No,8,4,1.6,LED,Intel,512 GB SSD,0,Small,Entry-level,Other,1.5,512
Other,153615.0,AMD,Yes,16,4,2.1,LCD,AMD,512 GB SSD,0,Small,Entry-level,Mid-End,2.0,512
Dell,130378.5,Intel,Yes,8,4,1.7,LED,Intel,256 GB SSD,0,Small,Entry-level,Other,1.5,256
Hp,128485.0,AMD,No,8,4,4.0,LCD,AMD,256 GB SSD,0,Large,Entry-level,Low-End,4.0,256
Asus,94465.0,Intel,Yes,4,3,1.1,LED,Intel,No SSD,1024,Large,Entry-level,Low-End,1.0,0
Msi,337715.0,Intel,Yes,8,4,2.8,LED,NVIDIA,128 GB SSD,1024,Large,Mid-end,Other,3.0,128
Hp,97100.5,Intel,No,4,4,2.3,LED,Intel,No SSD,1024,Large,Entry-level,Low-End,2.5,0
Hp,122150.0,Intel,Yes,4,4,2.0,LED,Intel,No SSD,1024,Small,Entry-level,Other,2.0,0
Lenovo,192465.0,AMD,Yes,8,4,3.0,LED,NVIDIA,256 GB SSD,1024,Large,Mid-end,Mid-End,3.0,256
Hp,100110.5,Intel,No,8,4,1.2,LED,Intel,No SSD,1024,Large,Entry-level,Other,1.0,0
Asus,190750.0,AMD,No,8,4,2.1,LED,AMD,No SSD,1024,Large,Mid-end,Mid-End,2.0,0
Lenovo,141662.5,Intel,No,8,4,1.7,LCD,Intel,512 GB SSD,0,Small,Entry-level,Other,1.5,512
Hp,174965.0,Intel,No,8,4,1.6,LED,Intel,No SSD,1024,Large,Entry-level,Other,1.5,0
Asus,217000.0,AMD,Yes,16,4,2.3,LED,NVIDIA,512 GB SSD,0,Large,Mid-end,High-End,2.5,512
Acer,143465.0,Intel,Yes,8,4,1.6,LED,NVIDIA,No SSD,1024,Large,Low-end,Other,1.5,0
Dell,223615.0,Intel,Yes,8,4,1.0,LED,NVIDIA,512 GB SSD,0,Small,Low-end,Other,1.0,512
Asus,272965.0,Intel,Yes,16,4,2.6,LED,NVIDIA,512 GB SSD,0,Large,Mid-end,Other,2.5,512
Hp,104965.0,Intel,No,4,4,2.3,LED,Intel,No SSD,1024,Small,Entry-level,Other,2.5,0
Hp,221900.0,AMD,No,16,4,4.0,LED,AMD,512 GB SSD,0,Small,Entry-level,Mid-End,4.0,512
Acer,209965.0,Intel,Yes,8,4,1.6,LED,NVIDIA,128 GB SSD,1024,Large,Low-end,Other,1.5,128
Asus,279786.5,Intel,Yes,16,4,4.7,LED,NVIDIA,1024 GB SSD,0,Large,Mid-end,Other,4.5,1024
Acer,227465.0,Intel,Yes,8,4,1.6,LED,NVIDIA,128 GB SSD,1024,Large,Low-end,Other,1.5,128
Asus,188965.0,Intel,Yes,8,4,2.2,LED,Intel,No SSD,1024,Small,Entry-level,Other,2.0,0
Asus,150465.0,Intel,No,8,4,1.7,LCD,Intel,512 GB SSD,0,Small,Entry-level,Other,1.5,512
Lenovo,94150.0,Intel,No,4,4,2.8,LED,Intel,256 GB SSD,0,Small,Entry-level,Low-End,3.0,256
Lenovo,139650.0,Intel,No,4,4,1.2,LED,Intel,256 GB SSD,0,Small,Entry-level,Other,1.0,256
Hp,131859.0,AMD,No,8,4,2.1,LED,AMD,No SSD,1024,Large,Low-end,Mid-End,2.0,0
Lenovo,157465.0,Intel,No,8,4,1.6,LED,Intel,256 GB SSD,1024,Large,Entry-level,Other,1.5,256
Acer,124369.0,AMD,Yes,4,4,2.0,LED,AMD,No SSD,1024,Large,Low-end,Mid-End,2.0,0
Asus,157465.0,Intel,Yes,8,4,2.2,LED,Intel,256 GB SSD,1024,Small,Entry-level,Other,2.0,256
Hp,174965.0,Intel,No,8,4,1.0,LED,Intel,512 GB SSD,0,Small,Entry-level,Other,1.0,512
Lenovo,118615.0,Intel,No,8,4,2.2,LED,Intel,No SSD,1024,Large,Entry-level,Other,2.0,0
Asus,122465.0,Intel,No,8,4,4.0,LCD,Intel,512 GB SSD,0,Large,Entry-level,Other,4.0,512
Hp,164465.0,AMD,No,8,4,2.0,LED,AMD,512 GB SSD,0,Large,Entry-level,Mid-End,2.0,512
Asus,167615.0,AMD,No,8,4,2.1,LED,AMD,256 GB SSD,1024,Large,Low-end,Mid-End,2.0,256
Dell,97965.0,Intel,Yes,4,4,2.0,LED,Intel,No SSD,1024,Large,Entry-level,Other,2.0,0
Asus,153965.0,Intel,No,4,4,1.6,LED,Intel,No SSD,1024,Small,Entry-level,Other,1.5,0
Apple,377965.0,Intel,No,8,3,1.6,LED,Intel,256 GB SSD,0,Small,Entry-level,Other,1.5,256
Dell,132300.0,Intel,Yes,4,4,2.0,LED,Intel,No SSD,1024,Large,Entry-level,Other,2.0,0
Asus,227465.0,Intel,No,8,4,1.0,LED,Intel,512 GB SSD,0,Small,Entry-level,Other,1.0,512
Dell,94958.5,AMD,Yes,8,4,2.6,LCD,AMD,256 GB SSD,0,Small,Entry-level,Low-End,2.5,256
Apple,349965.0,Intel,No,8,4,1.1,LED,Intel,512 GB SSD,0,Small,Low-end,Other,1.0,512
Lenovo,82078.5,Intel,Yes,4,4,2.0,LED,Intel,No SSD,1024,Large,Entry-level,Other,2.0,0
Lenovo,125548.5,Intel,No,8,4,1.6,LED,Intel,512 GB SSD,0,Large,Entry-level,Other,1.5,512
Dell,144900.0,Intel,Yes,8,4,1.2,LED,Intel,No SSD,1024,Large,Entry-level,Other,1.0,0
Asus,244965.0,Intel,Yes,8,4,2.4,LED,NVIDIA,512 GB SSD,0,Large,Mid-end,Other,2.5,512
Hp,201215.0,Intel,Yes,8,4,2.3,LED,NVIDIA,No SSD,1024,Large,Low-end,Other,2.5,0
Dell,100446.5,Intel,No,4,4,2.3,LED,Intel,No SSD,1024,Large,Entry-level,Other,2.5,0
Hp,139650.0,Intel,Yes,4,4,2.7,LED,Intel,No SSD,1024,Small,Entry-level,Other,2.5,0
Hp,125751.5,Intel,No,4,3,2.0,LED,AMD,No SSD,1024,Large,Mid-end,Other,2.0,0
Lenovo,129465.0,Intel,No,4,4,2.3,LED,Intel,No SSD,1024,Small,Entry-level,Other,2.5,0
Hp,209965.0,AMD,No,16,4,2.9869688385269124,LED,AMD,512 GB SSD,0,Large,Entry-level,Mid-End,3.0,512
Dell,194362.0,Intel,Yes,8,4,1.6,LED,Intel,No SSD,1024,Large,Entry-level,Other,1.5,0
Lenovo,139965.0,Intel,No,4,4,2.2,LED,Intel,256 GB SSD,0,Small,Entry-level,Other,2.0,256
Hp,66465.0,AMD,No,4,4,1.5,LED,AMD,No SSD,1024,Large,Entry-level,Low-End,1.5,0
Lenovo,62965.0,AMD,No,4,4,2.6,LED,AMD,No SSD,1024,Large,Entry-level,Other,2.5,0
Acer,227496.5,Intel,Yes,8,4,2.5,LED,NVIDIA,128 GB SSD,1024,Large,Mid-end,Other,2.5,128
Lenovo,237121.5,Intel,No,8,4,2.4,LED,Intel,256 GB SSD,1024,Large,Low-end,Other,2.5,256
Hp,234465.0,AMD,No,16,4,3.1,LCD,NVIDIA,512 GB SSD,0,Large,Mid-end,High-End,3.0,512
Msi,129465.0,Intel,No,8,4,2.1,LED,Intel,256 GB SSD,0,Small,Entry-level,Other,2.0,256
Acer,211676.5,AMD,No,16,4,3.3,LCD,NVIDIA,512 GB SSD,0,Large,Mid-end,Mid-End,3.5,512
Dell,142170.0,Intel,No,8,4,1.2,LED,Intel,No SSD,1024,Large,Entry-level,Other,1.0,0
Dell,132965.0,Intel,Yes,4,3,2.0,LED,Intel,No SSD,1024,Large,Entry-level,Other,2.0,0
Apple,447965.0,Intel,No,8,3,1.6,LED,Intel,256 GB SSD,0,Small,Entry-level,Other,1.5,256
Lenovo,202965.0,Intel,No,16,4,4.7,LCD,Intel,512 GB SSD,0,Large,Low-end,Other,4.5,512
Lenovo,270515.0,Intel,No,8,4,2.4,LED,NVIDIA,1024 GB SSD,0,Large,Mid-end,Other,2.5,1024
Hp,170905.0,Intel,Yes,8,4,4.7,LCD,Intel,512 GB SSD,0,Large,Low-end,Other,4.5,512
Asus,209965.0,Intel,No,8,4,4.2,LED,Intel,512 GB SSD,0,Small,Low-end,Other,4.0,512
Lenovo,255465.0,Intel,No,8,4,2.5,LED,NVIDIA,256 GB SSD,1024,Large,Mid-end,Other,2.5,256
Asus,241465.0,AMD,Yes,8,4,2.9,LED,NVIDIA,512 GB SSD,0,Large,Mid-end,High-End,3.0,512
Acer,115465.0,Intel,Yes,4,4,1.2,LED,Intel,No SSD,1024,Large,Entry-level,Other,1.0,0
Acer,143496.5,AMD,No,4,4,2.1,LED,AMD,No SSD,1024,Large,Low-end,Low-End,2.0,0
Asus,157465.0,Intel,No,8,4,4.0,LED,Intel,256 GB SSD,0,Small,Entry-level,Other,4.0,256
Dell,83366.5,Intel,Yes,8,4,1.1,LCD,Intel,256 GB SSD,0,Large,Entry-level,Low-End,1.0,256
Asus,108465.0,Intel,Yes,4,4,1.2,LED,Intel,No SSD,1024,Large,Entry-level,Other,1.0,0
Lenovo,178465.0,Intel,Yes,8,4,1.6,LED,NVIDIA,No SSD,1024,Large,Low-end,Other,1.5,0
Lenovo,284669.0,Intel,Yes,8,4,2.5,LED,NVIDIA,128 GB SSD,1024,Large,Mid-end,Other,2.5,128
Apple,367465.0,Intel,No,8,3,1.6,LED,Intel,256 GB SSD,0,Small,Entry-level,Other,1.5,256
Asus,80465.0,AMD,Yes,4,4,2.3,LED,AMD,No SSD,1024,Large,Entry-level,Other,2.5,0
Asus,118965.0,Intel,Yes,8,4,1.8,LCD,Intel,512 GB SSD,0,Small,Entry-level,Other,2.0,512
Msi,206465.0,Intel,Yes,8,4,2.4,LED,NVIDIA,512 GB SSD,0,Large,Mid-end,Other,2.5,512
Lenovo,107765.0,Intel,No,4,4,2.0,LED,Intel,No SSD,1024,Large,Entry-level,Other,2.0,0
Asus,88427.5,Intel,Yes,4,4,2.3,LED,Intel,No SSD,1024,Large,Entry-level,Other,2.5,0
Msi,367465.0,Intel,Yes,8,4,2.8,LED,NVIDIA,128 GB SSD,1024,Large,Mid-end,Other,3.0,128
Asus,272643.0,AMD,Yes,16,4,4.2,LCD,NVIDIA,512 GB SSD,0,Large,Mid-end,High-End,4.0,512
Dell,157465.0,Intel,Yes,4,4,2.7,LED,Intel,128 GB SSD,0,Small,Entry-level,Other,2.5,128
Hp,130515.0,Intel,Yes,8,4,2.0,LED,AMD,No SSD,1024,Large,Low-end,Other,2.0,0
Acer,125965.0,Intel,Yes,4,4,2.1,LED,Intel,512 GB SSD,0,Large,Entry-level,Other,2.0,512
Hp,110215.0,AMD,No,4,4,2.9869688385269124,LED,AMD,No SSD,1024,Small,Low-end,Mid-End,3.0,0
Asus,227465.0,Intel,No,8,4,4.2,LED,NVIDIA,512 GB SSD,0,Small,Low-end,Other,4.0,512
Lenovo,241465.0,Intel,No,16,4,3.3,LCD,NVIDIA,256 GB SSD,1024,Large,Mid-end,Other,3.5,256
Hp,97965.0,Intel,No,4,4,2.1,LED,Intel,No SSD,1024,Large,Entry-level,Other,2.0,0
Asus,300965.0,Intel,No,16,3,1.8,LED,Intel,512 GB SSD,0,Small,Entry-level,Other,2.0,512
Asus,234465.0,AMD,Yes,8,4,2.3,LED,NVIDIA,512 GB SSD,1024,Large,Mid-end,High-End,2.5,512
Msi,546315.0,Intel,No,32,4,2.7385892116182573,LED,NVIDIA,512 GB SSD,1024,Large,High-end,Other,2.5,512
Hp,199325.0,Intel,No,8,4,2.5,LED,NVIDIA,No SSD,1024,Large,Low-end,Other,2.5,0
Hp,253715.0,Intel,Yes,16,4,2.7385892116182573,LED,Intel,512 GB SSD,0,Small,Low-end,Other,2.5,512
Asus,156429.0,Intel,No,8,4,1.0,LED,Intel,No SSD,1024,Large,Entry-level,Other,1.0,0
Hp,203178.5,Intel,No,4,3,2.2,LED,Intel,128 GB SSD,0,Small,Entry-level,Other,2.0,128
Acer,173596.5,Intel,No,8,4,4.2,LCD,Intel,512 GB SSD,0,Small,Low-end,Other,4.0,512
Msi,219250.5,Intel,No,16,4,4.7,LCD,NVIDIA,512 GB SSD,0,Large,Mid-end,Other,4.5,512
Asus,259665.0,Intel,Yes,16,4,2.2,LED,NVIDIA,1024 GB SSD,0,Large,Mid-end,Other,2.0,1024
Acer,103736.5,Intel,Yes,4,4,2.3,LED,Intel,No SSD,1024,Small,Entry-level,Low-End,2.5,0
Dell,104965.0,Intel,Yes,4,4,2.3,LED,Intel,No SSD,1024,Small,Entry-level,Other,2.5,0
Lenovo,210665.0,Intel,Yes,16,4,2.8,LCD,Intel,512 GB SSD,0,Large,Low-end,Other,3.0,512
Other,99221.5,Intel,No,4,4,2.1,LED,Intel,256 GB SSD,0,Small,Entry-level,Other,2.0,256
Acer,118996.5,Intel,Yes,4,4,2.7,LED,Intel,No SSD,1024,Large,Entry-level,Other,2.5,0
Hp,133000.0,Intel,No,8,4,3.4,LCD,Intel,256 GB SSD,0,Large,Entry-level,Other,3.5,256
Hp,87465.0,AMD,No,4,4,2.0,LED,AMD,No SSD,1024,Large,Low-end,Mid-End,2.0,0
Hp,209685.0,AMD,No,8,4,3.3,LED,NVIDIA,512 GB SSD,0,Large,Mid-end,Mid-End,3.5,512
Dell,102364.5,Intel,Yes,4,4,1.2,LED,Intel,No SSD,1024,Large,Entry-level,Other,1.0,0
Asus,139965.0,Intel,Yes,4,4,1.6,LED,Intel,No SSD,1024,Large,Entry-level,Other,1.5,0
Asus,402465.0,AMD,No,16,4,3.3,LED,AMD,1024 GB SSD,0,Large,High-end,High-End,3.5,1024
Asus,144865.0,Intel,No,8,4,3.0,LED,Intel,256 GB SSD,0,Large,Entry-level,Other,3.0,256
Lenovo,88200.0,Intel,No,4,4,2.8,LED,Intel,256 GB SSD,0,Small,Entry-level,Low-End,3.0,256
Asus,136465.0,Intel,Yes,4,4,1.6,LED,NVIDIA,No SSD,1024,Large,Low-end,Other,1.5,0
Asus,209965.0,Intel,Yes,8,4,1.6,LED,Intel,512 GB SSD,0,Small,Entry-level,Other,1.5,512
Asus,220465.0,Intel,Yes,8,4,2.4,LED,NVIDIA,512 GB SSD,0,Large,Mid-end,Other,2.5,512
Hp,220465.0,Intel,Yes,8,4,2.3,LED,NVIDIA,128 GB SSD,1024,Large,Mid-end,Other,2.5,128
Dell,112175.0,Intel,Yes,4,4,2.0,LED,Intel,No SSD,1024,Large,Entry-level,Other,2.0,0
Hp,244965.0,Intel,No,8,3,1.6,LED,Intel,256 GB SSD,0,Small,Entry-level,Other,1.5,256
Asus,104965.0,Intel,No,8,4,1.1,LCD,Intel,256 GB SSD,0,Small,Entry-level,Low-End,1.0,256
Asus,118965.0,AMD,No,8,5,2.6,LCD,AMD,256 GB SSD,0,Large,Low-end,Low-End,2.5,256
Hp,167996.5,AMD,No,8,4,2.1,LED,AMD,512 GB SSD,0,Small,Low-end,Mid-End,2.0,512
Lenovo,174965.0,Intel,Yes,8,4,1.0,LED,Intel,512 GB SSD,0,Large,Entry-level,Other,1.0,512
Hp,92680.0,Intel,No,4,4,2.3,LED,Intel,No SSD,1024,Large,Entry-level,Other,2.5,0
Lenovo,205625.0,Intel,No,8,4,1.0,LED,NVIDIA,256 GB SSD,1024,Large,Low-end,Other,1.0,256
Hp,76965.0,Intel,No,4,4,1.1,LED,Intel,No SSD,1024,Large,Entry-level,Low-End,1.0,0
Apple,384965.0,Intel,No,8,4,1.1,LED,Intel,512 GB SSD,0,Small,Low-end,Other,1.0,512
Hp,181510.0,Intel,Yes,8,4,4.0,LED,Intel,No SSD,1024,Large,Entry-level,Other,4.0,0
Asus,167965.0,AMD,No,16,4,4.2,LCD,AMD,512 GB SSD,0,Large,Entry-level,Mid-End,4.0,512
Asus,125965.0,AMD,No,8,4,2.1,LED,AMD,No SSD,1024,Large,Low-end,Mid-End,2.0,0
Asus,125965.0,Intel,No,8,4,1.2,LED,Intel,No SSD,1024,Large,Entry-level,Other,1.0,0
Asus,213465.0,Intel,No,8,4,4.2,LED,Intel,512 GB SSD,0,Small,Low-end,Other,4.0,512
Hp,234465.0,Intel,No,8,4,1.0,LED,NVIDIA,256 GB SSD,1024,Large,Entry-level,Other,1.0,256
Dell,93275.0,Intel,No,4,4,2.4,LED,Intel,No SSD,1024,Small,Entry-level,Other,2.5,0
Asus,325465.0,Intel,Yes,16,5,4.7,LCD,NVIDIA,512 GB SSD,0,Large,Mid-end,Other,4.5,512
Msi,339465.0,Intel,No,16,4,4.7,LCD,NVIDIA,1024 GB SSD,0,Large,Mid-end,Other,4.5,1024
Lenovo,104965.0,Intel,Yes,4,4,1.2,LED,Intel,No SSD,1024,Large,Entry-level,Other,1.0,0
Lenovo,118965.0,Intel,Yes,4,4,2.2,LCD,Intel,No SSD,1024,Large,Entry-level,Other,2.0,0
Hp,132265.0,AMD,No,8,4,2.9869688385269124,LED,AMD,No SSD,1024,Small,Low-end,Mid-End,3.0,0
Lenovo,447965.0,AMD,No,16,4,3.5710437710437706,LED,NVIDIA,1024 GB SSD,0,Large,Mid-end,High-End,3.5,1024
Dell,142439.5,Intel,Yes,4,4,2.5,LED,AMD,No SSD,1024,Large,Mid-end,Other,2.5,0
Dell,127802.5,Intel,Yes,8,4,4.2,LED,Intel,No SSD,1024,Small,Low-end,Other,4.0,0
Asus,163065.0,AMD,Yes,8,4,2.0,LED,NVIDIA,No SSD,1024,Large,Mid-end,Mid-End,2.0,0
Hp,272965.0,Intel,Yes,8,4,2.2,LED,NVIDIA,128 GB SSD,1024,Large,Mid-end,Other,2.0,128
Other,323715.0,Intel,No,8,4,1.1,LED,Intel,128 GB SSD,0,Small,Low-end,Other,1.0,128
Hp,68215.0,AMD,No,4,4,1.5,LED,AMD,No SSD,1024,Large,Entry-level,Low-End,1.5,0
Dell,122465.0,Intel,Yes,4,4,2.0,LED,Intel,No SSD,1024,Large,Entry-level,Other,2.0,0
Dell,160965.0,Intel,No,8,4,1.6,LED,AMD,No SSD,1024,Large,Low-end,Other,1.5,0
Asus,262465.0,Intel,Yes,8,4,2.2,LED,NVIDIA,128 GB SSD,1024,Large,Mid-end,Other,2.0,128
Dell,215803.0,Intel,Yes,8,4,2.7,LED,AMD,No SSD,1024,Large,Mid-end,Other,2.5,0
Acer,110215.0,Intel,No,4,4,2.7385892116182573,LED,Intel,256 GB SSD,0,Small,Entry-level,Other,2.5,256
Asus,220465.0,Intel,No,8,4,1.6,LED,Intel,256 GB SSD,1024,Small,Entry-level,Other,1.5,256
Lenovo,209965.0,Intel,No,8,4,1.6,LED,Intel,128 GB SSD,1024,Large,Entry-level,Other,1.5,128
Hp,103215.0,Intel,No,4,4,2.0,LED,Intel,No SSD,1024,Small,Entry-level,Other,2.0,0
Lenovo,94465.0,AMD,No,4,4,2.3,LED,AMD,No SSD,1024,Large,Entry-level,Other,2.5,0
Asus,227465.0,Intel,No,8,4,1.6,LED,Intel,256 GB SSD,1024,Small,Entry-level,Other,1.5,256
Asus,227465.0,Intel,No,8,4,1.6,LED,Intel,256 GB SSD,1024,Small,Entry-level,Other,1.5,256
Lenovo,110215.0,Intel,No,4,4,1.2,LED,Intel,256 GB SSD,0,Small,Entry-level,Other,1.0,256
Asus,349265.0,Intel,No,16,4,2.6,LED,NVIDIA,512 GB SSD,0,Large,Mid-end,Other,2.5,512
Hp,167965.0,Intel,No,8,4,1.6,LED,Intel,256 GB SSD,0,Large,Entry-level,Other,1.5,256
Asus,227465.0,Intel,No,8,4,1.6,LED,Intel,256 GB SSD,1024,Small,Entry-level,Other,1.5,256
Dell,150703.0,Intel,Yes,4,4,2.4,LED,Intel,No SSD,1024,Large,Entry-level,Other,2.5,0
Dell,197939.0,Intel,Yes,16,4,2.6,LCD,NVIDIA,512 GB SSD,0,Large,Mid-end,Other,2.5,512
Acer,234465.0,Intel,Yes,8,4,1.6,LED,NVIDIA,128 GB SSD,1024,Large,Low-end,Other,1.5,128
Dell,98500.5,Intel,No,4,4,1.2,LED,Intel,No SSD,1024,Small,Entry-level,Other,1.0,0
Asus,174965.0,Intel,No,8,4,3.0,LCD,Intel,512 GB SSD,0,Small,Entry-level,Other,3.0,512
Acer,111265.0,Intel,No,4,4,2.7385892116182573,LED,Intel,256 GB SSD,0,Large,Entry-level,Other,2.5,256
Hp,140805.0,AMD,Yes,8,4,3.4,LCD,AMD,512 GB SSD,0,Large,Entry-level,Low-End,3.5,512
Asus,201246.5,Intel,No,8,4,2.4,LED,Intel,256 GB SSD,1024,Large,Low-end,Other,2.5,256
Acer,192465.0,AMD,Yes,8,4,2.1,LED,AMD,256 GB SSD,1024,Large,Mid-end,Mid-End,2.0,256
Other,87465.0,Intel,No,4,4,1.1,LCD,Intel,128 GB SSD,0,Small,Entry-level,Low-End,1.0,128
Hp,183190.0,Intel,Yes,8,4,2.5,LCD,Intel,512 GB SSD,0,Large,Low-end,Other,2.5,512
Asus,178465.0,Intel,Yes,8,4,2.4,LCD,Intel,256 GB SSD,1024,Large,Low-end,Other,2.5,256
Hp,234496.5,Intel,Yes,16,4,4.2,LED,Intel,512 GB SSD,0,Small,Low-end,Other,4.0,512
Lenovo,132965.0,AMD,Yes,16,4,2.1,LCD,AMD,512 GB SSD,0,Large,Entry-level,Mid-End,2.0,512
Hp,180246.5,Intel,Yes,16,4,4.2,LCD,Intel,512 GB SSD,0,Large,Low-end,Other,4.0,512
Lenovo,122850.0,Intel,Yes,8,4,3.0,LCD,Intel,512 GB SSD,0,Large,Entry-level,Other,3.0,512
Lenovo,104965.0,AMD,Yes,4,4,2.2,LED,AMD,No SSD,1024,Large,Low-end,Mid-End,2.0,0
Msi,142936.5,AMD,No,8,4,4.0,LED,AMD,512 GB SSD,0,Large,Entry-level,Mid-End,4.0,512
Msi,132965.0,AMD,No,8,4,2.1,LCD,AMD,512 GB SSD,0,Small,Entry-level,Mid-End,2.0,512
Msi,171465.0,AMD,No,8,4,3.3,LCD,AMD,512 GB SSD,0,Large,Mid-end,Mid-End,3.5,512
Hp,143465.0,Intel,No,8,4,2.1,LED,Intel,256 GB SSD,1024,Large,Entry-level,Other,2.0,256
Other,87465.0,Intel,No,8,4,1.1,LCD,Intel,256 GB SSD,0,Large,Entry-level,Low-End,1.0,256
Samsung,182665.0,Intel,No,8,4,4.2,LED,Intel,512 GB SSD,0,Large,Low-end,Other,4.0,512
Hp,127043.0,Intel,No,8,4,2.7385892116182573,LED,Intel,512 GB SSD,0,Large,Entry-level,Other,2.5,512
Other,87325.0,Intel,No,8,4,1.1,LCD,Intel,512 GB SSD,0,Large,Entry-level,Low-End,1.0,512
Asus,157115.0,Intel,No,8,4,4.2,LED,Intel,512 GB SSD,0,Small,Low-end,Other,4.0,512
Hp,127256.5,AMD,No,8,4,2.3,LCD,AMD,256 GB SSD,0,Small,Entry-level,Other,2.5,256
Hp,138075.0,AMD,Yes,8,4,2.1,LCD,AMD,512 GB SSD,0,Large,Entry-level,Mid-End,2.0,512
Hp,202125.0,AMD,Yes,8,4,3.0,LED,NVIDIA,512 GB SSD,0,Large,Mid-end,Mid-End,3.0,512
Acer,167965.0,Intel,Yes,8,4,3.3,LCD,NVIDIA,512 GB SSD,0,Large,Mid-end,Other,3.5,512
Lenovo,111965.0,Intel,Yes,8,4,4.8,LCD,Intel,256 GB SSD,0,Large,Entry-level,Other,5.0,256
Hp,162750.0,Intel,Yes,8,4,3.4,LCD,Intel,512 GB SSD,0,Large,Entry-level,Other,3.5,512
Dell,157465.0,Intel,Yes,8,4,1.6,LED,AMD,No SSD,1024,Small,Low-end,Other,1.5,0
Asus,223965.0,Intel,Yes,16,4,2.7,LCD,NVIDIA,512 GB SSD,0,Large,Mid-end,Other,2.5,512
Msi,104300.0,Intel,Yes,8,4,1.7,LCD,Intel,512 GB SSD,0,Small,Entry-level,Other,1.5,512
Hp,109448.5,Intel,No,8,4,2.2,LED,Intel,256 GB SSD,0,Small,Entry-level,Other,2.0,256
Msi,185118.5,Intel,No,8,4,2.7385892116182573,LED,NVIDIA,512 GB SSD,0,Large,Mid-end,Other,2.5,512
Hp,188996.5,Intel,Yes,8,4,1.3,LCD,Intel,512 GB SSD,0,Large,Low-end,Other,1.5,512
Asus,87115.0,Intel,Yes,4,4,1.1,LCD,Intel,256 GB SSD,0,Small,Entry-level,Low-End,1.0,256
Asus,241465.0,AMD,No,8,4,2.9,LED,NVIDIA,512 GB SSD,0,Large,Mid-end,High-End,3.0,512
Lenovo,92396.5,Intel,No,8,4,1.1,LCD,Intel,256 GB SSD,0,Large,Entry-level,Low-End,1.0,256
Hp,194215.0,AMD,No,8,4,2.1,LED,NVIDIA,512 GB SSD,0,Large,Mid-end,Mid-End,2.0,512
Asus,191625.0,AMD,Yes,8,4,4.0,LCD,NVIDIA,512 GB SSD,0,Large,Mid-end,Mid-End,4.0,512
Asus,97965.0,Intel,No,4,4,1.2,LED,Intel,No SSD,1024,Large,Entry-level,Other,1.0,0
Hp,196875.0,Intel,No,8,4,4.2,LED,Intel,512 GB SSD,0,Small,Low-end,Other,4.0,512
Lenovo,244261.5,AMD,Yes,8,4,3.0,LED,NVIDIA,256 GB SSD,1024,Large,Mid-end,Mid-End,3.0,256
Hp,237996.5,Intel,No,16,4,2.7385892116182573,LED,Intel,512 GB SSD,0,Small,Low-end,Other,2.5,512
Lenovo,80115.0,Intel,Yes,8,4,1.1,LCD,Intel,256 GB SSD,0,Large,Entry-level,Low-End,1.0,256
Hp,223839.0,Intel,No,16,4,4.2,LCD,Intel,512 GB SSD,0,Small,Low-end,Other,4.0,512
Other,209996.5,Intel,No,8,4,3.1,LED,Intel,512 GB SSD,0,Large,Low-end,Other,3.0,512
Lenovo,188965.0,Intel,Yes,8,4,3.1,LCD,NVIDIA,512 GB SSD,0,Large,Mid-end,Other,3.0,512
Lenovo,118793.5,AMD,No,8,4,2.1,LCD,AMD,512 GB SSD,0,Large,Entry-level,Mid-End,2.0,512
Hp,181506.5,AMD,No,8,4,4.2,LCD,AMD,512 GB SSD,0,Large,Mid-end,Mid-End,4.0,512
Asus,202965.0,Intel,Yes,8,4,2.7,LCD,NVIDIA,512 GB SSD,0,Large,Mid-end,Other,2.5,512
Msi,129465.0,Intel,No,8,4,2.5,LCD,Intel,512 GB SSD,0,Small,Low-end,Other,2.5,512
Asus,174965.0,AMD,No,16,4,2.1,LCD,AMD,512 GB SSD,0,Small,Low-end,High-End,2.0,512
Asus,262465.0,AMD,Yes,8,4,2.9,LED,NVIDIA,512 GB SSD,0,Large,Mid-end,High-End,3.0,512
Asus,78536.5,Intel,Yes,4,4,2.8,LCD,Intel,256 GB SSD,0,Large,Entry-level,Low-End,3.0,256
Hp,136500.0,AMD,Yes,8,4,3.4,LCD,AMD,512 GB SSD,0,Large,Entry-level,Low-End,3.5,512
Acer,181965.0,Intel,Yes,16,4,3.3,LED,NVIDIA,512 GB SSD,0,Large,Mid-end,Other,3.5,512
Other,71015.0,Intel,No,4,4,1.1,LCD,Intel,128 GB SSD,0,Small,Entry-level,Low-End,1.0,128
Dell,154350.0,Intel,Yes,4,4,1.2,LED,Intel,256 GB SSD,1024,Small,Entry-level,Other,1.0,256
Lenovo,166250.0,Intel,Yes,8,4,2.5,LED,NVIDIA,512 GB SSD,0,Large,Mid-end,Other,2.5,512
Lenovo,117775.0,Intel,Yes,8,4,1.2,LCD,Intel,256 GB SSD,0,Large,Entry-level,Other,1.0,256
Hp,188965.0,AMD,No,8,4,4.0,LED,AMD,512 GB SSD,0,Small,Entry-level,Mid-End,4.0,512
Lenovo,244996.5,Intel,Yes,16,5,1.2,LCD,Intel,512 GB SSD,0,Small,Low-end,Other,1.0,512
Hp,132996.5,Intel,No,8,4,1.7,LCD,Intel,512 GB SSD,0,Large,Entry-level,Other,1.5,512
Other,108465.0,Intel,No,8,4,0.8,LCD,Intel,512 GB SSD,0,Small,Low-end,Other,1.0,512
Acer,261446.5,Intel,Yes,8,4,2.7385892116182573,LED,NVIDIA,256 GB SSD,1024,Large,Mid-end,Other,2.5,256
Hp,136146.5,AMD,No,8,4,4.0,LED,AMD,512 GB SSD,0,Large,Entry-level,Mid-End,4.0,512
Asus,174965.0,Intel,No,8,4,3.0,LED,Intel,512 GB SSD,0,Large,Entry-level,Other,3.0,512
Lenovo,106015.0,AMD,No,8,4,2.6,LCD,AMD,512 GB SSD,0,Large,Entry-level,Low-End,2.5,512
Samsung,279965.0,Intel,No,16,4,1.3,LCD,Intel,512 GB SSD,0,Large,Low-end,Other,1.5,512
Dell,176155.0,Intel,Yes,8,4,4.2,LED,Intel,256 GB SSD,1024,Large,Low-end,Other,4.0,256
Lenovo,122465.0,Intel,Yes,8,4,3.3,LCD,Intel,512 GB SSD,0,Large,Entry-level,Other,3.5,512
Asus,216965.0,AMD,Yes,8,4,4.0,LCD,NVIDIA,512 GB SSD,0,Large,Mid-end,Mid-End,4.0,512
Hp,139965.0,Intel,Yes,8,4,2.7385892116182573,LCD,Intel,512 GB SSD,0,Large,Entry-level,Other,2.5,512
Hp,180246.5,Intel,No,4,4,1.6,LED,Intel,512 GB SSD,0,Large,Entry-level,Other,1.5,512
Samsung,227465.0,Intel,No,8,4,1.3,LCD,Intel,512 GB SSD,0,Large,Low-end,Other,1.5,512
Acer,113715.0,Intel,No,8,5,2.7385892116182573,LCD,Intel,512 GB SSD,0,Large,Entry-level,Other,2.5,512
Asus,165861.5,AMD,Yes,8,4,4.2,LED,AMD,512 GB SSD,0,Large,Low-end,Mid-End,4.0,512
Dell,170096.5,AMD,Yes,8,4,2.1,LCD,AMD,256 GB SSD,0,Small,Low-end,Mid-End,2.0,256
Lenovo,134575.0,AMD,No,8,4,2.1,LCD,AMD,512 GB SSD,0,Large,Entry-level,Mid-End,2.0,512
Hp,143465.0,Intel,Yes,8,4,4.2,LCD,Intel,512 GB SSD,0,Small,Entry-level,Other,4.0,512
Dell,134746.5,Intel,Yes,4,4,1.2,LED,Intel,256 GB SSD,0,Large,Entry-level,Other,1.0,256
Asus,101465.0,Intel,Yes,8,4,1.1,LCD,Intel,512 GB SSD,0,Large,Entry-level,Low-End,1.0,512
Hp,69615.0,AMD,Yes,4,4,2.1,LCD,AMD,256 GB SSD,0,Large,Entry-level,Other,2.0,256
Acer,110215.0,Intel,No,8,5,2.7385892116182573,LCD,Intel,256 GB SSD,0,Large,Entry-level,Other,2.5,256
Lenovo,83366.5,Intel,Yes,4,4,1.1,LCD,Intel,256 GB SSD,0,Small,Entry-level,Low-End,1.0,256
Asus,103211.5,Intel,No,8,4,3.4,LCD,Intel,No SSD,1024,Small,Entry-level,Other,3.5,0
Hp,73150.0,AMD,No,4,4,2.6,LED,AMD,No SSD,1024,Small,Entry-level,Other,2.5,0
Acer,115465.0,AMD,No,8,5,2.613076923076923,LCD,AMD,256 GB SSD,0,Large,Entry-level,Low-End,2.5,256
Acer,111615.0,Intel,No,8,5,2.7385892116182573,LCD,Intel,256 GB SSD,0,Large,Entry-level,Other,2.5,256
Asus,199465.0,AMD,Yes,8,4,4.0,LCD,NVIDIA,512 GB SSD,0,Large,Mid-end,Mid-End,4.0,512
Asus,272965.0,AMD,Yes,16,5,4.7,LCD,NVIDIA,512 GB SSD,0,Large,Mid-end,High-End,4.5,512
Asus,297496.5,AMD,Yes,16,4,4.7,LCD,NVIDIA,1024 GB SSD,0,Large,Mid-end,High-End,4.5,1024
Lenovo,167965.0,AMD,No,8,4,4.2,LCD,NVIDIA,512 GB SSD,0,Large,Mid-end,Mid-End,4.0,512
Lenovo,206496.5,Intel,Yes,8,4,1.2,LED,Intel,512 GB SSD,0,Small,Entry-level,Other,1.0,512
Hp,87465.0,AMD,Yes,8,4,3.3,LCD,Intel,No SSD,1024,Small,Entry-level,Other,3.5,0
Hp,220209.5,Intel,Yes,16,4,4.2,LCD,Intel,512 GB SSD,0,Large,Low-end,Other,4.0,512
Hp,153965.0,Intel,Yes,8,4,4.0,LED,Intel,512 GB SSD,0,Large,Entry-level,Other,4.0,512
Acer,274715.0,Intel,Yes,16,4,2.3,LED,NVIDIA,512 GB SSD,1024,Large,Mid-end,Other,2.5,512
Lenovo,199496.5,AMD,Yes,8,4,3.3,LCD,NVIDIA,256 GB SSD,1024,Large,Mid-end,Mid-End,3.5,256
Lenovo,94496.5,Intel,Yes,8,4,1.1,LCD,Intel,256 GB SSD,0,Large,Entry-level,Low-End,1.0,256
Hp,218750.0,Intel,No,16,4,4.2,LED,Intel,512 GB SSD,0,Small,Entry-level,Other,4.0,512
Hp,174965.0,Intel,No,8,4,2.7385892116182573,LED,Intel,512 GB SSD,0,Small,Entry-level,Other,2.5,512
Other,171465.0,Intel,Yes,8,4,2.0,LCD,Intel,512 GB SSD,0,Small,Entry-level,Other,2.0,512
Other,181965.0,Intel,No,16,4,2.0,LCD,Intel,512 GB SSD,0,Small,Entry-level,Other,2.0,512
Asus,349965.0,Intel,No,16,4,2.7385892116182573,LED,Intel,1024 GB SSD,0,Small,Low-end,Other,2.5,1024
Acer,269465.0,AMD,No,16,4,2.4,LED,NVIDIA,1024 GB SSD,0,Large,Mid-end,High-End,2.5,1024
Dell,117215.0,Intel,Yes,8,4,1.7,LCD,Intel,256 GB SSD,0,Small,Entry-level,Other,1.5,256
Lenovo,222215.0,AMD,No,8,4,3.0,LED,NVIDIA,512 GB SSD,0,Large,Mid-end,Mid-End,3.0,512
Dell,136465.0,Intel,Yes,8,4,1.7,LED,Intel,256 GB SSD,0,Small,Entry-level,Other,1.5,256
Hp,172900.0,Intel,No,8,4,4.2,LCD,Intel,512 GB SSD,0,Large,Low-end,Other,4.0,512
Acer,181965.0,Intel,Yes,8,4,3.3,LCD,NVIDIA,512 GB SSD,0,Large,Mid-end,Other,3.5,512
Hp,174646.5,Intel,No,8,4,4.2,LED,Intel,512 GB SSD,0,Small,Entry-level,Other,4.0,512
Other,97965.0,Intel,No,16,4,1.0,LCD,Intel,512 GB SSD,0,Large,Entry-level,Other,1.0,512
Other,262115.0,Intel,No,32,5,4.8,LCD,Intel,1024 GB SSD,0,Large,Low-end,Other,5.0,1024
Hp,101465.0,Intel,Yes,8,4,2.8,LCD,Intel,512 GB SSD,0,Large,Entry-level,Low-End,3.0,512
Asus,137861.5,AMD,No,8,4,2.6,LCD,AMD,512 GB SSD,0,Large,Entry-level,Low-End,2.5,512
Lenovo,195965.0,AMD,No,16,5,4.2,LCD,NVIDIA,512 GB SSD,0,Large,Mid-end,Mid-End,4.0,512
Other,146965.0,Intel,Yes,8,4,2.4,LCD,Intel,512 GB SSD,0,Small,Entry-level,Other,2.5,512
Acer,216996.5,Intel,No,8,4,1.7,LCD,Intel,512 GB SSD,0,Small,Low-end,Other,1.5,512
Apple,454650.0,Apple,No,8,5,3.49,LCD,Apple,256 GB SSD,0,Small,High-end,Apple M-series,3.5,256
Lenovo,225750.0,Intel,No,16,4,3.1,LCD,NVIDIA,512 GB SSD,0,Large,Mid-end,Other,3.0,512
Dell,189339.5,Intel,Yes,8,4,2.4,LED,Intel,256 GB SSD,1024,Large,Low-end,Other,2.5,256
Lenovo,143465.0,Intel,Yes,8,4,3.0,LCD,Intel,512 GB SSD,0,Small,Entry-level,Other,3.0,512
Dell,136115.0,Intel,Yes,8,4,1.7,LCD,Intel,512 GB SSD,0,Small,Entry-level,Other,1.5,512
Hp,255465.0,AMD,Yes,8,4,4.2,LCD,NVIDIA,512 GB SSD,0,Large,Mid-end,Mid-End,4.0,512
Asus,143465.0,Intel,No,8,4,1.2,LCD,Intel,512 GB SSD,0,Large,Entry-level,Other,1.0,512
Hp,159729.5,Intel,Yes,8,4,4.0,LCD,Intel,No SSD,1024,Large,Entry-level,Other,4.0,0
Asus,244965.0,Intel,No,16,4,2.5,LED,Intel,512 GB SSD,0,Large,Low-end,Other,2.5,512
Asus,239711.5,Intel,No,16,4,2.5,LED,Intel,512 GB SSD,0,Large,Low-end,Other,2.5,512
Asus,248465.0,Intel,No,16,4,2.5,LED,Intel,512 GB SSD,0,Large,Low-end,Other,2.5,512
Hp,108465.0,AMD,Yes,8,4,2.6,LCD,AMD,512 GB SSD,0,Large,Entry-level,Low-End,2.5,512
Hp,258965.0,Intel,No,16,4,4.7,LCD,Intel,1024 GB SSD,0,Large,Low-end,Other,4.5,1024
Hp,143465.0,Intel,No,8,4,3.3,LCD,Intel,512 GB SSD,0,Large,Entry-level,Other,3.5,512
Lenovo,178853.5,AMD,Yes,8,4,3.3,LCD,NVIDIA,512 GB SSD,0,Large,Mid-end,Mid-End,3.5,512
Lenovo,234500.0,Intel,Yes,8,4,2.5,LCD,NVIDIA,512 GB SSD,0,Large,Mid-end,Other,2.5,512
Dell,243215.0,AMD,No,16,4,3.3,LCD,NVIDIA,512 GB SSD,0,Large,Mid-end,Mid-End,3.5,512
Asus,205800.0,AMD,No,8,4,2.1,LED,AMD,512 GB SSD,0,Small,Entry-level,Mid-End,2.0,512
Acer,225368.5,Intel,No,8,4,3.3,LCD,NVIDIA,512 GB SSD,0,Large,Mid-end,Other,3.5,512
Dell,125492.5,AMD,Yes,8,4,2.3,LED,AMD,No SSD,1024,Large,Low-end,Low-End,2.5,0
Lenovo,178465.0,AMD,Yes,16,4,3.4,LCD,NVIDIA,512 GB SSD,0,Large,Mid-end,Mid-End,3.5,512
Lenovo,236250.0,AMD,Yes,16,5,3.3,LCD,NVIDIA,512 GB SSD,0,Large,Mid-end,Mid-End,3.5,512
Lenovo,206465.0,AMD,No,8,4,2.1,LED,AMD,256 GB SSD,0,Small,Entry-level,Mid-End,2.0,256
Asus,153965.0,Intel,No,8,4,1.2,LCD,Intel,512 GB SSD,0,Large,Entry-level,Other,1.0,512
Acer,282128.0,Intel,Yes,8,5,4.7,LCD,NVIDIA,512 GB SSD,0,Large,Mid-end,Other,4.5,512
Acer,119875.0,AMD,No,8,4,2.9,LCD,AMD,512 GB SSD,0,Large,Low-end,Mid-End,3.0,512
Lenovo,227465.0,AMD,Yes,8,5,3.1,LCD,NVIDIA,512 GB SSD,0,Large,Mid-end,High-End,3.0,512
Lenovo,115465.0,Intel,Yes,8,4,3.0,LCD,Intel,512 GB SSD,0,Large,Entry-level,Other,3.0,512
Apple,524650.0,Apple,No,8,5,3.49,LCD,Apple,512 GB SSD,0,Small,High-end,Apple M-series,3.5,512
Acer,90965.0,AMD,Yes,8,4,2.613076923076923,LCD,AMD,512 GB SSD,0,Small,Entry-level,Low-End,2.5,512
Acer,320246.5,AMD,No,16,4,2.9869688385269124,LED,NVIDIA,256 GB SSD,1024,Large,Mid-end,Mid-End,3.0,256
Asus,122465.0,Intel,Yes,8,4,1.8,LCD,Intel,512 GB SSD,0,Small,Entry-level,Other,2.0,512
Asus,367465.0,Intel,Yes,16,4,2.3,LCD,NVIDIA,512 GB SSD,0,Large,Mid-end,Other,2.5,512
Hp,192465.0,Intel,Yes,8,4,1.7,LCD,Intel,512 GB SSD,0,Small,Entry-level,Other,1.5,512
Apple,542150.0,Apple,No,8,5,3.49,LCD,Apple,512 GB SSD,0,Small,High-end,Apple M-series,3.5,512
Dell,276496.5,Intel,No,8,4,2.4,LED,Intel,512 GB SSD,0,Small,Low-end,Other,2.5,512
Apple,524615.0,Apple,No,8,5,3.49,LCD,Apple,512 GB SSD,0,Small,High-end,Apple M-series,3.5,512
Apple,466389.0,Apple,No,8,5,3.49,LCD,Apple,256 GB SSD,0,Small,High-end,Apple M-series,3.5,256
Apple,472150.0,Apple,No,8,5,3.49,LCD,Apple,256 GB SSD,0,Small,High-end,Apple M-series,3.5,256
Apple,460323.5,Apple,No,8,5,3.49,LCD,Apple,256 GB SSD,0,Small,High-end,Apple M-series,3.5,256
Hp,279965.0,AMD,Yes,16,4,4.7,LCD,NVIDIA,512 GB SSD,0,Large,Mid-end,High-End,4.5,512
Dell,222246.5,Intel,Yes,8,4,1.7,LCD,Intel,512 GB SSD,0,Small,Entry-level,Other,1.5,512
Lenovo,243215.0,AMD,Yes,8,4,4.2,LCD,NVIDIA,512 GB SSD,0,Large,Mid-end,Mid-End,4.0,512
Dell,139996.5,Intel,Yes,8,4,4.8,LCD,Intel,No SSD,1024,Large,Entry-level,Other,5.0,0
Lenovo,216086.5,AMD,No,8,4,3.3,LED,NVIDIA,512 GB SSD,0,Large,Mid-end,Mid-End,3.5,512
Hp,120400.0,Intel,No,4,4,1.2,LED,Intel,512 GB SSD,0,Large,Entry-level,Other,1.0,512
Asus,112665.0,Intel,No,8,4,2.7385892116182573,LCD,Intel,512 GB SSD,0,Large,Entry-level,Other,2.5,512
Lenovo,125265.0,AMD,Yes,8,4,2.1,LCD,AMD,512 GB SSD,0,Large,Entry-level,Mid-End,2.0,512
Acer,286930.0,Intel,No,8,4,4.2,LED,Intel,512 GB SSD,0,Large,Low-end,Other,4.0,512
Dell,188965.0,Intel,Yes,8,4,2.4,LCD,Intel,512 GB SSD,0,Small,Entry-level,Other,2.5,512
Asus,223965.0,AMD,Yes,16,4,3.1,LCD,NVIDIA,512 GB SSD,0,Large,Mid-end,High-End,3.0,512
Hp,260400.0,Intel,Yes,16,4,4.2,LCD,Intel,512 GB SSD,0,Large,Low-end,Other,4.0,512
Dell,129115.0,Intel,No,8,4,0.8,LCD,Intel,512 GB SSD,0,Large,Entry-level,Other,1.0,512
Asus,320250.0,Intel,Yes,16,5,2.3,LCD,NVIDIA,1024 GB SSD,0,Large,Mid-end,Other,2.5,1024
Hp,132965.0,Intel,Yes,8,4,4.2,LCD,Intel,512 GB SSD,0,Large,Entry-level,Other,4.0,512
Lenovo,300996.5,Intel,No,16,4,2.3,LED,NVIDIA,512 GB SSD,0,Large,Mid-end,Other,2.5,512
Dell,125965.0,Intel,No,8,4,3.0,LCD,Intel,512 GB SSD,0,Large,Entry-level,Other,3.0,512
Asus,118300.0,Intel,Yes,8,4,4.0,LED,Intel,512 GB SSD,0,Large,Entry-level,Other,4.0,512
Hp,197715.0,AMD,Yes,8,4,4.2,LCD,AMD,512 GB SSD,0,Large,Entry-level,Mid-End,4.0,512
Acer,199465.0,Intel,Yes,16,5,2.7385892116182573,LCD,NVIDIA,512 GB SSD,0,Large,Mid-end,Other,2.5,512
Other,139965.0,AMD,Yes,8,4,2.1,LCD,AMD,256 GB SSD,0,Large,Entry-level,Mid-End,2.0,256
Lenovo,214515.0,Intel,No,16,4,2.4,LED,Intel,512 GB SSD,0,Large,Low-end,Other,2.5,512
Acer,199465.0,Intel,Yes,16,5,2.7385892116182573,LCD,NVIDIA,512 GB SSD,0,Large,Mid-end,Other,2.5,512
Acer,192465.0,Intel,Yes,8,5,2.7385892116182573,LCD,NVIDIA,512 GB SSD,0,Large,Mid-end,Other,2.5,512
Lenovo,251996.5,Intel,No,8,4,2.4,LED,Intel,512 GB SSD,0,Large,Entry-level,Other,2.5,512
Asus,201250.0,Intel,Yes,8,4,4.7,LCD,NVIDIA,1024 GB SSD,0,Large,Mid-end,Other,4.5,1024
Asus,132965.0,Intel,Yes,8,4,3.0,LCD,Intel,512 GB SSD,0,Large,Entry-level,Other,3.0,512
Dell,126000.0,Intel,Yes,8,4,1.2,LCD,Intel,512 GB SSD,0,Large,Entry-level,Other,1.0,512
Asus,359971.5,AMD,No,16,4,3.3,LCD,NVIDIA,512 GB SSD,0,Large,Mid-end,High-End,3.5,512
Asus,122496.5,Intel,No,16,4,3.0,LCD,Intel,512 GB SSD,0,Small,Entry-level,Other,3.0,512
Asus,107765.0,Intel,No,8,4,3.0,LCD,Intel,No SSD,1024,Large,Entry-level,Other,3.0,0
Acer,169746.5,Intel,No,8,4,4.2,LED,Intel,512 GB SSD,0,Large,Low-end,Other,4.0,512
Dell,169746.5,Intel,Yes,8,4,2.4,LED,Intel,256 GB SSD,0,Large,Low-end,Other,2.5,256
Asus,111965.0,Intel,No,8,4,3.0,LCD,Intel,512 GB SSD,0,Large,Entry-level,Other,3.0,512
Asus,139965.0,Intel,No,8,4,4.7,LCD,Intel,512 GB SSD,0,Large,Entry-level,Other,4.5,512
Lenovo,209965.0,Intel,No,8,4,2.4,LED,Intel,512 GB SSD,0,Small,Low-end,Other,2.5,512
Hp,240100.0,Intel,No,16,4,4.2,LCD,NVIDIA,512 GB SSD,0,Large,Mid-end,Other,4.0,512
Hp,224448.0,AMD,Yes,16,4,3.3,LCD,AMD,512 GB SSD,0,Large,Mid-end,Mid-End,3.5,512
Hp,216996.5,AMD,Yes,8,4,4.2,LED,NVIDIA,512 GB SSD,0,Large,Entry-level,Mid-End,4.0,512
Asus,290150.0,Intel,Yes,16,5,2.0,LCD,NVIDIA,512 GB SSD,0,Large,Mid-end,Other,2.0,512
Lenovo,115465.0,Intel,No,4,4,3.0,LED,Intel,256 GB SSD,0,Small,Entry-level,Other,3.0,256
Hp,264565.0,Intel,No,16,4,2.5,LED,Intel,512 GB SSD,0,Small,Low-end,Other,2.5,512
Hp,260715.0,Intel,No,16,4,4.7,LCD,Intel,512 GB SSD,0,Large,Low-end,Other,4.5,512
Asus,139965.0,Intel,Yes,8,4,4.2,LCD,Intel,512 GB SSD,0,Large,Entry-level,Other,4.0,512
Asus,118965.0,Intel,Yes,8,4,1.2,LCD,Intel,512 GB SSD,0,Small,Entry-level,Other,1.0,512
Hp,192496.5,Intel,Yes,8,4,4.7,LCD,Intel,512 GB SSD,0,Large,Low-end,Other,4.5,512
Dell,171465.0,AMD,Yes,8,4,2.1,LCD,Intel,512 GB SSD,0,Large,Entry-level,Mid-End,2.0,512
Lenovo,216965.0,Intel,Yes,16,5,2.0,LCD,Intel,512 GB SSD,0,Small,Entry-level,Other,2.0,512
Hp,183015.0,Intel,Yes,8,4,4.7,LCD,Intel,512 GB SSD,0,Large,Low-end,Other,4.5,512
Lenovo,307615.0,Intel,No,16,5,3.3,LCD,NVIDIA,512 GB SSD,0,Large,Mid-end,Other,3.5,512
Hp,124215.0,Intel,Yes,8,4,4.0,LCD,Intel,512 GB SSD,0,Large,Entry-level,Other,4.0,512
Msi,269465.0,Intel,No,16,4,3.3,LCD,NVIDIA,256 GB SSD,1024,Large,Mid-end,Other,3.5,256
Asus,272996.5,Intel,No,16,4,4.7,LED,Intel,512 GB SSD,0,Small,Low-end,Other,4.5,512
Dell,106872.5,Intel,Yes,4,4,1.2,LED,Intel,No SSD,1024,Large,Entry-level,Other,1.0,0
Lenovo,115496.5,AMD,Yes,8,4,2.6,LCD,AMD,512 GB SSD,0,Large,Entry-level,Low-End,2.5,512
Asus,385224.0,AMD,Yes,16,5,4.7,LCD,NVIDIA,512 GB SSD,0,Large,Mid-end,High-End,4.5,512
Asus,109865.0,Intel,No,8,4,1.2,LCD,Intel,256 GB SSD,0,Small,Entry-level,Other,1.0,256
Hp,254201.5,Intel,Yes,16,4,4.2,LCD,NVIDIA,1024 GB SSD,0,Large,Mid-end,Other,4.0,1024
Asus,244965.0,AMD,No,16,4,4.7,LED,AMD,512 GB SSD,0,Small,Entry-level,High-End,4.5,512
Lenovo,104300.0,Intel,No,4,4,1.1,LED,Intel,128 GB SSD,0,Small,Entry-level,Low-End,1.0,128
Lenovo,258965.0,Intel,No,16,4,1.3,LCD,Intel,512 GB SSD,0,Small,Low-end,Other,1.5,512
Hp,190715.0,Intel,Yes,8,4,4.2,LCD,Intel,512 GB SSD,0,Small,Entry-level,Other,4.0,512
Hp,230646.5,AMD,No,16,4,2.1,LED,NVIDIA,512 GB SSD,0,Small,Low-end,Mid-End,2.0,512
Other,272132.0,Intel,No,16,5,2.0,LCD,Intel,512 GB SSD,0,Small,Entry-level,Other,2.0,512
Lenovo,227465.0,AMD,Yes,16,5,3.3,LCD,NVIDIA,512 GB SSD,0,Large,Mid-end,Mid-End,3.5,512
Hp,144476.5,AMD,No,8,4,2.1,LED,AMD,512 GB SSD,0,Small,Entry-level,Mid-End,2.0,512
Hp,262465.0,Intel,No,16,4,4.7,LCD,Intel,512 GB SSD,0,Small,Low-end,Other,4.5,512
Dell,262496.5,Intel,Yes,8,4,1.3,LCD,NVIDIA,512 GB SSD,0,Large,Low-end,Other,1.5,512
Dell,131250.0,AMD,Yes,8,4,2.6,LCD,AMD,256 GB SSD,1024,Large,Entry-level,Low-End,2.5,256
Other,294364.0,Intel,Yes,16,5,2.0,LCD,NVIDIA,512 GB SSD,0,Small,Low-end,Other,2.0,512
Msi,146965.0,AMD,Yes,8,4,4.2,LCD,AMD,512 GB SSD,0,Large,Entry-level,High-End,4.0,512
Lenovo,244961.5,Intel,No,16,4,2.4,LED,Intel,512 GB SSD,0,Small,Low-end,Other,2.5,512
Dell,138215.0,Intel,Yes,8,4,1.7,LCD,Intel,512 GB SSD,0,Large,Entry-level,Other,1.5,512
Asus,143465.0,Intel,Yes,8,4,1.0,LCD,Intel,512 GB SSD,0,Small,Entry-level,Other,1.0,512
Lenovo,211844.5,Intel,No,16,4,2.4,LED,Intel,512 GB SSD,0,Small,Low-end,Other,2.5,512
Hp,192465.0,AMD,Yes,8,4,4.2,LCD,AMD,512 GB SSD,0,Large,Mid-end,Mid-End,4.0,512
Hp,109543.0,Intel,Yes,8,4,3.0,LCD,Intel,512 GB SSD,0,Large,Entry-level,Other,3.0,512
Hp,169750.0,AMD,Yes,8,4,4.2,LCD,NVIDIA,512 GB SSD,0,Large,Mid-end,Mid-End,4.0,512
Asus,220465.0,Intel,Yes,16,4,2.4,LED,Intel,512 GB SSD,0,Large,Low-end,Other,2.5,512
Dell,134074.5,AMD,Yes,8,4,3.4,LCD,AMD,256 GB SSD,0,Large,Entry-level,Low-End,3.5,256
Msi,297465.0,Intel,No,8,4,4.7,LCD,NVIDIA,512 GB SSD,0,Large,Mid-end,Other,4.5,512
Lenovo,245000.0,Intel,No,8,4,2.4,LED,Intel,512 GB SSD,0,Large,Entry-level,Other,2.5,512
Lenovo,150465.0,AMD,Yes,8,4,2.0,LCD,AMD,512 GB SSD,0,Large,Entry-level,High-End,2.0,512
Other,80465.0,Intel,No,8,4,2.4,LCD,Intel,512 GB SSD,0,Large,Entry-level,Other,2.5,512
Other,244965.0,Intel,No,16,4,2.4,LCD,Intel,512 GB SSD,0,Small,Low-end,Other,2.5,512
Lenovo,135800.0,Intel,No,4,4,1.0,LED,Intel,No SSD,1024,Small,Entry-level,Other,1.0,0
Hp,139965.0,Intel,Yes,8,4,3.3,LCD,Intel,512 GB SSD,0,Large,Entry-level,Other,3.5,512
Asus,118965.0,Intel,Yes,8,4,3.4,LCD,Intel,512 GB SSD,0,Large,Entry-level,Other,3.5,512
Other,258965.0,Intel,No,16,4,2.4,LED,Intel,512 GB SSD,0,Small,Low-end,Other,2.5,512
Lenovo,136454.5,AMD,No,8,4,2.1,LED,AMD,512 GB SSD,0,Large,Entry-level,Mid-End,2.0,512
Lenovo,307965.0,Intel,No,16,4,3.4,LCD,Intel,512 GB SSD,0,Large,Low-end,Other,3.5,512
Hp,90965.0,AMD,Yes,8,4,2.6,LCD,AMD,512 GB SSD,0,Small,Entry-level,Low-End,2.5,512
Asus,257250.0,Intel,No,16,4,3.3,LED,Intel,512 GB SSD,0,Large,Low-end,Other,3.5,512
Asus,279965.0,Intel,Yes,16,4,2.6,LCD,Intel,512 GB SSD,0,Large,Low-end,Other,2.5,512
Dell,138950.0,Intel,Yes,8,4,1.2,LED,Intel,512 GB SSD,0,Small,Entry-level,Other,1.0,512
Hp,257946.5,Intel,No,8,4,4.2,LCD,Intel,512 GB SSD,0,Small,Low-end,Other,4.0,512
Msi,313215.0,Intel,Yes,16,4,4.7,LCD,NVIDIA,1024 GB SSD,0,Large,Mid-end,Other,4.5,1024
Lenovo,292250.0,Intel,No,16,4,2.8,LED,Intel,512 GB SSD,0,Small,Low-end,Other,3.0,512
Asus,332465.0,Intel,Yes,16,4,2.6,LCD,Intel,512 GB SSD,0,Large,Low-end,Other,2.5,512
Lenovo,360465.0,AMD,Yes,16,5,3.1,LCD,NVIDIA,512 GB SSD,0,Large,Mid-end,High-End,3.0,512
Hp,332601.5,Intel,No,16,4,4.7,LED,Intel,512 GB SSD,0,Small,Low-end,Other,4.5,512
Hp,104296.5,Intel,No,8,4,3.3,LCD,Intel,512 GB SSD,0,Small,Entry-level,Low-End,3.5,512
Dell,253746.5,Intel,No,8,4,2.4,LED,Intel,512 GB SSD,0,Small,Low-end,Other,2.5,512
Asus,349965.0,Intel,Yes,16,4,2.5,LCD,NVIDIA,512 GB SSD,0,Large,Mid-end,Other,2.5,512
Msi,304241.0,Intel,Yes,16,4,4.7,LCD,NVIDIA,512 GB SSD,0,Large,Mid-end,Other,4.5,512
Dell,187215.0,Intel,Yes,8,4,4.7,LCD,Intel,512 GB SSD,0,Large,Entry-level,Other,4.5,512
Lenovo,118965.0,Intel,No,4,4,1.2,LCD,Intel,256 GB SSD,0,Small,Entry-level,Other,1.0,256
Dell,206465.0,Intel,No,16,4,3.4,LCD,Intel,512 GB SSD,0,Large,Entry-level,Other,3.5,512
Dell,216965.0,Intel,No,16,4,1.3,LCD,Intel,1024 GB SSD,0,Large,Entry-level,Other,1.5,1024
Asus,108496.5,Intel,No,4,4,3.0,LED,Intel,256 GB SSD,0,Small,Entry-level,Other,3.0,256
Dell,150496.5,Intel,Yes,8,4,1.7,LCD,Intel,256 GB SSD,1024,Large,Entry-level,Other,1.5,256
Hp,115465.0,Intel,No,8,4,2.6,LCD,Intel,256 GB SSD,0,Large,Low-end,Other,2.5,256
Acer,223996.5,Intel,Yes,8,4,3.3,LCD,NVIDIA,512 GB SSD,0,Large,Mid-end,Other,3.5,512
Msi,195965.0,Intel,No,8,4,2.7,LCD,NVIDIA,256 GB SSD,1024,Large,Mid-end,Other,2.5,256
Asus,352236.5,Intel,Yes,16,5,2.6,LED,Intel,1024 GB SSD,0,Large,Low-end,Other,2.5,1024
Other,157647.0,AMD,No,8,4,2.3,LED,AMD,512 GB SSD,0,Large,Low-end,High-End,2.5,512
Hp,178465.0,Intel,Yes,8,4,4.2,LCD,Intel,512 GB SSD,0,Small,Low-end,Other,4.0,512
Asus,188965.0,AMD,No,16,4,4.2,LCD,AMD,1024 GB SSD,0,Large,Entry-level,Mid-End,4.0,1024
Asus,384965.0,Intel,Yes,16,5,2.3,LCD,NVIDIA,512 GB SSD,0,Large,Mid-end,Other,2.5,512
Asus,118300.0,Intel,No,8,4,3.0,LCD,Intel,512 GB SSD,0,Large,Entry-level,Other,3.0,512
Dell,141750.0,AMD,Yes,8,4,2.7,LCD,AMD,512 GB SSD,0,Large,Entry-level,Low-End,2.5,512
Asus,174965.0,AMD,No,8,4,2.0,LCD,AMD,1024 GB SSD,0,Large,Entry-level,Mid-End,2.0,1024
Asus,188965.0,Intel,No,16,4,2.5,LCD,Intel,512 GB SSD,0,Large,Low-end,Other,2.5,512
Hp,206465.0,Intel,Yes,16,4,4.2,LCD,NVIDIA,512 GB SSD,0,Large,Mid-end,Other,4.0,512
Lenovo,125996.5,AMD,No,8,5,2.8,LCD,AMD,512 GB SSD,0,Large,Low-end,Mid-End,3.0,512
Asus,119875.0,Intel,Yes,4,4,2.1,LED,Intel,No SSD,1024,Large,Entry-level,Other,2.0,0
Msi,231164.5,Intel,No,16,4,1.8,LED,NVIDIA,512 GB SSD,0,Small,Low-end,Other,2.0,512
Hp,178293.5,AMD,Yes,8,4,4.2,LCD,NVIDIA,512 GB SSD,0,Large,Mid-end,Mid-End,4.0,512
Dell,223996.5,Intel,Yes,8,4,3.0,LED,Intel,512 GB SSD,0,Small,Entry-level,Other,3.0,512
Asus,318115.0,AMD,Yes,16,5,4.7,LCD,NVIDIA,512 GB SSD,0,Large,Mid-end,High-End,4.5,512
Dell,167996.5,Intel,Yes,8,5,1.6,LCD,Intel,1024 GB SSD,0,Large,Entry-level,Other,1.5,1024
Lenovo,292215.0,Intel,Yes,16,4,2.3,LCD,NVIDIA,512 GB SSD,0,Large,Mid-end,Other,2.5,512
Hp,216965.0,Intel,Yes,8,4,4.7,LCD,Intel,512 GB SSD,0,Large,Low-end,Other,4.5,512
Hp,227465.0,Intel,No,16,4,4.7,LCD,Intel,512 GB SSD,0,Small,Low-end,Other,4.5,512
Asus,223615.0,Intel,No,16,4,2.5,LCD,Intel,512 GB SSD,0,Large,Low-end,Other,2.5,512
Hp,89246.5,AMD,No,8,4,2.6,LCD,AMD,512 GB SSD,0,Large,Entry-level,Low-End,2.5,512
Asus,174965.0,Intel,Yes,8,4,1.1,LCD,Intel,512 GB SSD,0,Large,Entry-level,Other,1.0,512
Hp,229250.0,Intel,No,16,4,4.7,LCD,Intel,512 GB SSD,0,Large,Low-end,Other,4.5,512
Asus,265090.0,Intel,No,16,4,3.3,LCD,Intel,512 GB SSD,0,Large,Low-end,Other,3.5,512
Lenovo,162890.0,AMD,No,8,4,2.3,LED,AMD,512 GB SSD,0,Small,Entry-level,Mid-End,2.5,512
Asus,293541.5,Intel,Yes,16,5,2.6,LED,Intel,512 GB SSD,0,Large,Low-end,Other,2.5,512
Asus,321580.0,Intel,Yes,16,5,2.6,LED,Intel,1024 GB SSD,0,Large,Low-end,Other,2.5,1024
Hp,215215.0,Intel,No,8,4,4.7,LCD,Intel,512 GB SSD,0,Large,Low-end,Other,4.5,512
Asus,201215.0,AMD,No,8,4,2.9869688385269124,LCD,AMD,512 GB SSD,0,Small,Entry-level,Mid-End,3.0,512
Dell,262496.5,Intel,Yes,16,4,3.1,LCD,Intel,512 GB SSD,0,Large,Low-end,Other,3.0,512
Lenovo,150465.0,AMD,Yes,8,4,2.1,LCD,AMD,512 GB SSD,0,Large,Entry-level,Mid-End,2.0,512
Asus,181933.5,AMD,Yes,16,5,4.2,LCD,AMD,512 GB SSD,0,Large,Entry-level,Mid-End,4.0,512
Hp,259364.0,AMD,No,16,4,4.7,LCD,AMD,512 GB SSD,0,Small,Entry-level,High-End,4.5,512
Hp,108115.0,AMD,Yes,8,4,2.1,LCD,AMD,512 GB SSD,0,Small,Entry-level,Mid-End,2.0,512
Hp,262465.0,Intel,No,16,4,4.8,LCD,Intel,512 GB SSD,0,Small,Low-end,Other,5.0,512
Hp,132300.0,Intel,No,8,4,4.0,LCD,Intel,512 GB SSD,0,Small,Entry-level,Other,4.0,512
Lenovo,291938.5,AMD,No,16,4,4.7,LCD,NVIDIA,512 GB SSD,0,Large,Mid-end,High-End,4.5,512
Asus,153965.0,AMD,No,16,5,4.2,LCD,AMD,512 GB SSD,0,Large,Entry-level,Mid-End,4.0,512
Lenovo,209965.0,AMD,Yes,16,4,2.0,LCD,AMD,512 GB SSD,0,Small,Entry-level,Mid-End,2.0,512
Lenovo,118965.0,AMD,No,8,4,2.1,LCD,AMD,512 GB SSD,0,Large,Entry-level,Mid-End,2.0,512
Hp,136496.5,AMD,No,8,4,4.0,LCD,AMD,256 GB SSD,0,Large,Entry-level,Mid-End,4.0,256
Dell,169750.0,AMD,Yes,8,4,2.3,LCD,AMD,512 GB SSD,0,Large,Entry-level,Mid-End,2.5,512
Lenovo,164465.0,Intel,Yes,8,4,2.4,LCD,Intel,512 GB SSD,0,Large,Low-end,Other,2.5,512
Hp,157465.0,AMD,Yes,16,5,2.8,LCD,AMD,512 GB SSD,0,Large,Entry-level,Mid-End,3.0,512
Acer,229215.0,AMD,Yes,8,5,3.3,LCD,NVIDIA,512 GB SSD,0,Large,Mid-end,Mid-End,3.5,512
Lenovo,225750.0,Intel,No,8,4,3.3,LCD,NVIDIA,512 GB SSD,0,Large,Mid-end,Other,3.5,512
Asus,325465.0,Intel,Yes,8,4,2.3,LCD,NVIDIA,1024 GB SSD,0,Large,Mid-end,Other,2.5,1024
Asus,227465.0,Intel,Yes,16,4,2.0,LCD,NVIDIA,512 GB SSD,0,Large,Mid-end,Other,2.0,512
Msi,279965.0,Intel,Yes,8,4,4.7,LCD,NVIDIA,512 GB SSD,0,Large,Mid-end,Other,4.5,512
Msi,227465.0,Intel,No,8,4,4.8,LCD,Intel,512 GB SSD,0,Large,Low-end,Other,5.0,512
Asus,234465.0,Intel,No,8,4,4.2,LED,NVIDIA,512 GB SSD,0,Large,Mid-end,Other,4.0,512
Other,349965.0,Intel,No,32,5,2.4,LCD,NVIDIA,1024 GB SSD,0,Large,Mid-end,Other,2.5,1024
Acer,96915.0,AMD,Yes,8,4,1.2,LCD,AMD,256 GB SSD,0,Small,Entry-level,Other,1.0,256
Dell,265996.5,Intel,Yes,8,4,3.3,LCD,Intel,512 GB SSD,0,Small,Low-end,Other,3.5,512
Lenovo,214165.0,AMD,Yes,16,4,2.0,LCD,AMD,512 GB SSD,0,Small,Entry-level,High-End,2.0,512
Msi,171465.0,Intel,Yes,8,4,4.2,LCD,Intel,512 GB SSD,0,Large,Low-end,Other,4.0,512
Lenovo,286965.0,Intel,Yes,16,4,1.7,LCD,Intel,512 GB SSD,0,Large,Low-end,Other,1.5,512
Acer,59465.0,Intel,Yes,8,4,1.1,LCD,Intel,128 GB SSD,0,Small,Entry-level,Low-End,1.0,128
Dell,532339.5,Intel,Yes,16,5,4.8,LCD,NVIDIA,1024 GB SSD,0,Large,Mid-end,Other,5.0,1024
Msi,323256.5,Intel,Yes,16,4,4.7,LCD,NVIDIA,512 GB SSD,0,Large,Mid-end,Other,4.5,512
Lenovo,115465.0,Intel,No,4,4,3.0,LED,Intel,256 GB SSD,0,Small,Entry-level,Other,3.0,256
Msi,174965.0,Intel,Yes,8,4,4.7,LCD,NVIDIA,512 GB SSD,0,Large,Mid-end,Other,4.5,512
Lenovo,153965.0,Intel,No,8,4,2.4,LED,Intel,512 GB SSD,0,Small,Entry-level,Other,2.5,512
Dell,117215.0,AMD,Yes,8,4,2.3,LCD,AMD,256 GB SSD,0,Large,Entry-level,Other,2.5,256
Dell,148746.5,Intel,Yes,8,4,1.2,LCD,Intel,256 GB SSD,1024,Large,Entry-level,Other,1.0,256
Msi,164465.0,Intel,No,8,4,4.7,LCD,Intel,512 GB SSD,0,Small,Low-end,Other,4.5,512
Lenovo,209965.0,Intel,Yes,8,4,2.6,LCD,NVIDIA,512 GB SSD,0,Large,Mid-end,Other,2.5,512
Asus,115496.5,Intel,No,8,4,3.0,LED,Intel,256 GB SSD,0,Large,Entry-level,Other,3.0,256
Dell,167996.5,Intel,Yes,8,4,4.2,LCD,Intel,512 GB SSD,0,Large,Entry-level,Other,4.0,512
Other,292565.0,Intel,Yes,16,4,4.2,LCD,Intel,512 GB SSD,0,Small,Low-end,Other,4.0,512
Hp,101115.0,Intel,Yes,8,4,2.8,LCD,Intel,512 GB SSD,0,Large,Entry-level,Low-End,3.0,512
Samsung,437465.0,Intel,No,16,5,4.7,LED,Intel,512 GB SSD,0,Large,Low-end,Other,4.5,512
Hp,89246.5,AMD,No,8,4,2.6,LCD,AMD,512 GB SSD,0,Large,Entry-level,Low-End,2.5,512
Dell,314996.5,Intel,No,16,4,2.9,LCD,Intel,512 GB SSD,0,Small,Low-end,Other,3.0,512
Lenovo,166215.0,Intel,Yes,8,4,4.2,LCD,Intel,512 GB SSD,0,Small,Entry-level,Other,4.0,512
Lenovo,108465.0,Intel,No,8,4,2.7385892116182573,LCD,Intel,512 GB SSD,0,Small,Entry-level,Other,2.5,512
Asus,227465.0,AMD,Yes,8,4,2.4,LCD,NVIDIA,512 GB SSD,0,Large,Mid-end,Mid-End,2.5,512
Lenovo,338443.0,Intel,Yes,16,4,1.7,LCD,NVIDIA,512 GB SSD,0,Large,Mid-end,Other,1.5,512
Lenovo,130546.5,Intel,Yes,8,4,3.0,LCD,Intel,512 GB SSD,0,Large,Entry-level,Other,3.0,512
Dell,363965.0,Intel,No,16,5,3.4,LCD,NVIDIA,512 GB SSD,0,Small,Low-end,Other,3.5,512
Hp,118965.0,Intel,Yes,8,4,4.2,LCD,Intel,512 GB SSD,0,Large,Low-end,Other,4.0,512
Lenovo,75425.0,AMD,Yes,4,4,2.3,LCD,AMD,No SSD,1024,Small,Entry-level,Other,2.5,0
Asus,201568.5,Intel,Yes,8,4,1.3,LCD,Intel,512 GB SSD,0,Large,Low-end,Other,1.5,512
Other,619500.0,Intel,No,16,5,3.4,LCD,Intel,1024 GB SSD,0,Large,Low-end,Other,3.5,1024
Asus,227465.0,Intel,Yes,8,4,2.4,LED,Intel,256 GB SSD,1024,Large,Low-end,Other,2.5,256
Lenovo,153965.0,Intel,No,8,4,2.4,LED,Intel,256 GB SSD,0,Small,Entry-level,Other,2.5,256
Msi,255465.0,Intel,Yes,16,5,4.2,LCD,NVIDIA,512 GB SSD,0,Large,Mid-end,Other,4.0,512
Acer,160965.0,AMD,No,8,4,2.0,LCD,AMD,512 GB SSD,0,Small,Entry-level,Mid-End,2.0,512
Msi,475562.5,Intel,No,16,4,2.7385892116182573,LED,NVIDIA,1024 GB SSD,0,Large,High-end,Other,2.5,1024
Hp,405650.0,AMD,Yes,16,5,4.7,LCD,NVIDIA,512 GB SSD,0,Large,Mid-end,High-End,4.5,512
Dell,173215.0,AMD,Yes,8,4,2.3,LCD,AMD,512 GB SSD,0,Small,Entry-level,Mid-End,2.5,512
Asus,314965.0,Intel,No,16,4,2.5,LCD,NVIDIA,512 GB SSD,0,Small,Low-end,Other,2.5,512
Acer,206465.0,Intel,No,16,5,4.7,LCD,Intel,512 GB SSD,0,Large,Low-end,Other,4.5,512
Hp,167965.0,AMD,No,8,4,4.0,LCD,AMD,512 GB SSD,0,Small,Entry-level,Mid-End,4.0,512
Asus,201250.0,Intel,Yes,8,4,4.7,LCD,Intel,512 GB SSD,0,Large,Entry-level,Other,4.5,512
Asus,346500.0,Intel,Yes,16,4,3.1,LCD,NVIDIA,512 GB SSD,0,Large,Mid-end,Other,3.0,512
Asus,178465.0,AMD,Yes,16,5,4.2,LED,AMD,512 GB SSD,0,Large,Entry-level,Mid-End,4.0,512
Hp,229383.0,AMD,Yes,8,4,4.2,LCD,NVIDIA,512 GB SSD,0,Large,Mid-end,High-End,4.0,512
Asus,106750.0,Intel,No,8,4,1.1,LCD,Intel,256 GB SSD,0,Small,Entry-level,Low-End,1.0,256
Apple,699650.0,Apple,No,16,5,3.49,LCD,Apple,512 GB SSD,0,Small,High-end,Apple M-series,3.5,512
Asus,258965.0,Intel,Yes,16,4,2.5,LCD,NVIDIA,512 GB SSD,0,Large,Mid-end,Other,2.5,512
Dell,276150.0,Intel,Yes,16,4,4.0,LCD,NVIDIA,512 GB SSD,0,Large,Mid-end,Other,4.0,512
Asus,407008.0,Intel,No,16,5,2.5,LCD,Intel,512 GB SSD,0,Small,Low-end,Other,2.5,512
Msi,371623.0,Intel,Yes,16,4,4.7,LCD,NVIDIA,512 GB SSD,0,Large,Mid-end,Other,4.5,512
Lenovo,139965.0,Intel,Yes,8,4,2.1,LCD,Intel,256 GB SSD,0,Large,Entry-level,Other,2.0,256
Msi,118597.5,Intel,Yes,4,4,2.1,LCD,Intel,256 GB SSD,0,Small,Entry-level,Other,2.0,256
Msi,409465.0,Intel,Yes,16,5,3.4,LCD,NVIDIA,1024 GB SSD,0,Large,Mid-end,Other,3.5,1024
Acer,160650.0,Intel,No,8,5,4.0,LCD,Intel,512 GB SSD,0,Small,Entry-level,Other,4.0,512
Acer,171465.0,Intel,Yes,8,4,4.7,LCD,NVIDIA,512 GB SSD,0,Large,Mid-end,Other,4.5,512
Asus,251965.0,Intel,No,16,4,1.3,LED,Intel,512 GB SSD,0,Small,Entry-level,Other,1.5,512
Asus,486188.5,AMD,No,16,4,3.4,LED,NVIDIA,1024 GB SSD,0,Large,Mid-end,High-End,3.5,1024
Dell,253330.0,Intel,Yes,16,4,2.4,LCD,NVIDIA,512 GB SSD,0,Large,Low-end,Other,2.5,512
Acer,122465.0,Intel,No,4,4,1.1,LCD,Intel,256 GB SSD,0,Small,Entry-level,Low-End,1.0,256
Asus,151900.0,Intel,No,8,4,1.0,LCD,Intel,No SSD,1024,Large,Entry-level,Other,1.0,0
Samsung,454965.0,Intel,No,16,5,4.8,LED,Intel,512 GB SSD,0,Large,Low-end,Other,5.0,512
Samsung,314965.0,Intel,No,16,5,4.7,LED,Intel,512 GB SSD,0,Small,Low-end,Other,4.5,512
Lenovo,157465.0,Intel,No,8,4,3.3,LCD,Intel,512 GB SSD,0,Large,Low-end,Other,3.5,512
Samsung,297815.0,Intel,No,16,5,4.8,LED,Intel,512 GB SSD,0,Small,Low-end,Other,5.0,512
Asus,422765.0,AMD,No,16,4,3.1,LCD,NVIDIA,1024 GB SSD,0,Small,Mid-end,High-End,3.0,1024
Dell,127715.0,AMD,Yes,8,4,2.1,LCD,AMD,512 GB SSD,0,Large,Entry-level,Mid-End,2.0,512
Msi,314965.0,Intel,Yes,16,5,4.8,LCD,NVIDIA,512 GB SSD,0,Large,Mid-end,Other,5.0,512
Dell,164916.5,Intel,Yes,4,4,2.1,LED,NVIDIA,512 GB SSD,0,Small,Low-end,Other,2.0,512
Asus,469280.0,Intel,No,16,5,2.3,LED,Intel,1024 GB SSD,0,Small,Low-end,Other,2.5,1024
Dell,145215.0,Intel,No,8,4,4.0,LCD,Intel,256 GB SSD,0,Large,Entry-level,Other,4.0,256
Msi,524965.0,Intel,Yes,16,5,3.4,LCD,NVIDIA,1024 GB SSD,0,Large,Mid-end,Other,3.5,1024
Asus,202650.0,Intel,Yes,8,4,1.3,LCD,Intel,512 GB SSD,0,Large,Low-end,Other,1.5,512
Msi,181650.0,Intel,Yes,16,4,4.2,LCD,Intel,512 GB SSD,0,Large,Low-end,Other,4.0,512
Apple,944650.0,Apple,Yes,16,5,3.49,LCD,Apple,1024 GB SSD,0,Large,High-end,Apple M-series,3.5,1024
Asus,671965.0,AMD,Yes,16,5,4.7,LCD,NVIDIA,1024 GB SSD,0,Large,Mid-end,High-End,4.5,1024
Hp,297496.5,Intel,No,16,5,4.7,LCD,Intel,512 GB SSD,0,Large,Low-end,Other,4.5,512
Hp,328996.5,Intel,No,16,4,4.7,LCD,NVIDIA,512 GB SSD,0,Large,Mid-end,Other,4.5,512
Asus,629965.0,Intel,Yes,16,4,4.7,LCD,NVIDIA,1024 GB SSD,0,Large,Mid-end,Other,4.5,1024
Asus,314965.0,AMD,Yes,16,5,3.3,LCD,NVIDIA,1024 GB SSD,0,Large,Mid-end,High-End,3.5,1024
Asus,139580.0,Intel,No,8,4,2.4,LED,Intel,256 GB SSD,0,Large,Entry-level,Other,2.5,256
Dell,139965.0,Intel,No,8,4,4.2,LCD,Intel,512 GB SSD,0,Small,Entry-level,Other,4.0,512
Msi,418344.5,Intel,Yes,16,4,4.7,LCD,NVIDIA,1024 GB SSD,0,Large,Mid-end,Other,4.5,1024
Dell,150850.0,Intel,Yes,8,4,1.7,LCD,Intel,256 GB SSD,1024,Large,Entry-level,Other,1.5,256
Lenovo,118758.5,Intel,Yes,8,4,0.8,LCD,Intel,512 GB SSD,0,Large,Entry-level,Other,1.0,512
Hp,301913.5,Intel,No,16,5,4.7,LCD,NVIDIA,512 GB SSD,0,Large,Mid-end,Other,4.5,512
Asus,283465.0,AMD,No,16,5,2.9,LED,AMD,512 GB SSD,0,Small,Entry-level,Mid-End,3.0,512
Dell,206496.5,Intel,Yes,8,4,2.4,LCD,Intel,256 GB SSD,1024,Large,Entry-level,Other,2.5,256
Apple,1084650.0,Apple,No,32,5,3.49,LCD,Apple,1024 GB SSD,0,Small,High-end,Apple M-series,3.5,1024
Hp,251965.0,Intel,No,16,4,4.7,LCD,NVIDIA,512 GB SSD,0,Large,Low-end,Other,4.5,512
Asus,174650.0,AMD,Yes,16,5,4.2,LED,AMD,512 GB SSD,0,Large,Entry-level,Mid-End,4.0,512
Asus,229880.0,Intel,No,16,4,2.6,LCD,Intel,512 GB SSD,0,Large,Low-end,Other,2.5,512
Asus,192465.0,AMD,No,16,5,4.2,LED,AMD,512 GB SSD,0,Large,Entry-level,Mid-End,4.0,512
Asus,171465.0,Intel,No,8,4,2.4,LCD,Intel,512 GB SSD,0,Small,Entry-level,Other,2.5,512
Acer,118996.5,AMD,No,8,5,2.8,LCD,AMD,512 GB SSD,0,Large,Entry-level,Mid-End,3.0,512
Lenovo,122465.0,Intel,Yes,8,4,3.0,LCD,Intel,256 GB SSD,0,Large,Entry-level,Other,3.0,256
Hp,299250.0,AMD,Yes,16,5,4.7,LCD,AMD,1024 GB SSD,0,Small,Entry-level,High-End,4.5,1024
Asus,221375.0,AMD,Yes,16,4,4.0,LCD,NVIDIA,512 GB SSD,0,Large,Mid-end,Mid-End,4.0,512
Hp,357700.0,Intel,No,16,4,2.7,LCD,Intel,1024 GB SSD,0,Small,Low-end,Other,2.5,1024
Acer,241465.0,Intel,No,8,4,1.6,LED,Intel,512 GB SSD,0,Large,Entry-level,Other,1.5,512
Dell,297496.5,AMD,No,16,4,3.3,LCD,NVIDIA,512 GB SSD,0,Large,Mid-end,High-End,3.5,512
Asus,262465.0,Intel,Yes,16,4,4.7,LED,Intel,512 GB SSD,0,Large,Low-end,Other,4.5,512
Lenovo,111125.0,AMD,Yes,8,4,2.6,LCD,AMD,512 GB SSD,0,Large,Entry-level,Low-End,2.5,512
Lenovo,409465.0,AMD,Yes,16,5,3.4,LCD,NVIDIA,512 GB SSD,0,Large,Mid-end,High-End,3.5,512
Dell,258965.0,Intel,No,8,5,4.7,LCD,NVIDIA,512 GB SSD,0,Large,Mid-end,Other,4.5,512
Dell,261765.0,Intel,No,16,5,4.7,LCD,NVIDIA,512 GB SSD,0,Large,Mid-end,Other,4.5,512
Hp,73115.0,AMD,No,4,4,3.1,LCD,AMD,256 GB SSD,0,Large,Entry-level,Other,3.0,256
Asus,472465.0,AMD,No,16,4,4.7,LED,AMD,1024 GB SSD,0,Small,Entry-level,High-End,4.5,1024
Hp,304465.0,Intel,Yes,8,4,4.7,LCD,NVIDIA,512 GB SSD,0,Large,Mid-end,Other,4.5,512
Acer,194250.0,Intel,No,16,4,1.2,LCD,NVIDIA,512 GB SSD,0,Large,Mid-end,Other,1.0,512
Lenovo,692965.0,AMD,No,32,5,3.1,LCD,NVIDIA,1024 GB SSD,0,Large,High-end,High-End,3.0,1024
Dell,171465.0,AMD,Yes,8,4,2.3,LCD,AMD,512 GB SSD,0,Large,Entry-level,Mid-End,2.5,512
Asus,265996.5,Intel,No,16,4,4.2,LCD,NVIDIA,512 GB SSD,0,Large,Mid-end,Other,4.0,512
Msi,279965.0,AMD,No,16,5,4.7,LCD,AMD,512 GB SSD,0,Large,Mid-end,High-End,4.5,512
Other,144865.0,Intel,No,4,3,1.2,LED,Intel,128 GB SSD,0,Small,Entry-level,Other,1.0,128
Hp,381465.0,AMD,Yes,16,4,4.7,LCD,AMD,1024 GB SSD,0,Large,Mid-end,High-End,4.5,1024
Acer,132965.0,Intel,No,8,5,4.2,LCD,Intel,512 GB SSD,0,Large,Entry-level,Other,4.0,512
Acer,132965.0,Intel,No,8,5,2.7385892116182573,LCD,Intel,512 GB SSD,0,Large,Entry-level,Other,2.5,512
Lenovo,384965.0,AMD,Yes,16,5,3.1,LCD,NVIDIA,1024 GB SSD,0,Large,Mid-end,High-End,3.0,1024
Msi,213496.5,Intel,Yes,16,5,4.2,LCD,NVIDIA,512 GB SSD,0,Large,Mid-end,Other,4.0,512
Hp,295470.0,AMD,Yes,8,4,4.7,LCD,AMD,512 GB SSD,0,Large,Mid-end,High-End,4.5,512
Dell,223965.0,Intel,Yes,8,4,2.4,LCD,NVIDIA,512 GB SSD,0,Large,Mid-end,Other,2.5,512
Lenovo,223300.0,Intel,Yes,8,4,3.3,LCD,Intel,512 GB SSD,0,Small,Entry-level,Other,3.5,512
Lenovo,247765.0,AMD,No,16,4,3.3,LCD,NVIDIA,512 GB SSD,0,Large,Mid-end,Mid-End,3.5,512
Asus,226765.0,Intel,No,16,4,2.4,LED,Intel,512 GB SSD,0,Large,Low-end,Other,2.5,512
Msi,384965.0,Intel,Yes,16,5,4.8,LCD,NVIDIA,1024 GB SSD,0,Large,Mid-end,Other,5.0,1024
Lenovo,148715.0,Intel,Yes,4,4,3.0,LCD,Intel,256 GB SSD,0,Small,Entry-level,Other,3.0,256
Lenovo,244965.0,AMD,No,8,4,3.3,LED,NVIDIA,512 GB SSD,0,Large,Mid-end,Mid-End,3.5,512
Lenovo,167646.5,Intel,Yes,8,4,1.7,LCD,Intel,256 GB SSD,0,Small,Entry-level,Other,1.5,256
Hp,244996.5,Intel,No,8,4,4.7,LCD,Intel,512 GB SSD,0,Small,Low-end,Other,4.5,512
Hp,251965.0,AMD,No,16,4,4.2,LCD,NVIDIA,512 GB SSD,0,Large,Mid-end,High-End,4.0,512
Dell,142065.0,AMD,No,8,4,4.0,LCD,AMD,512 GB SSD,0,Large,Entry-level,Mid-End,4.0,512
Lenovo,87496.5,AMD,Yes,4,4,2.3,LCD,AMD,No SSD,1024,Small,Entry-level,Other,2.5,0
Samsung,349996.5,Intel,No,16,4,2.2,LED,Intel,1024 GB SSD,0,Small,Low-end,Other,2.0,1024
Samsung,395465.0,Intel,No,16,4,1.9,LED,Intel,512 GB SSD,0,Small,Low-end,Other,2.0,512
Asus,682465.0,Intel,Yes,16,5,2.2,LCD,NVIDIA,1024 GB SSD,0,Large,High-end,Other,2.0,1024
Hp,166215.0,Intel,Yes,8,4,3.0,LCD,Intel,256 GB SSD,0,Large,Entry-level,Other,3.0,256
Asus,241465.0,Intel,No,8,4,1.8,LED,NVIDIA,512 GB SSD,0,Small,Low-end,Other,2.0,512
Hp,233166.5,Intel,Yes,8,4,4.2,LCD,NVIDIA,512 GB SSD,0,Large,Mid-end,Other,4.0,512
Msi,325465.0,Intel,Yes,16,5,4.8,LCD,Intel,1024 GB SSD,0,Small,Low-end,Other,5.0,1024
Msi,524965.0,AMD,Yes,16,4,4.2,LCD,AMD,1024 GB SSD,0,Large,High-end,High-End,4.0,1024
Asus,220465.0,Intel,No,16,4,2.0,LCD,NVIDIA,512 GB SSD,0,Large,Mid-end,Other,2.0,512
Other,417455.5,Intel,No,8,5,3.3,LCD,Intel,512 GB SSD,0,Large,Low-end,Other,3.5,512
Hp,241836.0,Intel,No,8,4,2.5,LCD,NVIDIA,512 GB SSD,0,Large,Mid-end,Other,2.5,512
Dell,244965.0,Intel,No,8,5,4.7,LCD,Intel,512 GB SSD,0,Small,Low-end,Other,4.5,512
Msi,434668.5,Intel,No,16,4,2.7385892116182573,LED,NVIDIA,1024 GB SSD,0,Large,High-end,Other,2.5,1024
Lenovo,80465.0,Intel,Yes,8,4,2.8,LCD,Intel,256 GB SSD,0,Large,Entry-level,Low-End,3.0,256
Hp,377650.0,Intel,No,16,4,4.7,LCD,NVIDIA,1024 GB SSD,0,Large,Mid-end,Other,4.5,1024
Hp,226096.5,Intel,No,16,4,4.7,LCD,Intel,512 GB SSD,0,Large,Low-end,Other,4.5,512
Acer,349965.0,Intel,No,16,5,1.4,LED,Intel,1024 GB SSD,0,Small,Low-end,Other,1.5,1024
Hp,314965.0,Intel,No,16,5,4.7,LCD,Intel,512 GB SSD,0,Large,Low-end,Other,4.5,512
Asus,202965.0,Intel,No,8,4,2.7385892116182573,LCD,NVIDIA,1024 GB SSD,0,Large,Mid-end,Other,2.5,1024
Msi,327061.0,Intel,Yes,16,4,4.7,LCD,NVIDIA,512 GB SSD,0,Large,Mid-end,Other,4.5,512
Dell,279965.0,Intel,No,16,5,4.8,LCD,Intel,1024 GB SSD,0,Small,Low-end,Other,5.0,1024
Msi,454965.0,Intel,Yes,16,5,3.4,LCD,NVIDIA,1024 GB SSD,0,Large,Mid-end,Other,3.5,1024
Dell,293965.0,Intel,Yes,8,4,3.3,LCD,NVIDIA,512 GB SSD,0,Small,Low-end,Other,3.5,512
Hp,145215.0,Intel,Yes,8,4,4.2,LCD,Intel,512 GB SSD,0,Large,Entry-level,Other,4.0,512
Asus,132965.0,AMD,No,8,5,4.2,LCD,AMD,512 GB SSD,0,Small,Entry-level,Mid-End,4.0,512
Acer,122465.0,Intel,Yes,8,4,2.0,LCD,Intel,256 GB SSD,0,Small,Entry-level,Low-End,2.0,256
Hp,314965.0,Intel,Yes,16,4,4.8,LCD,Intel,512 GB SSD,0,Small,Low-end,Other,5.0,512
Asus,244475.0,AMD,Yes,16,4,4.2,LCD,AMD,512 GB SSD,0,Large,Entry-level,Mid-End,4.0,512
Apple,874650.0,Apple,Yes,16,5,3.49,LCD,Apple,1024 GB SSD,0,Small,High-end,Apple M-series,3.5,1024
Other,342965.0,Intel,No,8,4,2.7385892116182573,LCD,Intel,256 GB SSD,0,Small,Low-end,Other,2.5,256
Lenovo,254992.5,Intel,No,8,4,1.8,LED,Intel,512 GB SSD,0,Small,Entry-level,Other,2.0,512
Lenovo,120575.0,AMD,Yes,8,5,2.4,LCD,AMD,512 GB SSD,0,Large,Low-end,Low-End,2.5,512
Asus,209965.0,Intel,No,8,4,4.7,LCD,Intel,512 GB SSD,0,Large,Low-end,Other,4.5,512
Asus,209965.0,Intel,Yes,8,4,1.3,LCD,Intel,512 GB SSD,0,Large,Low-end,Other,1.5,512
Dell,261065.0,Intel,No,16,4,3.3,LCD,NVIDIA,512 GB SSD,0,Large,Low-end,Other,3.5,512
Lenovo,209965.0,Intel,Yes,8,5,2.4,LCD,Intel,512 GB SSD,0,Large,Mid-end,Other,2.5,512
Asus,276465.0,Intel,No,16,4,2.3,LED,Intel,512 GB SSD,0,Large,Low-end,Other,2.5,512
Asus,150465.0,Intel,Yes,8,4,3.0,LED,Intel,256 GB SSD,0,Large,Entry-level,Other,3.0,256
Lenovo,122465.0,AMD,Yes,8,4,3.1,LCD,AMD,512 GB SSD,0,Large,Entry-level,Mid-End,3.0,512
Acer,185465.0,Intel,Yes,8,4,3.3,LCD,NVIDIA,512 GB SSD,0,Large,Mid-end,Other,3.5,512
Lenovo,437465.0,Intel,No,16,5,3.4,LCD,NVIDIA,1024 GB SSD,0,Small,Mid-end,Other,3.5,1024
Dell,271649.0,AMD,Yes,16,4,2.0,LCD,AMD,512 GB SSD,0,Large,Entry-level,High-End,2.0,512
Lenovo,303415.0,AMD,No,16,4,2.0,LCD,AMD,1024 GB SSD,0,Small,Entry-level,High-End,2.0,1024
Other,363436.5,Intel,Yes,16,5,3.4,LCD,Intel,512 GB SSD,0,Large,Low-end,Other,3.5,512
Lenovo,468965.0,Intel,Yes,16,4,2.1,LCD,NVIDIA,512 GB SSD,0,Small,High-end,Other,2.0,512
Asus,182000.0,Intel,No,8,4,2.4,LED,Intel,256 GB SSD,1024,Large,Entry-level,Other,2.5,256
Asus,402465.0,Intel,No,16,4,2.3,LCD,NVIDIA,1024 GB SSD,0,Large,Mid-end,Other,2.5,1024
Hp,415488.5,Intel,No,16,4,2.9,LCD,Intel,512 GB SSD,0,Large,Low-end,Other,3.0,512
Asus,279965.0,Intel,Yes,16,4,2.0,LCD,NVIDIA,512 GB SSD,0,Large,Mid-end,Other,2.0,512
Lenovo,294301.0,Intel,No,8,4,2.7385892116182573,LED,NVIDIA,512 GB SSD,0,Large,Low-end,Other,2.5,512
Dell,191065.0,Intel,Yes,8,4,2.4,LCD,Intel,512 GB SSD,0,Small,Entry-level,Other,2.5,512
Lenovo,267750.0,Intel,Yes,8,4,2.4,LCD,Intel,512 GB SSD,0,Large,Entry-level,Other,2.5,512
Dell,591465.0,Intel,No,16,5,4.7,LCD,NVIDIA,512 GB SSD,0,Large,Mid-end,Other,4.5,512
Asus,485124.5,Intel,Yes,16,5,4.8,LED,Intel,1024 GB SSD,0,Small,Low-end,Other,5.0,1024
Asus,514360.0,AMD,Yes,16,5,3.3,LCD,NVIDIA,1024 GB SSD,0,Large,Mid-end,High-End,3.5,1024
Lenovo,101465.0,AMD,No,8,4,2.613076923076923,LCD,AMD,512 GB SSD,0,Large,Entry-level,Low-End,2.5,512
Hp,349650.0,AMD,No,16,4,1.9,LCD,AMD,1024 GB SSD,0,Small,Entry-level,High-End,2.0,1024
Msi,276465.0,Intel,No,16,4,5.5,LCD,Intel,1024 GB SSD,0,Small,Low-end,Other,5.5,1024
Asus,167930.0,Intel,Yes,8,4,1.3,LCD,Intel,512 GB SSD,0,Large,Low-end,Other,1.5,512
Asus,507150.0,Intel,No,16,5,2.3,LCD,NVIDIA,1024 GB SSD,0,Large,Mid-end,Other,2.5,1024
Lenovo,349930.0,AMD,Yes,16,5,3.4,LCD,NVIDIA,512 GB SSD,0,Large,Mid-end,High-End,3.5,512
Other,279965.0,Intel,No,8,5,2.7385892116182573,LCD,Intel,256 GB SSD,0,Small,Low-end,Other,2.5,256
Hp,342965.0,Intel,Yes,16,5,4.8,LCD,NVIDIA,512 GB SSD,0,Large,Mid-end,Other,5.0,512
Hp,272965.0,Intel,Yes,8,4,3.3,LCD,Intel,512 GB SSD,0,Large,Low-end,Other,3.5,512
Other,759447.5,Intel,Yes,16,5,2.3,LCD,NVIDIA,1024 GB SSD,0,Large,High-end,Other,2.5,1024
Dell,558803.0,AMD,Yes,16,5,3.1,LCD,NVIDIA,1024 GB SSD,0,Large,High-end,High-End,3.0,1024
Asus,489965.0,Intel,Yes,16,4,2.6,LCD,NVIDIA,1024 GB SSD,0,Large,Mid-end,Other,2.5,1024
Asus,1189965.0,Intel,Yes,32,5,2.2,LCD,NVIDIA,1024 GB SSD,0,Large,Entry-level,Other,2.0,1024
Asus,310625.0,AMD,Yes,16,5,4.7,LCD,NVIDIA,1024 GB SSD,0,Large,Mid-end,High-End,4.5,1024
Asus,265272.0,Intel,Yes,16,4,1.9,LED,Intel,512 GB SSD,0,Large,Low-end,Other,2.0,512
Hp,198800.0,Intel,No,8,4,4.2,LCD,NVIDIA,512 GB SSD,0,Large,Mid-end,Other,4.0,512
Hp,272296.5,Intel,No,8,4,4.2,LCD,Intel,512 GB SSD,0,Small,Low-end,Other,4.0,512
Asus,139650.0,Intel,Yes,8,4,1.8,LED,Intel,512 GB SSD,0,Large,Entry-level,Other,2.0,512
Hp,231980.0,Intel,Yes,16,4,4.2,LCD,Intel,512 GB SSD,0,Small,Low-end,Other,4.0,512
Dell,741965.0,Intel,No,16,5,4.8,LCD,NVIDIA,1024 GB SSD,0,Large,Mid-end,Other,5.0,1024
Asus,283150.0,Intel,Yes,16,4,4.7,LCD,Intel,512 GB SSD,0,Small,Entry-level,Other,4.5,512
Asus,334141.5,Intel,Yes,16,5,1.7,LED,Intel,512 GB SSD,0,Small,Low-end,Other,1.5,512
Other,605465.0,Intel,No,16,5,4.7,LCD,Intel,512 GB SSD,0,Small,Low-end,Other,4.5,512
Hp,357749.0,AMD,No,16,4,4.2,LCD,AMD,512 GB SSD,0,Small,Entry-level,High-End,4.0,512
Lenovo,267746.5,AMD,Yes,8,4,1.7,LCD,AMD,512 GB SSD,0,Small,Entry-level,High-End,1.5,512
Msi,1014965.0,Intel,Yes,32,5,3.4,LCD,NVIDIA,1024 GB SSD,0,Large,High-end,Other,3.5,1024
Asus,454965.0,Intel,Yes,16,5,4.8,LED,Intel,1024 GB SSD,0,Small,Low-end,Other,5.0,1024
Hp,594132.0,Intel,Yes,16,4,4.7,LED,Intel,1024 GB SSD,0,Small,Low-end,Other,4.5,1024
Asus,586043.5,Intel,No,32,4,3.3,LCD,NVIDIA,1024 GB SSD,0,Large,Mid-end,Other,3.5,1024
Lenovo,130865.0,Intel,Yes,8,4,3.3,LCD,Intel,512 GB SSD,0,Large,Entry-level,Other,3.5,512
Lenovo,295172.5,Intel,Yes,8,4,4.2,LCD,Intel,512 GB SSD,0,Large,Entry-level,Other,4.0,512
Lenovo,220496.5,Intel,Yes,8,4,2.7385892116182573,LCD,NVIDIA,512 GB SSD,0,Large,Mid-end,Other,2.5,512
Hp,370650.0,AMD,Yes,8,5,4.7,LCD,NVIDIA,512 GB SSD,0,Large,Mid-end,High-End,4.5,512
Hp,629996.5,AMD,Yes,32,5,4.8,LCD,AMD,1024 GB SSD,0,Large,Entry-level,High-End,5.0,1024
Lenovo,204715.0,Intel,Yes,8,4,3.1,LCD,NVIDIA,256 GB SSD,1024,Large,Mid-end,Other,3.0,256
Dell,524965.0,Intel,No,16,5,2.7385892116182573,LCD,NVIDIA,512 GB SSD,0,Small,Mid-end,Other,2.5,512
Hp,180215.0,Intel,No,8,4,2.5,LCD,Intel,No SSD,1024,Large,Low-end,Other,2.5,0
Lenovo,419965.0,Intel,Yes,16,4,2.3,LCD,NVIDIA,512 GB SSD,0,Large,Mid-end,Other,2.5,512
Msi,269465.0,Intel,Yes,8,4,2.2,LCD,NVIDIA,512 GB SSD,0,Large,Mid-end,Other,2.0,512
Asus,839912.5,Intel,No,32,5,2.3,LED,NVIDIA,1024 GB SSD,0,Large,Mid-end,Other,2.5,1024
Hp,309750.0,AMD,Yes,8,4,4.2,LCD,NVIDIA,512 GB SSD,0,Large,Mid-end,High-End,4.0,512
Msi,598465.0,Intel,Yes,16,4,2.3,LED,NVIDIA,1024 GB SSD,0,Large,Mid-end,Other,2.5,1024
Dell,628190.5,Intel,No,16,5,4.7,LCD,NVIDIA,1024 GB SSD,0,Large,Mid-end,Other,4.5,1024
Asus,727965.0,AMD,Yes,16,5,4.8,LCD,NVIDIA,1024 GB SSD,0,Large,High-end,High-End,5.0,1024
Dell,185496.5,Intel,Yes,8,4,2.4,LCD,Intel,512 GB SSD,0,Large,Entry-level,Other,2.5,512
Asus,302676.5,Intel,Yes,8,4,2.5,LED,NVIDIA,512 GB SSD,0,Large,Mid-end,Other,2.5,512
Lenovo,524965.0,Intel,Yes,16,4,2.3,LCD,NVIDIA,1024 GB SSD,0,Large,High-end,Other,2.5,1024
Lenovo,594965.0,Intel,Yes,32,4,2.3,LCD,NVIDIA,1024 GB SSD,0,Large,High-end,Other,2.5,1024
Asus,117600.0,Intel,Yes,4,4,3.4,LED,Intel,No SSD,1024,Large,Entry-level,Other,3.5,0
Msi,178465.0,Intel,No,8,4,4.7,LCD,NVIDIA,512 GB SSD,0,Large,Mid-end,Other,4.5,512
Asus,174965.0,AMD,No,8,4,3.3,LCD,NVIDIA,512 GB SSD,0,Large,Mid-end,Mid-End,3.5,512
Asus,157465.0,AMD,No,8,5,2.8,LED,AMD,512 GB SSD,0,Large,Entry-level,Mid-End,3.0,512
Msi,150465.0,Intel,No,8,4,4.2,LCD,NVIDIA,512 GB SSD,0,Large,Mid-end,Other,4.0,512
Msi,177450.0,Intel,No,16,4,4.2,LCD,NVIDIA,512 GB SSD,0,Large,Mid-end,Other,4.0,512
Other,129465.0,Intel,No,16,4,1.3,LCD,Intel,512 GB SSD,0,Small,Low-end,Other,1.5,512
Asus,114096.5,Intel,No,8,4,1.2,LCD,Intel,256 GB SSD,0,Large,Entry-level,Other,1.0,256
Other,87465.0,Intel,No,8,4,2.0,LCD,Intel,256 GB SSD,0,Large,Entry-level,Other,2.0,256
Msi,139965.0,Intel,No,8,4,0.8,LCD,Intel,512 GB SSD,0,Large,Low-end,Other,1.0,512
Hp,215246.5,AMD,Yes,16,4,3.3,LCD,NVIDIA,512 GB SSD,0,Large,Mid-end,Mid-End,3.5,512
Other,90965.0,Intel,No,8,4,2.0,LCD,Intel,512 GB SSD,0,Large,Entry-level,Other,2.0,512
Hp,205642.5,Intel,Yes,16,4,4.2,LCD,NVIDIA,512 GB SSD,0,Large,Mid-end,Other,4.0,512
Msi,132300.0,Intel,No,8,4,3.3,LCD,Intel,512 GB SSD,0,Small,Low-end,Other,3.5,512
Other,101465.0,Intel,No,8,4,4.8,LCD,Intel,256 GB SSD,0,Large,Entry-level,Other,5.0,256
Asus,148750.0,Intel,No,8,4,1.0,LCD,Intel,512 GB SSD,0,Large,Entry-level,Other,1.0,512
Dell,146965.0,Intel,No,8,4,4.2,LCD,Intel,512 GB SSD,0,Large,Entry-level,Other,4.0,512
Asus,125965.0,AMD,No,8,4,2.1,LCD,AMD,512 GB SSD,0,Small,Low-end,Mid-End,2.0,512
Asus,157146.5,Intel,No,8,4,1.7,LCD,Intel,512 GB SSD,0,Small,Entry-level,Other,1.5,512
Hp,195965.0,AMD,No,8,4,3.3,LCD,NVIDIA,512 GB SSD,0,Large,Mid-end,Mid-End,3.5,512
Lenovo,127715.0,Intel,Yes,8,4,3.3,LCD,Intel,512 GB SSD,0,Small,Entry-level,Other,3.5,512
Msi,201250.0,Intel,No,16,4,4.2,LCD,NVIDIA,256 GB SSD,1024,Large,Mid-end,Other,4.0,256
Dell,274715.0,Intel,No,16,5,4.7,LCD,NVIDIA,1024 GB SSD,0,Large,Mid-end,Other,4.5,1024
Msi,220465.0,Intel,No,16,4,3.0,LCD,NVIDIA,256 GB SSD,1024,Large,Mid-end,Other,3.0,256
Asus,108465.0,Intel,Yes,8,4,1.1,LCD,Intel,512 GB SSD,0,Large,Entry-level,Low-End,1.0,512
Lenovo,241115.0,Intel,No,16,5,2.0,LCD,NVIDIA,512 GB SSD,0,Large,Mid-end,Other,2.0,512
Lenovo,88165.0,AMD,Yes,8,5,3.4,LCD,AMD,512 GB SSD,0,Large,Entry-level,Other,3.5,512
Asus,265965.0,Intel,No,16,4,2.5,LCD,NVIDIA,512 GB SSD,0,Large,Mid-end,Other,2.5,512
Msi,129465.0,Intel,No,16,4,0.8,LCD,Intel,512 GB SSD,0,Small,Entry-level,Other,1.0,512
Hp,171465.0,AMD,No,16,4,4.2,LCD,AMD,512 GB SSD,0,Large,Entry-level,High-End,4.0,512
Hp,220465.0,AMD,Yes,16,4,3.1,LCD,NVIDIA,512 GB SSD,0,Large,Mid-end,High-End,3.0,512
Msi,125387.5,Intel,No,16,4,0.8,LCD,Intel,512 GB SSD,0,Large,Entry-level,Other,1.0,512
Dell,129465.0,Intel,Yes,8,4,1.7,LCD,Intel,256 GB SSD,0,Large,Entry-level,Other,1.5,256
Lenovo,185465.0,Intel,Yes,16,5,2.0,LCD,Intel,512 GB SSD,0,Large,Entry-level,Other,2.0,512
Asus,487865.0,AMD,No,16,4,3.1,LCD,NVIDIA,1024 GB SSD,0,Small,Mid-end,High-End,3.0,1024
Lenovo,167650.0,AMD,No,8,4,2.0,LCD,AMD,512 GB SSD,0,Small,Entry-level,Mid-End,2.0,512
Msi,290465.0,Intel,No,32,5,4.7,LCD,NVIDIA,1024 GB SSD,0,Large,Mid-end,Other,4.5,1024
Asus,384965.0,Intel,Yes,16,5,2.6,LED,Intel,1024 GB SSD,0,Large,Low-end,Other,2.5,1024
Asus,160650.0,AMD,Yes,8,4,4.2,LCD,AMD,512 GB SSD,0,Large,Entry-level,Mid-End,4.0,512
Asus,209965.0,Intel,No,16,4,3.3,LCD,Intel,512 GB SSD,0,Small,Low-end,Other,3.5,512
Lenovo,135065.0,AMD,Yes,8,5,2.8,LCD,AMD,512 GB SSD,0,Large,Low-end,Mid-End,3.0,512
Lenovo,200725.0,Intel,Yes,16,5,2.1,LCD,Intel,512 GB SSD,0,Large,Entry-level,Other,2.0,512
Lenovo,223965.0,Intel,Yes,16,5,2.0,LCD,Intel,1024 GB SSD,0,Small,Entry-level,Other,2.0,1024
Hp,255465.0,Intel,No,16,4,3.4,LCD,Intel,1024 GB SSD,0,Small,Low-end,Other,3.5,1024
Msi,276815.0,Intel,No,16,4,4.7,LCD,NVIDIA,512 GB SSD,0,Large,Mid-end,Other,4.5,512
Other,265965.0,Intel,No,16,5,3.4,LCD,Intel,512 GB SSD,0,Large,Low-end,Other,3.5,512
Lenovo,125650.0,Intel,No,4,4,1.2,LED,Intel,No SSD,1024,Small,Entry-level,Other,1.0,0
Msi,241465.0,Intel,No,16,4,4.8,LCD,Intel,1024 GB SSD,0,Small,Low-end,Other,5.0,1024
Asus,143465.0,Intel,Yes,8,4,1.2,LCD,Intel,512 GB SSD,0,Large,Entry-level,Other,1.0,512
Hp,80496.5,Intel,Yes,8,4,2.1,LCD,Intel,256 GB SSD,0,Large,Entry-level,Low-End,2.0,256
Dell,146965.0,Intel,No,8,4,4.2,LCD,Intel,512 GB SSD,0,Large,Entry-level,Other,4.0,512
Hp,146996.5,Intel,Yes,8,4,0.8,LCD,Intel,1024 GB SSD,0,Large,Entry-level,Other,1.0,1024
Lenovo,150465.0,AMD,Yes,16,4,2.0,LCD,AMD,512 GB SSD,0,Large,Entry-level,Mid-End,2.0,512
Asus,344715.0,Intel,No,16,5,4.7,LCD,NVIDIA,1024 GB SSD,0,Large,Mid-end,Other,4.5,1024
Msi,220465.0,Intel,No,16,4,4.7,LCD,NVIDIA,512 GB SSD,1024,Large,Mid-end,Other,4.5,512
Lenovo,143465.0,Intel,Yes,8,5,1.2,LCD,Intel,512 GB SSD,0,Large,Entry-level,Other,1.0,512
Hp,363965.0,AMD,No,16,5,4.8,LCD,NVIDIA,1024 GB SSD,0,Large,Mid-end,High-End,5.0,1024
Asus,190046.5,Intel,Yes,16,4,2.7,LCD,NVIDIA,512 GB SSD,0,Large,Mid-end,Other,2.5,512
Hp,230965.0,Intel,No,16,4,2.7385892116182573,LCD,Intel,512 GB SSD,0,Large,Low-end,Other,2.5,512
Lenovo,167265.0,Intel,No,8,4,4.2,LCD,Intel,512 GB SSD,0,Small,Entry-level,Other,4.0,512
Lenovo,111615.0,Intel,No,8,4,3.3,LCD,Intel,512 GB SSD,0,Large,Entry-level,Other,3.5,512
Msi,202965.0,Intel,Yes,16,5,3.3,LCD,NVIDIA,512 GB SSD,0,Large,Mid-end,Other,3.5,512
Lenovo,164465.0,Intel,No,8,4,3.3,LCD,Intel,512 GB SSD,0,Small,Entry-level,Other,3.5,512
Hp,318465.0,Intel,Yes,16,4,3.3,LED,NVIDIA,512 GB SSD,0,Large,Mid-end,Other,3.5,512
Msi,195965.0,Intel,No,16,4,4.2,LCD,NVIDIA,256 GB SSD,1024,Large,Mid-end,Other,4.0,256
Lenovo,150465.0,AMD,Yes,16,4,2.0,LCD,AMD,512 GB SSD,0,Large,Entry-level,Mid-End,2.0,512
Msi,402465.0,Intel,No,8,5,3.1,LCD,NVIDIA,1024 GB SSD,0,Large,Mid-end,Other,3.0,1024
Lenovo,269465.0,Intel,Yes,16,4,1.3,LCD,Intel,512 GB SSD,0,Small,Entry-level,Other,1.5,512
Dell,143430.0,Intel,Yes,8,4,4.7,LCD,Intel,512 GB SSD,0,Large,Entry-level,Other,4.5,512
Asus,552965.0,AMD,No,16,5,4.7,LCD,NVIDIA,1024 GB SSD,0,Large,Mid-end,High-End,4.5,1024
Lenovo,451465.0,AMD,No,16,5,4.8,LCD,NVIDIA,512 GB SSD,0,Large,Mid-end,High-End,5.0,512
Samsung,601965.0,Intel,Yes,32,5,4.8,LED,Intel,1024 GB SSD,0,Small,Low-end,Other,5.0,1024
Hp,633496.5,Intel,No,16,5,4.8,LCD,NVIDIA,1024 GB SSD,0,Large,High-end,Other,5.0,1024
Asus,397498.5,AMD,Yes,16,5,4.8,LCD,NVIDIA,512 GB SSD,0,Small,Mid-end,High-End,5.0,512
Msi,311465.0,Intel,Yes,16,5,4.8,LCD,NVIDIA,512 GB SSD,0,Large,Mid-end,Other,5.0,512
Asus,780465.0,Intel,Yes,32,5,4.8,LCD,NVIDIA,1024 GB SSD,0,Large,High-end,Other,5.0,1024
Lenovo,430465.0,Intel,Yes,16,5,3.4,LCD,NVIDIA,1024 GB SSD,0,Large,Mid-end,Other,3.5,1024
Acer,175458.5,Intel,No,8,3,1.6,LED,Intel,512 GB SSD,0,Small,Entry-level,Other,1.5,512
Hp,171465.0,AMD,No,8,4,4.2,LCD,AMD,512 GB SSD,0,Large,Mid-end,Mid-End,4.0,512
Lenovo,138600.0,Intel,Yes,8,4,3.3,LCD,Intel,256 GB SSD,0,Large,Entry-level,Other,3.5,256
Dell,425743.5,Intel,Yes,16,4,3.4,LCD,NVIDIA,512 GB SSD,0,Large,Low-end,Other,3.5,512
Hp,293296.5,Intel,No,16,4,4.8,LCD,Intel,512 GB SSD,0,Small,Low-end,Other,5.0,512
Asus,570465.0,AMD,No,16,5,4.7,LCD,NVIDIA,1024 GB SSD,0,Large,Mid-end,High-End,4.5,1024
Lenovo,286965.0,Intel,No,16,5,3.4,LCD,NVIDIA,512 GB SSD,0,Large,Mid-end,Other,3.5,512
Hp,608965.0,Intel,Yes,16,5,5.5,LCD,NVIDIA,1024 GB SSD,0,Large,High-end,Other,5.5,1024
Hp,241465.0,Intel,No,16,4,3.4,LCD,Intel,512 GB SSD,0,Small,Entry-level,Other,3.5,512
Asus,213080.0,Intel,No,16,4,2.5,LCD,Intel,512 GB SSD,0,Large,Low-end,Other,2.5,512
Lenovo,962465.0,Intel,Yes,32,5,4.0,LCD,NVIDIA,1024 GB SSD,0,Large,Entry-level,Other,4.0,1024
Lenovo,290465.0,Intel,No,16,4,1.7,LCD,Intel,512 GB SSD,0,Large,Low-end,Other,1.5,512
Dell,271565.0,Intel,Yes,16,4,3.4,LCD,NVIDIA,512 GB SSD,0,Large,Low-end,Other,3.5,512
Hp,293965.0,Intel,Yes,16,4,1.3,LCD,Intel,512 GB SSD,0,Large,Low-end,Other,1.5,512
Asus,185465.0,Intel,No,16,4,1.3,LCD,Intel,512 GB SSD,0,Large,Low-end,Other,1.5,512
Msi,629965.0,Intel,No,16,4,2.2,LED,NVIDIA,512 GB SSD,1024,Large,High-end,Other,2.0,512
Asus,979965.0,Intel,Yes,32,5,2.2,LCD,NVIDIA,1024 GB SSD,0,Large,Entry-level,Other,2.0,1024
Hp,510965.0,Intel,No,16,4,4.8,LED,Intel,1024 GB SSD,0,Small,Low-end,Other,5.0,1024
Asus,447965.0,AMD,Yes,16,5,4.8,LCD,AMD,1024 GB SSD,0,Large,High-end,High-End,5.0,1024
Hp,167996.5,Intel,No,8,4,2.6,LCD,Intel,512 GB SSD,0,Large,Low-end,Other,2.5,512
Asus,979965.0,Intel,Yes,32,5,2.2,LCD,NVIDIA,1024 GB SSD,0,Large,Entry-level,Other,2.0,1024
Msi,699965.0,Intel,No,16,5,4.8,LCD,NVIDIA,1024 GB SSD,0,Large,High-end,Other,5.0,1024
Msi,559965.0,Intel,Yes,16,5,3.4,LED,NVIDIA,1024 GB SSD,0,Large,Mid-end,Other,3.5,1024
Asus,332465.0,Intel,Yes,16,5,2.2,LED,Intel,512 GB SSD,0,Small,Low-end,Other,2.0,512
Dell,1359715.0,Intel,Yes,32,5,4.8,LCD,NVIDIA,1024 GB SSD,0,Large,Entry-level,Other,5.0,1024
Asus,474250.0,AMD,Yes,16,5,4.8,LCD,NVIDIA,1024 GB SSD,0,Small,Mid-end,High-End,5.0,1024
Hp,297465.0,AMD,Yes,16,5,4.8,LED,AMD,1024 GB SSD,0,Small,Low-end,High-End,5.0,1024
Asus,539042.0,Intel,Yes,32,5,1.7,LED,Intel,1024 GB SSD,0,Small,Low-end,Other,1.5,1024
Lenovo,104965.0,AMD,Yes,8,4,1.1,LCD,AMD,No SSD,1024,Small,Entry-level,Low-End,1.0,0
Lenovo,531996.5,Intel,Yes,32,5,2.3,LCD,NVIDIA,1024 GB SSD,0,Large,High-end,Other,2.5,1024
Lenovo,176746.5,Intel,Yes,8,4,2.4,LCD,Intel,256 GB SSD,0,Small,Low-end,Other,2.5,256
Hp,559996.5,AMD,Yes,16,5,4.7,LCD,NVIDIA,1024 GB SSD,0,Large,Mid-end,High-End,4.5,1024
Asus,279457.5,AMD,No,16,4,2.9,LCD,NVIDIA,512 GB SSD,0,Large,Mid-end,High-End,3.0,512
Asus,608580.0,AMD,No,32,5,4.8,LCD,NVIDIA,1024 GB SSD,0,Small,Mid-end,High-End,5.0,1024
Asus,559965.0,Intel,No,16,5,2.3,LCD,NVIDIA,512 GB SSD,0,Large,Mid-end,Other,2.5,512
Asus,570465.0,AMD,No,16,5,4.7,LCD,NVIDIA,1024 GB SSD,0,Large,Mid-end,High-End,4.5,1024
Dell,512015.0,Intel,No,16,4,4.2,LCD,Intel,512 GB SSD,0,Small,Low-end,Other,4.0,512
Hp,248465.0,Intel,Yes,16,5,4.2,LCD,Intel,512 GB SSD,0,Small,Low-end,Other,4.0,512
Asus,234384.5,AMD,Yes,16,4,2.9,LED,NVIDIA,256 GB SSD,1024,Large,Mid-end,High-End,3.0,256
Asus,342965.0,AMD,Yes,16,4,3.0,LED,NVIDIA,1024 GB SSD,0,Large,Mid-end,High-End,3.0,1024
Asus,398965.0,AMD,Yes,8,4,2.9869688385269124,LED,NVIDIA,1024 GB SSD,0,Large,Mid-end,Mid-End,3.0,1024
Asus,391965.0,Intel,No,16,5,1.4,LED,Intel,1024 GB SSD,0,Large,Low-end,Other,1.5,1024
Asus,1126965.0,Intel,No,16,5,2.5,LCD,NVIDIA,1024 GB SSD,0,Small,Mid-end,Other,2.5,1024
Hp,360465.0,AMD,Yes,16,5,4.8,LCD,NVIDIA,1024 GB SSD,0,Large,Mid-end,High-End,5.0,1024
Asus,227465.0,AMD,No,16,4,3.1,LCD,NVIDIA,512 GB SSD,0,Large,Mid-end,High-End,3.0,512
Samsung,986965.0,Intel,No,32,5,4.8,LED,NVIDIA,1024 GB SSD,0,Large,High-end,Other,5.0,1024
Hp,216996.5,Intel,No,16,4,4.7,LCD,Intel,512 GB SSD,0,Small,Low-end,Other,4.5,512
Samsung,430465.0,Intel,No,16,5,1.8,LED,Intel,512 GB SSD,0,Large,Low-end,Other,2.0,512
Acer,384965.0,AMD,Yes,16,5,3.5710437710437706,LCD,NVIDIA,1024 GB SSD,0,Large,Mid-end,High-End,3.5,1024
Samsung,818965.0,Intel,No,16,5,3.4,LED,NVIDIA,1024 GB SSD,0,Large,Mid-end,Other,3.5,1024
Samsung,486465.0,Intel,No,16,5,1.8,LED,Intel,1024 GB SSD,0,Large,Low-end,Other,2.0,1024
Samsung,402465.0,Intel,Yes,16,5,1.4,LED,Intel,512 GB SSD,0,Large,Low-end,Other,1.5,512
Msi,402465.0,AMD,Yes,16,5,3.4,LCD,NVIDIA,512 GB SSD,0,Large,Mid-end,High-End,3.5,512
Asus,206465.0,Intel,No,16,4,1.3,LCD,Intel,512 GB SSD,0,Large,Low-end,Other,1.5,512
Hp,552965.0,Intel,Yes,16,5,4.8,LCD,Intel,1024 GB SSD,0,Large,Low-end,Other,5.0,1024
Other,297465.0,Intel,No,32,5,2.3,LCD,Intel,1024 GB SSD,0,Large,Low-end,Other,2.5,1024
Msi,255465.0,Intel,Yes,16,5,4.8,LCD,Intel,512 GB SSD,0,Large,Low-end,Other,5.0,512
Msi,570465.0,Intel,Yes,16,5,1.5,LCD,NVIDIA,1024 GB SSD,0,Large,High-end,Other,1.5,1024
Lenovo,304465.0,Intel,No,16,4,4.8,LCD,Intel,512 GB SSD,0,Small,Low-end,Other,5.0,512
Hp,381608.5,Intel,Yes,16,4,4.8,LCD,NVIDIA,1024 GB SSD,0,Large,Mid-end,Other,5.0,1024
Hp,297465.0,Intel,Yes,16,4,4.7,LCD,NVIDIA,1024 GB SSD,0,Large,Mid-end,Other,4.5,1024
Asus,237996.5,Intel,Yes,16,4,2.3,LCD,Intel,512 GB SSD,0,Large,Low-end,Other,2.5,512
Msi,188965.0,Intel,Yes,8,4,4.7,LCD,NVIDIA,512 GB SSD,0,Large,Mid-end,Other,4.5,512
Dell,174965.0,Intel,Yes,8,4,4.7,LCD,Intel,512 GB SSD,0,Large,Entry-level,Other,4.5,512
Dell,201215.0,Intel,Yes,16,4,4.7,LCD,Intel,512 GB SSD,0,Large,Entry-level,Other,4.5,512
Dell,202965.0,Intel,Yes,16,4,4.2,LCD,Intel,512 GB SSD,0,Small,Low-end,Other,4.0,512
Lenovo,223965.0,Intel,Yes,16,5,4.8,LCD,Intel,512 GB SSD,0,Small,Entry-level,Other,5.0,512
Dell,524965.0,Intel,No,16,5,3.4,LCD,NVIDIA,512 GB SSD,0,Large,Mid-end,Other,3.5,512
Asus,202965.0,Intel,Yes,16,4,4.2,LCD,Intel,512 GB SSD,0,Large,Low-end,Other,4.0,512
Hp,241465.0,Intel,Yes,8,5,4.2,LCD,Intel,512 GB SSD,0,Large,Entry-level,Other,4.0,512
Lenovo,174475.0,Intel,No,8,4,1.2,LCD,Intel,512 GB SSD,0,Small,Entry-level,Other,1.0,512
Asus,129465.0,Intel,Yes,8,4,0.8,LCD,Intel,512 GB SSD,0,Small,Entry-level,Other,1.0,512
Asus,199395.0,Intel,No,16,4,2.5,LCD,Intel,512 GB SSD,0,Large,Low-end,Other,2.5,512
Msi,192465.0,Intel,Yes,16,4,1.2,LCD,Intel,512 GB SSD,0,Large,Low-end,Other,1.0,512
Lenovo,278215.0,Intel,Yes,16,5,3.1,LCD,NVIDIA,512 GB SSD,0,Large,Mid-end,Other,3.0,512
Lenovo,734965.0,Intel,Yes,16,5,4.8,LCD,Intel,1024 GB SSD,0,Small,Low-end,Other,5.0,1024
Acer,146965.0,AMD,No,16,4,3.5710437710437706,LCD,AMD,512 GB SSD,0,Large,Entry-level,High-End,3.5,512
Asus,391965.0,Intel,No,16,5,1.4,LED,Intel,1024 GB SSD,0,Large,Low-end,Other,1.5,1024
Hp,556465.0,Intel,No,16,5,5.5,LCD,NVIDIA,1024 GB SSD,0,Large,Mid-end,Other,5.5,1024
Lenovo,87465.0,Intel,Yes,8,4,1.1,LCD,Intel,256 GB SSD,0,Small,Entry-level,Low-End,1.0,256
Lenovo,159215.0,Intel,Yes,8,4,2.4,LCD,Intel,512 GB SSD,0,Small,Entry-level,Other,2.5,512
Lenovo,115465.0,AMD,Yes,8,5,2.4,LCD,AMD,512 GB SSD,0,Large,Low-end,Low-End,2.5,512
Asus,129465.0,Intel,Yes,8,4,0.8,LCD,Intel,512 GB SSD,0,Large,Entry-level,Other,1.0,512
Asus,384965.0,Intel,Yes,16,5,2.4,LCD,NVIDIA,512 GB SSD,0,Large,Mid-end,Other,2.5,512
Hp,297850.0,Intel,Yes,16,4,3.4,LCD,Intel,512 GB SSD,0,Large,Low-end,Other,3.5,512
Msi,150465.0,Intel,Yes,16,4,4.2,LCD,Intel,512 GB SSD,0,Large,Low-end,Other,4.0,512
Hp,223650.0,Intel,Yes,8,4,4.2,LCD,Intel,512 GB SSD,0,Small,Low-end,Other,4.0,512
Lenovo,107975.0,AMD,Yes,8,4,2.3,LCD,AMD,512 GB SSD,0,Large,Entry-level,Low-End,2.5,512
Msi,349965.0,Intel,No,16,5,1.4,LCD,Intel,1024 GB SSD,0,Small,Low-end,Other,1.5,1024
Msi,143465.0,Intel,No,8,4,1.2,LCD,Intel,512 GB SSD,0,Large,Low-end,Other,1.0,512
Asus,339465.0,Intel,No,16,5,1.2,LED,Intel,1024 GB SSD,0,Large,Low-end,Other,1.0,1024
Msi,454965.0,Intel,No,32,5,1.4,LCD,NVIDIA,1024 GB SSD,0,Small,Mid-end,Other,1.5,1024
Asus,350080.5,Intel,Yes,16,5,1.2,LED,Intel,1024 GB SSD,0,Large,Low-end,Other,1.0,1024
Msi,472465.0,Intel,No,16,5,1.2,LCD,Intel,1024 GB SSD,0,Small,Low-end,Other,1.0,1024
Lenovo,230996.5,Intel,No,8,4,4.2,LCD,Intel,512 GB SSD,0,Small,Entry-level,Other,4.0,512
Hp,207854.5,AMD,Yes,16,5,4.2,LCD,AMD,512 GB SSD,0,Small,Entry-level,Mid-End,4.0,512
Lenovo,1132215.0,Intel,Yes,32,5,2.2,LCD,NVIDIA,1024 GB SSD,0,Large,Entry-level,Other,2.0,1024
Lenovo,159215.0,Intel,Yes,8,4,2.4,LCD,Intel,512 GB SSD,0,Small,Entry-level,Other,2.5,512
Lenovo,237996.5,Intel,No,8,4,4.2,LCD,Intel,512 GB SSD,0,Small,Entry-level,Other,4.0,512
Msi,332465.0,Intel,No,16,4,4.7,LCD,Intel,1024 GB SSD,0,Small,Low-end,Other,4.5,1024
Lenovo,164496.5,Intel,No,8,4,4.2,LCD,Intel,512 GB SSD,0,Large,Entry-level,Other,4.0,512
Msi,542465.0,Intel,No,16,5,5.5,LCD,NVIDIA,1024 GB SSD,0,Large,High-end,Other,5.5,1024
Lenovo,124250.0,Intel,Yes,8,4,3.0,LCD,Intel,512 GB SSD,0,Large,Entry-level,Other,3.0,512
Msi,437465.0,Intel,No,16,5,5.5,LCD,NVIDIA,1024 GB SSD,0,Large,Mid-end,Other,5.5,1024
Msi,524965.0,Intel,No,16,5,4.8,LCD,NVIDIA,1024 GB SSD,0,Large,Mid-end,Other,5.0,1024
Asus,237965.0,Intel,No,16,4,2.3,LCD,Intel,512 GB SSD,0,Large,Low-end,Other,2.5,512
Lenovo,244965.0,Intel,Yes,16,5,2.4,LCD,NVIDIA,512 GB SSD,0,Large,Mid-end,Other,2.5,512
Msi,647465.0,Intel,No,32,5,1.0,LCD,NVIDIA,1024 GB SSD,0,Large,High-end,Other,1.0,1024
Msi,664965.0,Intel,No,16,5,4.8,LCD,NVIDIA,1024 GB SSD,0,Small,Mid-end,Other,5.0,1024
Msi,594965.0,Intel,No,32,5,4.8,LCD,NVIDIA,1024 GB SSD,0,Large,High-end,Other,5.0,1024
Msi,472465.0,Intel,No,16,5,5.5,LCD,NVIDIA,1024 GB SSD,0,Large,Mid-end,Other,5.5,1024
Msi,472465.0,Intel,Yes,16,5,4.8,LCD,NVIDIA,1024 GB SSD,0,Large,High-end,Other,5.0,1024
Msi,664965.0,Intel,No,32,5,4.8,LCD,NVIDIA,1024 GB SSD,0,Large,High-end,Other,5.0,1024
Msi,307965.0,Intel,Yes,16,4,4.7,LCD,NVIDIA,512 GB SSD,0,Large,Mid-end,Other,4.5,512
Msi,1224965.0,Intel,No,32,5,5.5,LCD,NVIDIA,1024 GB SSD,0,Large,Entry-level,Other,5.5,1024
Hp,475965.0,Intel,No,16,5,4.8,LCD,NVIDIA,1024 GB SSD,0,Large,Mid-end,Other,5.0,1024
Lenovo,73465.0,Intel,Yes,4,4,1.1,LCD,Intel,256 GB SSD,0,Small,Entry-level,Low-End,1.0,256
Hp,151690.0,AMD,Yes,8,4,4.0,LCD,AMD,512 GB SSD,0,Large,Entry-level,Mid-End,4.0,512
Lenovo,157465.0,Intel,Yes,16,4,2.4,LCD,Intel,512 GB SSD,0,Large,Entry-level,Other,2.5,512
Acer,699965.0,Intel,Yes,16,5,1.6,LCD,NVIDIA,1024 GB SSD,0,Large,High-end,Other,1.5,1024
Other,297465.0,Intel,No,16,5,4.7,LCD,NVIDIA,512 GB SSD,0,Large,Mid-end,Other,4.5,512
Lenovo,524965.0,Intel,No,32,5,5.5,LED,NVIDIA,1024 GB SSD,0,Large,Mid-end,Other,5.5,1024
Asus,699965.0,Intel,Yes,32,5,1.4,LED,Intel,1024 GB SSD,0,Small,Low-end,Other,1.5,1024
Other,241465.0,Intel,No,16,5,4.2,LCD,NVIDIA,512 GB SSD,0,Large,Mid-end,Other,4.0,512
Other,335965.0,Intel,No,16,5,4.8,LCD,NVIDIA,512 GB SSD,0,Large,Mid-end,Other,5.0,512
Lenovo,195965.0,Intel,Yes,8,4,3.0,LCD,Intel,256 GB SSD,0,Small,Entry-level,Other,3.0,256
Acer,297465.0,AMD,Yes,16,5,3.5710437710437706,LCD,NVIDIA,512 GB SSD,0,Large,Mid-end,High-End,3.5,512
Lenovo,381465.0,Intel,Yes,32,5,3.4,LED,Intel,1024 GB SSD,0,Small,Low-end,Other,3.5,1024
Lenovo,143465.0,AMD,Yes,16,4,2.0,LCD,AMD,512 GB SSD,0,Large,Entry-level,High-End,2.0,512
Hp,193865.0,Intel,Yes,8,4,4.2,LCD,Intel,1024 GB SSD,0,Large,Entry-level,Other,4.0,1024
Lenovo,314965.0,Intel,Yes,16,5,2.6,LCD,NVIDIA,512 GB SSD,0,Large,Mid-end,Other,2.5,512
Lenovo,451465.0,AMD,Yes,16,5,3.4,LED,NVIDIA,1024 GB SSD,0,Large,Mid-end,High-End,3.5,1024
Lenovo,120715.0,AMD,Yes,8,4,2.3,LCD,AMD,512 GB SSD,0,Large,Entry-level,Low-End,2.5,512
Lenovo,201215.0,Intel,Yes,16,5,4.7,LCD,Intel,512 GB SSD,0,Large,Entry-level,Other,4.5,512
Lenovo,169715.0,AMD,Yes,16,4,2.0,LCD,AMD,512 GB SSD,0,Large,Entry-level,High-End,2.0,512
Asus,489965.0,Intel,Yes,16,5,2.6,LCD,NVIDIA,1024 GB SSD,0,Large,Mid-end,Other,2.5,1024
Hp,169715.0,Intel,Yes,8,4,4.2,LCD,Intel,512 GB SSD,0,Large,Low-end,Other,4.0,512
Hp,339465.0,AMD,No,16,5,4.8,LCD,AMD,512 GB SSD,0,Small,Entry-level,High-End,5.0,512
Lenovo,222215.0,Intel,No,8,4,4.7,LCD,Intel,512 GB SSD,0,Large,Low-end,Other,4.5,512
Lenovo,300965.0,Intel,No,16,5,3.4,LED,Intel,1024 GB SSD,0,Small,Low-end,Other,3.5,1024
Lenovo,437465.0,Intel,Yes,16,5,3.4,LED,NVIDIA,1024 GB SSD,0,Large,Mid-end,Other,3.5,1024
Asus,90965.0,Intel,No,8,4,3.4,LCD,Intel,256 GB SSD,0,Large,Entry-level,Low-End,3.5,256
Lenovo,192465.0,Intel,Yes,16,5,2.0,LCD,Intel,512 GB SSD,0,Small,Entry-level,Other,2.0,512
Msi,580965.0,Intel,Yes,16,5,5.5,LCD,NVIDIA,1024 GB SSD,0,Large,High-end,Other,5.5,1024
Asus,202965.0,Intel,No,8,4,1.2,LCD,Intel,512 GB SSD,0,Large,Entry-level,Other,1.0,512
Dell,214896.5,Intel,No,16,5,1.2,LCD,Intel,512 GB SSD,0,Large,Entry-level,Other,1.0,512
Msi,206465.0,Intel,No,16,4,4.2,LCD,Intel,512 GB SSD,0,Small,Low-end,Other,4.0,512
Msi,342965.0,Intel,No,16,4,4.8,LCD,Intel,1024 GB SSD,0,Small,Low-end,Other,5.0,1024
Msi,402465.0,Intel,Yes,16,5,4.8,LED,Intel,1024 GB SSD,0,Small,Low-end,Other,5.0,1024
Msi,307965.0,Intel,Yes,16,4,1.5,LCD,Intel,512 GB SSD,0,Small,Low-end,Other,1.5,512
Msi,349965.0,Intel,Yes,16,5,4.2,LED,Intel,1024 GB SSD,0,Small,Low-end,Other,4.0,1024
Msi,699965.0,Intel,No,32,5,4.8,LCD,NVIDIA,1024 GB SSD,0,Large,Mid-end,Other,5.0,1024
Lenovo,772800.0,Intel,No,32,5,4.0,LCD,NVIDIA,1024 GB SSD,0,Large,High-end,Other,4.0,1024
Hp,440965.0,Intel,No,16,5,4.8,LCD,NVIDIA,512 GB SSD,0,Large,Mid-end,Other,5.0,512
Msi,781515.0,Intel,No,32,5,4.8,LED,NVIDIA,1024 GB SSD,0,Small,Mid-end,Other,5.0,1024
Msi,419965.0,AMD,Yes,16,5,4.8,LCD,NVIDIA,1024 GB SSD,0,Large,Mid-end,High-End,5.0,1024
Msi,367465.0,AMD,Yes,16,5,3.4,LCD,NVIDIA,512 GB SSD,0,Large,Mid-end,High-End,3.5,512
Msi,209965.0,Intel,Yes,16,4,4.2,LCD,Intel,512 GB SSD,0,Large,Low-end,Other,4.0,512
Msi,384965.0,Intel,Yes,32,4,1.8,LCD,Intel,1024 GB SSD,0,Small,Low-end,Other,2.0,1024
Lenovo,122465.0,AMD,Yes,8,5,2.8,LCD,AMD,512 GB SSD,0,Large,Low-end,Mid-End,3.0,512
Msi,339465.0,Intel,No,16,5,4.2,LCD,NVIDIA,1024 GB SSD,0,Large,Mid-end,Other,4.0,1024
Msi,402465.0,Intel,No,16,5,4.8,LCD,NVIDIA,1024 GB SSD,0,Large,Mid-end,Other,5.0,1024
Hp,615996.5,Intel,No,16,5,4.8,LED,NVIDIA,1024 GB SSD,0,Small,Mid-end,Other,5.0,1024
Msi,377965.0,Intel,No,16,5,4.8,LCD,NVIDIA,1024 GB SSD,0,Large,Mid-end,Other,5.0,1024
Hp,612496.5,Intel,No,16,5,4.8,LED,NVIDIA,1024 GB SSD,0,Small,Mid-end,Other,5.0,1024
Msi,594965.0,Intel,Yes,32,5,4.8,LCD,NVIDIA,1024 GB SSD,0,Large,Mid-end,Other,5.0,1024
Msi,279965.0,Intel,Yes,16,4,4.8,LCD,Intel,1024 GB SSD,0,Large,Low-end,Other,5.0,1024
Acer,867965.0,Intel,Yes,32,5,1.6,LCD,NVIDIA,1024 GB SSD,0,Large,Entry-level,Other,1.5,1024
Hp,334705.0,AMD,Yes,16,5,4.8,LCD,NVIDIA,1024 GB SSD,0,Large,Mid-end,High-End,5.0,1024
Msi,559965.0,Intel,Yes,32,5,4.8,LCD,NVIDIA,1024 GB SSD,0,Large,Mid-end,Other,5.0,1024
Lenovo,377965.0,Intel,No,32,5,3.4,LED,Intel,1024 GB SSD,0,Small,Low-end,Other,3.5,1024
Asus,255465.0,AMD,No,16,4,4.2,LED,NVIDIA,1024 GB SSD,0,Large,Mid-end,Mid-End,4.0,1024
Lenovo,566965.0,Intel,Yes,16,5,2.4,LCD,NVIDIA,1024 GB SSD,0,Large,High-end,Other,2.5,1024
Asus,216965.0,AMD,No,8,4,3.3,LCD,NVIDIA,512 GB SSD,0,Large,Mid-end,Mid-End,3.5,512
Dell,419615.0,Intel,No,16,5,3.4,LCD,NVIDIA,512 GB SSD,0,Large,Mid-end,Other,3.5,512
Asus,181965.0,Intel,Yes,8,4,1.3,LCD,Intel,512 GB SSD,0,Large,Low-end,Other,1.5,512
Acer,454965.0,AMD,Yes,16,5,3.5710437710437706,LCD,NVIDIA,512 GB SSD,0,Large,Mid-end,High-End,3.5,512
Asus,209965.0,AMD,No,16,4,3.3,LCD,NVIDIA,512 GB SSD,0,Large,Mid-end,Mid-End,3.5,512
Msi,874965.0,Intel,Yes,32,5,4.8,LCD,NVIDIA,1024 GB SSD,0,Large,High-end,Other,5.0,1024
Asus,210696.5,AMD,No,16,4,4.2,LCD,NVIDIA,512 GB SSD,0,Large,Mid-end,Mid-End,4.0,512
Asus,202965.0,AMD,No,16,4,3.3,LCD,NVIDIA,512 GB SSD,0,Large,Mid-end,Mid-End,3.5,512
Lenovo,160965.0,Intel,No,8,4,3.0,LCD,Intel,256 GB SSD,0,Small,Entry-level,Other,3.0,256
Asus,311500.0,Intel,Yes,16,4,2.3,LCD,NVIDIA,512 GB SSD,0,Large,Mid-end,Other,2.5,512
Asus,276465.0,Intel,No,16,4,2.3,LCD,NVIDIA,512 GB SSD,0,Large,Mid-end,Other,2.5,512
Asus,266350.0,Intel,No,16,4,2.6,LED,NVIDIA,512 GB SSD,0,Small,Mid-end,Other,2.5,512
Asus,234115.0,AMD,No,16,4,4.2,LCD,NVIDIA,1024 GB SSD,0,Large,Mid-end,Mid-End,4.0,1024
Asus,227465.0,AMD,Yes,16,4,3.1,LCD,NVIDIA,512 GB SSD,0,Large,Mid-end,High-End,3.0,512
Asus,136465.0,AMD,No,8,5,2.8,LCD,AMD,512 GB SSD,0,Small,Entry-level,Mid-End,3.0,512
Acer,367465.0,Intel,Yes,16,5,2.7385892116182573,LCD,NVIDIA,512 GB SSD,0,Large,Mid-end,Other,2.5,512
Dell,402496.5,Intel,Yes,16,4,2.8,LCD,Intel,512 GB SSD,0,Small,Entry-level,Other,3.0,512
Asus,227465.0,AMD,No,16,4,3.1,LCD,NVIDIA,1024 GB SSD,0,Large,Mid-end,High-End,3.0,1024
Asus,300965.0,Intel,Yes,8,4,2.5,LCD,NVIDIA,512 GB SSD,0,Large,Mid-end,Other,2.5,512
Dell,122465.0,AMD,No,8,5,4.0,LCD,AMD,512 GB SSD,0,Large,Entry-level,Low-End,4.0,512
Lenovo,213465.0,Intel,No,16,4,2.7385892116182573,LCD,Intel,512 GB SSD,0,Large,Low-end,Other,2.5,512
Asus,220325.0,AMD,No,16,4,2.0,LED,AMD,512 GB SSD,0,Large,Entry-level,High-End,2.0,512
Asus,377965.0,Intel,No,16,5,1.2,LED,Intel,1024 GB SSD,0,Small,Low-end,Other,1.0,1024
Other,521465.0,Intel,Yes,16,5,1.5,LCD,NVIDIA,1024 GB SSD,0,Large,Mid-end,Other,1.5,1024
Asus,206496.5,AMD,No,16,4,4.2,LCD,NVIDIA,512 GB SSD,0,Large,Mid-end,Mid-End,4.0,512
Asus,297465.0,Intel,No,16,5,2.6,LED,NVIDIA,512 GB SSD,0,Large,Mid-end,Other,2.5,512
Asus,205450.0,Intel,Yes,16,4,2.7,LCD,NVIDIA,512 GB SSD,0,Large,Mid-end,Other,2.5,512
Asus,313250.0,Intel,Yes,16,4,2.3,LCD,NVIDIA,512 GB SSD,0,Large,Mid-end,Other,2.5,512
Lenovo,167860.0,Intel,Yes,8,4,3.3,LCD,Intel,512 GB SSD,0,Small,Entry-level,Other,3.5,512
Lenovo,125265.0,AMD,No,8,4,2.1,LCD,AMD,512 GB SSD,0,Large,Entry-level,Mid-End,2.0,512
Msi,414050.0,Intel,Yes,16,5,3.4,LCD,NVIDIA,1024 GB SSD,0,Large,Mid-end,Other,3.5,1024
Lenovo,382165.0,Intel,Yes,16,5,2.4,LCD,NVIDIA,1024 GB SSD,0,Large,Mid-end,Other,2.5,1024
Acer,118965.0,Intel,No,8,5,2.7385892116182573,LCD,Intel,512 GB SSD,0,Large,Entry-level,Other,2.5,512
Hp,538965.0,Intel,No,32,4,4.8,LED,Intel,1024 GB SSD,0,Small,Low-end,Other,5.0,1024
Lenovo,202996.5,Intel,No,8,4,1.3,LCD,Intel,512 GB SSD,0,Small,Entry-level,Other,1.5,512
Lenovo,431165.0,Intel,Yes,16,5,2.2,LCD,Intel,1024 GB SSD,0,Small,Low-end,Other,2.0,1024
Hp,199465.0,AMD,No,8,5,3.3,LCD,NVIDIA,512 GB SSD,0,Large,Mid-end,Mid-End,3.5,512
Hp,191096.5,Intel,No,8,4,4.2,LCD,Intel,512 GB SSD,0,Small,Low-end,Other,4.0,512
Hp,195965.0,AMD,Yes,8,4,3.3,LCD,NVIDIA,512 GB SSD,0,Large,Mid-end,Mid-End,3.5,512
Dell,341215.0,Intel,No,16,5,3.4,LCD,Intel,512 GB SSD,0,Small,Low-end,Other,3.5,512
Lenovo,125615.0,Intel,No,8,4,3.0,LCD,Intel,512 GB SSD,0,Large,Entry-level,Other,3.0,512
Hp,184796.5,Intel,No,8,4,4.2,LCD,Intel,512 GB SSD,0,Small,Low-end,Other,4.0,512
Asus,209965.0,AMD,No,16,4,3.1,LCD,NVIDIA,512 GB SSD,0,Large,Mid-end,High-End,3.0,512
Lenovo,223996.5,Intel,No,8,4,2.7385892116182573,LCD,Intel,512 GB SSD,0,Small,Low-end,Other,2.5,512
Asus,276465.0,Intel,No,16,4,2.3,LCD,NVIDIA,512 GB SSD,0,Large,Mid-end,Other,2.5,512
Lenovo,241465.0,Intel,No,16,5,3.4,LCD,Intel,512 GB SSD,0,Large,Low-end,Other,3.5,512
Dell,166950.0,Intel,No,8,4,3.3,LCD,Intel,512 GB SSD,0,Large,Entry-level,Other,3.5,512
Hp,516215.0,Intel,No,16,5,4.8,LCD,NVIDIA,512 GB SSD,0,Large,Mid-end,Other,5.0,512
Hp,447965.0,Intel,No,16,5,4.7,LCD,NVIDIA,512 GB SSD,0,Large,Mid-end,Other,4.5,512
Asus,136465.0,Intel,No,8,4,1.2,LCD,Intel,512 GB SSD,0,Large,Entry-level,Other,1.0,512
Hp,232715.0,Intel,Yes,16,4,2.0,LCD,NVIDIA,512 GB SSD,0,Small,Mid-end,Other,2.0,512
Hp,531965.0,Intel,No,16,5,4.8,LCD,NVIDIA,512 GB SSD,0,Large,Mid-end,Other,5.0,512
Dell,185496.5,Intel,No,8,4,3.3,LCD,Intel,512 GB SSD,0,Small,Entry-level,Other,3.5,512
Hp,531965.0,Intel,No,16,5,4.8,LCD,NVIDIA,512 GB SSD,0,Large,Mid-end,Other,5.0,512
Hp,146996.5,Intel,Yes,8,4,4.2,LCD,Intel,512 GB SSD,0,Small,Entry-level,Other,4.0,512
Lenovo,788165.0,Intel,No,16,5,4.8,LED,Intel,1024 GB SSD,0,Small,Low-end,Other,5.0,1024
Asus,150465.0,AMD,No,16,4,2.8,LCD,AMD,512 GB SSD,0,Small,Entry-level,Mid-End,3.0,512
Hp,209996.5,AMD,No,16,4,4.2,LCD,NVIDIA,512 GB SSD,0,Large,Mid-end,Mid-End,4.0,512
Asus,262496.5,AMD,Yes,16,4,4.2,LED,NVIDIA,512 GB SSD,0,Large,Mid-end,Mid-End,4.0,512
Hp,950250.0,Intel,No,32,5,4.8,LCD,NVIDIA,1024 GB SSD,0,Large,High-end,Other,5.0,1024
Other,274046.5,AMD,No,16,4,3.4,LCD,AMD,512 GB SSD,0,Large,Entry-level,Mid-End,3.5,512
Other,314296.5,AMD,No,16,4,3.4,LCD,AMD,512 GB SSD,0,Large,Entry-level,Mid-End,3.5,512
Hp,220080.0,Intel,No,8,4,4.2,LCD,NVIDIA,512 GB SSD,0,Large,Mid-end,Other,4.0,512
Asus,265650.0,AMD,Yes,16,4,4.2,LED,NVIDIA,512 GB SSD,0,Large,Mid-end,Mid-End,4.0,512
Lenovo,181965.0,Intel,No,16,4,3.3,LCD,Intel,512 GB SSD,0,Large,Low-end,Other,3.5,512
Asus,223965.0,Intel,Yes,16,4,1.3,LCD,Intel,512 GB SSD,0,Large,Low-end,Other,1.5,512
Lenovo,279930.0,Intel,No,16,5,4.0,LCD,Intel,512 GB SSD,0,Large,Low-end,Other,4.0,512
Hp,304465.0,AMD,No,16,4,2.0,LCD,AMD,512 GB SSD,0,Large,Entry-level,High-End,2.0,512
Hp,417830.0,Intel,No,16,5,4.7,LCD,NVIDIA,512 GB SSD,0,Large,Mid-end,Other,4.5,512
Lenovo,320250.0,Intel,Yes,16,4,1.7,LCD,Intel,512 GB SSD,0,Small,Low-end,Other,1.5,512
Hp,272965.0,Intel,No,8,4,4.2,LCD,Intel,512 GB SSD,0,Small,Low-end,Other,4.0,512
Lenovo,629965.0,Intel,No,16,5,3.4,LED,Intel,1024 GB SSD,0,Small,Low-end,Other,3.5,1024
Other,902125.0,Intel,Yes,32,5,2.5,LED,NVIDIA,1024 GB SSD,0,Large,High-end,Other,2.5,1024
Hp,374605.0,Intel,No,16,4,4.7,LED,Intel,512 GB SSD,0,Small,Low-end,Other,4.5,512
Lenovo,204050.0,Intel,No,8,4,3.3,LCD,Intel,512 GB SSD,0,Small,Entry-level,Other,3.5,512
Hp,349860.0,Intel,No,16,4,4.7,LCD,NVIDIA,512 GB SSD,0,Large,Mid-end,Other,4.5,512
Hp,407715.0,Intel,No,16,4,4.8,LCD,NVIDIA,512 GB SSD,0,Large,Mid-end,Other,5.0,512
Asus,220465.0,Intel,No,16,4,1.3,LED,Intel,512 GB SSD,0,Large,Low-end,Other,1.5,512
Other,664996.5,Intel,Yes,16,5,2.3,LED,NVIDIA,1024 GB SSD,0,Large,High-end,Other,2.5,1024
Hp,381465.0,Intel,Yes,16,5,4.8,LED,Intel,512 GB SSD,0,Large,Low-end,Other,5.0,512
Other,412646.5,Intel,Yes,16,5,3.4,LCD,Intel,512 GB SSD,0,Small,Low-end,Other,3.5,512
Asus,290150.0,AMD,Yes,16,4,4.2,LED,NVIDIA,512 GB SSD,0,Large,Mid-end,High-End,4.0,512
Lenovo,369600.0,Intel,No,16,4,2.8,LCD,Intel,512 GB SSD,0,Small,Low-end,Other,3.0,512
Lenovo,500496.5,AMD,Yes,8,4,2.9,LCD,NVIDIA,256 GB SSD,1024,Large,Mid-end,High-End,3.0,256
Dell,234115.0,Intel,Yes,8,4,2.4,LCD,NVIDIA,512 GB SSD,0,Large,Low-end,Other,2.5,512
Dell,215162.5,AMD,No,16,4,2.3,LCD,AMD,512 GB SSD,0,Small,Entry-level,Mid-End,2.5,512
Lenovo,318465.0,Intel,No,16,4,1.7,LCD,Intel,1024 GB SSD,0,Large,Low-end,Other,1.5,1024
Dell,231000.0,Intel,No,8,4,3.3,LCD,NVIDIA,512 GB SSD,0,Large,Low-end,Other,3.5,512
Lenovo,629965.0,Intel,No,16,4,2.5,LCD,NVIDIA,512 GB SSD,0,Large,High-end,Other,2.5,512
Lenovo,279646.5,Intel,No,16,4,2.4,LCD,Intel,512 GB SSD,0,Small,Low-end,Other,2.5,512
Lenovo,279965.0,Intel,No,16,4,2.7385892116182573,LCD,Intel,512 GB SSD,0,Small,Entry-level,Other,2.5,512
Msi,664965.0,Intel,Yes,32,4,4.7,LCD,NVIDIA,1024 GB SSD,0,Large,High-end,Other,4.5,1024
Lenovo,150500.0,Intel,No,8,4,3.0,LCD,Intel,No SSD,1024,Small,Entry-level,Other,3.0,0
Lenovo,193515.0,Intel,Yes,8,4,4.2,LCD,Intel,512 GB SSD,0,Large,Low-end,Other,4.0,512
Lenovo,588000.0,Intel,No,16,4,2.8,LCD,NVIDIA,512 GB SSD,0,Small,Low-end,Other,3.0,512
Lenovo,227815.0,Intel,No,8,4,2.4,LCD,Intel,512 GB SSD,0,Small,Low-end,Other,2.5,512
Hp,199496.5,Intel,No,8,4,4.7,LCD,NVIDIA,512 GB SSD,0,Large,Mid-end,Other,4.5,512
Dell,328965.0,Intel,No,16,5,3.4,LCD,Intel,512 GB SSD,0,Small,Entry-level,Other,3.5,512
Lenovo,453250.0,Intel,No,16,4,2.8,LCD,Intel,1024 GB SSD,0,Small,Entry-level,Other,3.0,1024
Hp,372239.0,Intel,Yes,16,4,2.4,LCD,Intel,512 GB SSD,0,Large,Low-end,Other,2.5,512
Lenovo,169746.5,Intel,Yes,4,4,3.4,LCD,Intel,256 GB SSD,0,Small,Entry-level,Other,3.5,256
Dell,747446.0,Intel,Yes,16,4,2.9,LED,Intel,1024 GB SSD,0,Small,Entry-level,Other,3.0,1024
Lenovo,173250.0,AMD,Yes,8,4,2.9869688385269124,LCD,AMD,512 GB SSD,0,Large,Entry-level,Mid-End,3.0,512
Lenovo,171496.5,Intel,Yes,4,4,2.1,LCD,Intel,256 GB SSD,0,Small,Entry-level,Other,2.0,256
Lenovo,766500.0,Intel,Yes,16,4,1.8,LCD,NVIDIA,512 GB SSD,0,Large,Mid-end,Other,2.0,512
Lenovo,243075.0,Intel,Yes,8,4,2.4,LCD,Intel,No SSD,1024,Large,Entry-level,Other,2.5,0
Lenovo,335965.0,Intel,No,16,4,4.7,LCD,Intel,512 GB SSD,0,Small,Low-end,Other,4.5,512
Msi,338800.0,AMD,Yes,16,4,2.1,LCD,AMD,512 GB SSD,0,Large,Mid-end,Mid-End,2.0,512
Msi,717465.0,Intel,Yes,16,5,3.4,LCD,NVIDIA,1024 GB SSD,0,Large,High-end,Other,3.5,1024
Lenovo,339496.5,Intel,No,16,4,4.2,LCD,Intel,512 GB SSD,0,Small,Low-end,Other,4.0,512
Lenovo,307996.5,Intel,No,16,4,2.8,LCD,Intel,512 GB SSD,0,Small,Low-end,Other,3.0,512
Lenovo,304496.5,Intel,No,16,4,4.2,LCD,Intel,512 GB SSD,0,Small,Entry-level,Other,4.0,512
Dell,232746.5,Intel,Yes,16,4,3.3,LCD,Intel,512 GB SSD,0,Large,Low-end,Other,3.5,512
Msi,454965.0,Intel,Yes,16,4,4.7,LCD,NVIDIA,1024 GB SSD,0,Large,Mid-end,Other,4.5,1024
Asus,196525.0,Intel,No,8,4,2.4,LCD,NVIDIA,512 GB SSD,0,Small,Low-end,Other,2.5,512
Acer,216720.0,Intel,Yes,16,4,4.2,LCD,Intel,512 GB SSD,0,Large,Low-end,Other,4.0,512
Lenovo,300996.5,AMD,Yes,8,4,2.3,LCD,AMD,512 GB SSD,0,Small,Entry-level,Mid-End,2.5,512
Other,226667.0,Intel,No,8,5,3.3,LCD,Intel,512 GB SSD,0,Small,Low-end,Other,3.5,512
Asus,318321.5,Intel,No,16,5,2.7385892116182573,LCD,NVIDIA,512 GB SSD,0,Large,Mid-end,Other,2.5,512
Asus,111965.0,Intel,No,8,4,2.1,LCD,Intel,256 GB SSD,0,Small,Entry-level,Other,2.0,256
Dell,631410.5,Intel,No,16,5,4.7,LCD,Intel,1024 GB SSD,0,Small,Low-end,Other,4.5,1024
Asus,164482.5,Intel,No,8,4,2.7385892116182573,LCD,NVIDIA,1024 GB SSD,0,Large,Mid-end,Other,2.5,1024
Asus,369561.5,Intel,No,16,4,2.8,LCD,NVIDIA,1024 GB SSD,0,Small,Low-end,Other,3.0,1024
Lenovo,277371.5,Intel,No,8,4,2.4,LCD,Intel,512 GB SSD,0,Small,Low-end,Other,2.5,512
Lenovo,387765.0,Intel,No,16,4,1.8,LED,NVIDIA,512 GB SSD,0,Small,Low-end,Other,2.0,512
Hp,661465.0,Intel,No,16,3,1.2,LED,Intel,512 GB SSD,0,Small,Entry-level,Other,1.0,512
Acer,183715.0,Intel,No,4,4,4.0,LED,NVIDIA,512 GB SSD,0,Large,Low-end,Other,4.0,512
Asus,156782.5,Intel,No,8,4,1.6,LED,Intel,No SSD,1024,Small,Entry-level,Other,1.5,0
Asus,171496.5,Intel,Yes,8,4,1.0,LED,Intel,512 GB SSD,0,Small,Entry-level,Other,1.0,512
Hp,458465.0,Intel,No,16,4,1.8,LED,NVIDIA,1024 GB SSD,0,Large,Low-end,Other,2.0,1024
Other,171332.0,Intel,No,8,4,1.8,LED,Intel,256 GB SSD,0,Small,Entry-level,Other,2.0,256
Hp,316624.0,Intel,No,8,4,1.6,LED,Intel,512 GB SSD,0,Small,Entry-level,Other,1.5,512
Hp,349965.0,Intel,No,16,4,1.8,LED,NVIDIA,512 GB SSD,0,Small,Low-end,Other,2.0,512
Hp,297500.0,Intel,No,8,4,1.6,LED,Intel,No SSD,1024,Small,Entry-level,Other,1.5,0
Hp,164496.5,Intel,No,8,4,1.6,LED,NVIDIA,No SSD,1024,Large,Low-end,Other,1.5,0
Hp,148750.0,Intel,No,4,4,1.2,LED,Intel,No SSD,1024,Small,Entry-level,Other,1.0,0
Asus,172882.5,Intel,No,8,4,1.6,LED,NVIDIA,No SSD,1024,Small,Low-end,Other,1.5,0
Asus,220465.0,AMD,Yes,16,5,3.1,LCD,NVIDIA,512 GB SSD,0,Large,Mid-end,High-End,3.0,512
Asus,439820.5,Intel,No,16,4,2.9,LED,NVIDIA,1024 GB SSD,0,Large,Mid-end,Other,3.0,1024
Msi,262465.0,Intel,Yes,16,4,3.1,LCD,NVIDIA,512 GB SSD,0,Large,Mid-end,Other,3.0,512
Dell,160965.0,Intel,No,8,4,3.3,LCD,Intel,512 GB SSD,0,Small,Entry-level,Other,3.5,512
Samsung,573965.0,Intel,No,16,5,1.4,LED,Intel,512 GB SSD,0,Large,Low-end,Other,1.5,512
Acer,115465.0,Intel,No,8,4,1.2,LCD,Intel,512 GB SSD,0,Large,Entry-level,Other,1.0,512
Hp,279965.0,Intel,Yes,16,4,4.7,LCD,NVIDIA,512 GB SSD,0,Large,Mid-end,Other,4.5,512
Asus,251965.0,AMD,Yes,16,5,3.1,LCD,NVIDIA,512 GB SSD,0,Large,Mid-end,High-End,3.0,512
Hp,293965.0,Intel,Yes,16,4,4.7,LCD,NVIDIA,1024 GB SSD,0,Large,Mid-end,Other,4.5,1024
Msi,209965.0,Intel,Yes,16,5,4.7,LCD,Intel,512 GB SSD,0,Small,Low-end,Other,4.5,512
Lenovo,385000.0,AMD,Yes,32,5,3.1,LCD,NVIDIA,1024 GB SSD,0,Large,Entry-level,High-End,3.0,1024
Dell,593075.0,Intel,No,16,5,4.8,LCD,Intel,512 GB SSD,0,Small,Low-end,Other,5.0,512
Lenovo,90965.0,Intel,Yes,8,4,1.1,LCD,Intel,512 GB SSD,0,Small,Entry-level,Low-End,1.0,512
Lenovo,626465.0,Intel,Yes,32,5,4.8,LCD,NVIDIA,1024 GB SSD,0,Large,Mid-end,Other,5.0,1024
Asus,304465.0,Intel,Yes,16,4,2.3,LCD,NVIDIA,512 GB SSD,0,Large,Mid-end,Other,2.5,512
Lenovo,567000.0,Intel,Yes,16,5,3.4,LED,NVIDIA,1024 GB SSD,0,Small,Mid-end,Other,3.5,1024
Asus,255465.0,AMD,Yes,16,5,3.1,LCD,NVIDIA,512 GB SSD,0,Large,Mid-end,High-End,3.0,512
Asus,184765.0,Intel,Yes,16,4,1.3,LCD,Intel,512 GB SSD,0,Large,Low-end,Other,1.5,512
Hp,129465.0,Intel,Yes,8,4,4.2,LCD,Intel,512 GB SSD,0,Large,Entry-level,Other,4.0,512
Lenovo,269465.0,AMD,No,16,5,4.0,LCD,AMD,512 GB SSD,0,Small,Low-end,High-End,4.0,512
Other,318678.5,Intel,Yes,16,5,4.7,LCD,NVIDIA,512 GB SSD,0,Large,Mid-end,Other,4.5,512
Msi,255465.0,Intel,Yes,16,5,4.8,LCD,Intel,1024 GB SSD,0,Large,Low-end,Other,5.0,1024
Lenovo,626465.0,Intel,Yes,32,5,3.4,LED,Intel,1024 GB SSD,0,Small,Low-end,Other,3.5,1024
Lenovo,836465.0,Intel,No,32,5,4.0,LED,Intel,1024 GB SSD,0,Small,Entry-level,Other,4.0,1024
Hp,293965.0,AMD,Yes,16,5,4.8,LCD,AMD,512 GB SSD,0,Small,Entry-level,High-End,5.0,512
Lenovo,244996.5,Intel,No,16,4,2.4,LCD,Intel,512 GB SSD,0,Small,Low-end,Other,2.5,512
Dell,204396.5,Intel,Yes,4,4,1.6,LED,Intel,No SSD,1024,Small,Entry-level,Other,1.5,0
Acer,146965.0,Intel,No,8,5,4.0,LCD,Intel,512 GB SSD,0,Small,Entry-level,Other,4.0,512
Acer,244965.0,AMD,No,8,4,3.0,LED,NVIDIA,512 GB SSD,0,Large,Mid-end,Mid-End,3.0,512
Hp,195965.0,Intel,Yes,8,4,4.2,LCD,NVIDIA,512 GB SSD,0,Large,Mid-end,Other,4.0,512
Lenovo,178465.0,Intel,Yes,8,4,2.4,LED,Intel,512 GB SSD,0,Large,Low-end,Other,2.5,512
Acer,81970.0,AMD,No,4,4,1.2,LCD,AMD,No SSD,1024,Small,Entry-level,Other,1.0,0
Other,150465.0,AMD,No,8,4,2.1,LED,AMD,256 GB SSD,0,Large,Low-end,Mid-End,2.0,256
Hp,281715.0,AMD,No,16,5,4.7,LCD,AMD,1024 GB SSD,0,Small,Entry-level,High-End,4.5,1024
Hp,204746.5,Intel,No,8,4,3.4,LCD,Intel,512 GB SSD,0,Small,Entry-level,Other,3.5,512
Acer,489996.5,Intel,Yes,16,5,4.0,LCD,NVIDIA,1024 GB SSD,0,Large,Mid-end,Other,4.0,1024
Lenovo,237965.0,AMD,No,16,4,2.1,LCD,AMD,512 GB SSD,0,Small,Entry-level,Mid-End,2.0,512
Acer,151168.5,Intel,Yes,8,4,2.4,LCD,Intel,512 GB SSD,0,Large,Low-end,Other,2.5,512
Dell,258968.5,Intel,Yes,8,4,2.6,LCD,NVIDIA,512 GB SSD,0,Large,Mid-end,Other,2.5,512
Hp,402150.0,Intel,No,16,4,3.4,LED,Intel,1024 GB SSD,0,Large,Low-end,Other,3.5,1024
Lenovo,224000.0,AMD,No,8,4,3.3,LCD,NVIDIA,512 GB SSD,0,Large,Mid-end,Mid-End,3.5,512
Dell,258965.0,Intel,Yes,16,4,2.6,LCD,NVIDIA,512 GB SSD,0,Large,Mid-end,Other,2.5,512
Asus,160965.0,Intel,No,8,4,2.4,LED,Intel,256 GB SSD,1024,Small,Low-end,Other,2.5,256
Lenovo,93065.0,Intel,Yes,4,4,1.6226993865030674,LCD,Intel,256 GB SSD,0,Large,Entry-level,Low-End,1.5,256
Lenovo,234465.0,Intel,Yes,16,4,2.0,LCD,NVIDIA,512 GB SSD,0,Large,Mid-end,Other,2.0,512
Lenovo,90650.0,Intel,No,4,4,1.6226993865030674,LCD,Intel,256 GB SSD,0,Large,Entry-level,Low-End,1.5,256
Asus,209965.0,Intel,No,8,4,2.7385892116182573,LED,Intel,512 GB SSD,0,Small,Low-end,Other,2.5,512
Dell,237482.0,Intel,Yes,16,4,4.2,LCD,NVIDIA,512 GB SSD,0,Large,Low-end,Other,4.0,512
Hp,205765.0,AMD,No,16,4,4.2,LCD,AMD,512 GB SSD,0,Large,Entry-level,Mid-End,4.0,512
Lenovo,396515.0,Intel,No,16,4,3.3,LCD,NVIDIA,512 GB SSD,0,Large,Mid-end,Other,3.5,512
Lenovo,216965.0,Intel,Yes,8,4,3.3,LCD,Intel,512 GB SSD,0,Small,Low-end,Other,3.5,512
Hp,136465.0,Intel,Yes,8,4,4.2,LCD,Intel,512 GB SSD,0,Large,Entry-level,Other,4.0,512
Other,96215.0,Intel,No,8,4,1.2,LCD,Intel,256 GB SSD,0,Small,Entry-level,Other,1.0,256
Asus,227465.0,Intel,No,16,4,2.3,LCD,Intel,512 GB SSD,0,Large,Entry-level,Other,2.5,512
Asus,709236.5,AMD,Yes,16,4,3.5710437710437706,LCD,NVIDIA,1024 GB SSD,0,Large,Mid-end,High-End,3.5,1024
Asus,145215.0,Intel,Yes,8,4,1.1,LCD,Intel,512 GB SSD,0,Large,Entry-level,Other,1.0,512
Hp,274050.0,Intel,No,16,4,4.2,LCD,Intel,512 GB SSD,0,Small,Low-end,Other,4.0,512
Hp,147294.0,AMD,No,16,4,4.0,LCD,AMD,512 GB SSD,0,Large,Entry-level,Mid-End,4.0,512
Hp,185465.0,Intel,Yes,16,4,4.2,LCD,Intel,512 GB SSD,0,Large,Low-end,Other,4.0,512
Dell,125965.0,Intel,Yes,8,4,0.8,LCD,Intel,512 GB SSD,0,Small,Entry-level,Other,1.0,512
Asus,125965.0,AMD,Yes,4,4,2.1,LED,AMD,No SSD,1024,Large,Low-end,Mid-End,2.0,0
Lenovo,62965.0,AMD,No,4,4,2.6,LED,AMD,No SSD,1024,Large,Entry-level,Other,2.5,0
Hp,493500.0,Intel,No,16,4,2.6,LED,Intel,1024 GB SSD,0,Large,Entry-level,Other,2.5,1024
Lenovo,118650.0,Intel,Yes,8,4,4.0,LCD,Intel,512 GB SSD,0,Large,Entry-level,Other,4.0,512
Other,109749.5,Intel,Yes,8,4,3.0,LED,Intel,512 GB SSD,0,Large,Entry-level,Other,3.0,512
Hp,86870.0,Intel,Yes,4,3,1.6,LED,Intel,No SSD,1024,Large,Entry-level,Low-End,1.5,0
Asus,112024.5,Intel,No,8,4,1.0,LED,NVIDIA,512 GB SSD,0,Large,Low-end,Other,1.0,512
Asus,160965.0,Intel,No,8,4,1.6,LED,Intel,256 GB SSD,0,Small,Entry-level,Other,1.5,256
Hp,139485.5,Intel,No,4,4,2.3,LED,Intel,256 GB SSD,1024,Large,Entry-level,Other,2.5,256
Acer,171465.0,Intel,No,16,4,3.3,LCD,NVIDIA,512 GB SSD,0,Large,Mid-end,Other,3.5,512
Lenovo,90965.0,AMD,No,4,4,3.1,LED,AMD,No SSD,1024,Large,Entry-level,Other,3.0,0
Asus,403868.5,Intel,Yes,16,4,2.6,LED,NVIDIA,1024 GB SSD,0,Large,Mid-end,Other,2.5,1024
Other,279965.0,Intel,No,4,3,2.4,LCD,Intel,128 GB SSD,0,Small,Entry-level,Other,2.5,128
Lenovo,89211.5,Intel,No,4,4,1.8,LED,Intel,128 GB SSD,0,Small,Entry-level,Low-End,2.0,128
Hp,236250.0,Intel,No,8,4,2.7385892116182573,LED,Intel,512 GB SSD,0,Small,Entry-level,Other,2.5,512
Asus,178465.0,Intel,Yes,8,4,1.8,LED,NVIDIA,512 GB SSD,0,Large,Low-end,Other,2.0,512
Asus,164465.0,AMD,No,8,4,4.0,LCD,AMD,256 GB SSD,1024,Large,Entry-level,Mid-End,4.0,256
Hp,223965.0,Intel,No,8,4,1.0,LED,NVIDIA,256 GB SSD,1024,Large,Low-end,Other,1.0,256
Hp,262465.0,Intel,No,8,4,1.6,LED,NVIDIA,256 GB SSD,1024,Small,Low-end,Other,1.5,256
Asus,314965.0,Intel,No,8,3,1.8,LED,NVIDIA,512 GB SSD,0,Small,Low-end,Other,2.0,512
Other,93975.0,AMD,No,8,3,2.6,LED,AMD,256 GB SSD,0,Small,Low-end,Low-End,2.5,256
Acer,69265.0,AMD,No,4,4,2.3,LED,AMD,No SSD,1024,Large,Entry-level,Other,2.5,0
Asus,230965.0,AMD,Yes,8,4,2.9,LCD,NVIDIA,512 GB SSD,0,Large,Mid-end,High-End,3.0,512
Lenovo,134225.0,Intel,Yes,8,4,2.1,LED,Intel,256 GB SSD,0,Small,Entry-level,Other,2.0,256
Asus,136465.0,Intel,No,8,4,1.6,LED,Intel,No SSD,1024,Large,Entry-level,Other,1.5,0
Hp,244996.5,AMD,No,8,4,2.3,LED,AMD,512 GB SSD,0,Small,Entry-level,Mid-End,2.5,512
Asus,209965.0,Intel,Yes,8,4,1.6,LED,Intel,256 GB SSD,0,Small,Entry-level,Other,1.5,256
Asus,174706.0,Intel,Yes,8,4,1.6,LED,NVIDIA,No SSD,1024,Large,Low-end,Other,1.5,0
Dell,173250.0,Intel,Yes,4,4,1.6,LED,Intel,No SSD,1024,Large,Entry-level,Other,1.5,0
Asus,118965.0,AMD,No,8,5,4.0,LCD,AMD,512 GB SSD,0,Small,Entry-level,Low-End,4.0,512
Acer,279996.5,Intel,Yes,8,4,2.5,LED,NVIDIA,128 GB SSD,1024,Large,Mid-end,Other,2.5,128
Dell,199367.0,Intel,Yes,8,4,1.0,LED,Intel,512 GB SSD,0,Large,Entry-level,Other,1.0,512
Dell,247506.0,Intel,No,8,4,2.5,LED,NVIDIA,No SSD,1024,Large,Low-end,Other,2.5,0
Asus,104965.0,AMD,No,8,4,2.7,LED,AMD,512 GB SSD,0,Small,Entry-level,Other,2.5,512
Asus,108465.0,Intel,Yes,8,4,1.2,LED,Intel,512 GB SSD,0,Small,Entry-level,Other,1.0,512
Other,244965.0,Intel,Yes,8,4,1.6,LED,Intel,256 GB SSD,0,Large,Entry-level,Other,1.5,256
Hp,293996.5,AMD,Yes,16,4,4.2,LCD,NVIDIA,512 GB SSD,0,Large,Mid-end,High-End,4.0,512
Asus,72380.0,Intel,No,4,3,1.1,LED,Intel,No SSD,500,Large,Entry-level,Low-End,1.0,0
Msi,188965.0,Intel,No,16,4,2.7,LCD,NVIDIA,512 GB SSD,0,Large,Mid-end,Other,2.5,512
Hp,122465.0,AMD,No,8,4,2.6,LED,AMD,No SSD,1024,Large,Low-end,Low-End,2.5,0
Asus,139965.0,AMD,Yes,8,4,2.1,LED,NVIDIA,No SSD,1024,Large,Mid-end,Mid-End,2.0,0
Dell,157465.0,Intel,Yes,8,4,1.6,LED,Intel,No SSD,1024,Large,Entry-level,Other,1.5,0
Hp,192461.5,Intel,Yes,8,4,2.5,LED,AMD,No SSD,1024,Large,Low-end,Other,2.5,0
Lenovo,192465.0,AMD,No,8,4,3.3,LCD,NVIDIA,512 GB SSD,0,Large,Mid-end,Mid-End,3.5,512
Lenovo,168140.0,Intel,No,8,4,1.6,LED,Intel,512 GB SSD,0,Large,Entry-level,Other,1.5,512
Hp,227465.0,Intel,Yes,8,4,4.2,LED,Intel,1024 GB SSD,0,Large,Low-end,Other,4.0,1024
Asus,177068.5,Intel,No,8,4,1.6,LED,Intel,256 GB SSD,0,Small,Entry-level,Other,1.5,256
Asus,185465.0,Intel,Yes,8,4,1.6,LED,NVIDIA,No SSD,1024,Large,Low-end,Other,1.5,0
Asus,402465.0,Intel,Yes,16,5,4.7,LCD,NVIDIA,1024 GB SSD,0,Large,Mid-end,Other,4.5,1024
Hp,160646.5,Intel,Yes,8,4,4.0,LCD,Intel,256 GB SSD,0,Small,Low-end,Other,4.0,256
Hp,115804.5,Intel,Yes,4,3,2.1,LED,Intel,No SSD,500,Large,Entry-level,Other,2.0,0
Acer,112637.0,AMD,No,8,5,2.613076923076923,LCD,AMD,256 GB SSD,0,Large,Entry-level,Low-End,2.5,256
Other,269465.0,Intel,No,8,4,1.3,LED,Intel,512 GB SSD,0,Large,Low-end,Other,1.5,512
Lenovo,76370.0,AMD,No,4,4,1.8,LED,AMD,No SSD,500,Large,Entry-level,Low-End,2.0,0
Lenovo,367500.0,Intel,No,8,4,2.3,LED,Intel,512 GB SSD,0,Small,Entry-level,Other,2.5,512
Hp,276465.0,Intel,No,8,4,2.5,LED,NVIDIA,256 GB SSD,1024,Large,Mid-end,Other,2.5,256
Hp,92669.5,AMD,No,4,4,2.5,LED,AMD,No SSD,500,Large,Entry-level,Other,2.5,0
Asus,454268.5,Intel,No,16,4,2.2,LED,NVIDIA,256 GB SSD,1024,Large,Mid-end,Other,2.0,256
Lenovo,83965.0,AMD,No,4,4,3.1,LED,AMD,No SSD,1024,Large,Entry-level,Other,3.0,0
Asus,391965.0,Intel,Yes,8,4,2.2,LED,NVIDIA,128 GB SSD,1024,Large,Mid-end,Other,2.0,128
Lenovo,203854.0,Intel,No,8,4,2.3,LED,NVIDIA,No SSD,1024,Large,Mid-end,Other,2.5,0
Hp,226415.0,AMD,No,8,4,2.1,LED,NVIDIA,256 GB SSD,1024,Large,Mid-end,Mid-End,2.0,256
Hp,79765.0,AMD,Yes,4,4,3.0,LED,AMD,No SSD,500,Large,Entry-level,Other,3.0,0
Lenovo,226502.5,Intel,No,8,4,2.5,LED,NVIDIA,No SSD,1024,Large,Low-end,Other,2.5,0
Msi,332465.0,Intel,No,16,4,1.8,LED,NVIDIA,512 GB SSD,0,Small,Low-end,Other,2.0,512
Asus,176099.0,Intel,No,8,4,1.6,LED,Intel,256 GB SSD,0,Large,Entry-level,Other,1.5,256
Hp,244965.0,Intel,Yes,8,4,1.6,LED,NVIDIA,No SSD,1024,Small,Low-end,Other,1.5,0
Lenovo,257890.5,Intel,Yes,8,4,2.5,LED,Intel,256 GB SSD,0,Small,Entry-level,Other,2.5,256
Lenovo,206465.0,Intel,No,4,4,2.5,LED,Intel,No SSD,1024,Small,Entry-level,Other,2.5,0
Asus,271232.5,Intel,Yes,8,4,1.8,LED,NVIDIA,256 GB SSD,1024,Large,Low-end,Other,2.0,256
Acer,300300.0,Intel,Yes,8,4,2.3,LED,NVIDIA,128 GB SSD,1024,Large,Mid-end,Other,2.5,128
Asus,101412.5,AMD,Yes,4,4,2.5,LED,AMD,No SSD,1024,Large,Low-end,Low-End,2.5,0
Hp,108643.5,Intel,Yes,4,3,2.0,LED,Intel,No SSD,1024,Large,Entry-level,Other,2.0,0
Asus,134242.5,Intel,Yes,8,4,1.6,LED,Intel,256 GB SSD,1024,Small,Entry-level,Other,1.5,256
Dell,186987.5,Intel,No,8,4,2.7385892116182573,LED,Intel,512 GB SSD,0,Large,Low-end,Other,2.5,512
Hp,143465.0,AMD,No,8,4,2.1,LED,NVIDIA,No SSD,1024,Large,Mid-end,Mid-End,2.0,0
Hp,108465.0,Intel,No,4,3,2.0,LED,Intel,No SSD,1024,Large,Entry-level,Other,2.0,0
Lenovo,115244.5,Intel,No,8,4,2.5,LED,NVIDIA,No SSD,1024,Large,Low-end,Other,2.5,0
Hp,101465.0,Intel,No,4,4,2.3,LED,Intel,No SSD,1024,Small,Entry-level,Other,2.5,0
Asus,119787.5,Intel,Yes,8,4,1.2,LED,Intel,512 GB SSD,0,Large,Entry-level,Other,1.0,512
Dell,94465.0,Intel,Yes,4,4,2.0,LED,Intel,No SSD,1024,Large,Entry-level,Other,2.0,0
Lenovo,160965.0,Intel,Yes,8,4,2.5,LED,Intel,No SSD,1024,Large,Entry-level,Other,2.5,0
Asus,64746.5,Intel,Yes,4,4,1.1,LED,Intel,No SSD,1024,Large,Entry-level,Low-End,1.0,0
Hp,84353.5,AMD,No,4,4,3.1,LED,AMD,256 GB SSD,0,Small,Entry-level,Other,3.0,256
Hp,72096.5,Intel,No,4,4,2.3,LED,Intel,No SSD,1024,Small,Entry-level,Other,2.5,0
Other,153965.0,Intel,No,8,4,2.4,LCD,Intel,512 GB SSD,0,Small,Low-end,Other,2.5,512
Acer,87496.5,Intel,Yes,4,4,2.3,LED,Intel,No SSD,1024,Small,Entry-level,Low-End,2.5,0
Hp,105000.0,Intel,Yes,4,4,2.0,LED,Intel,No SSD,1024,Large,Entry-level,Other,2.0,0
Asus,97965.0,AMD,No,8,4,2.1,LED,AMD,512 GB SSD,0,Small,Low-end,Mid-End,2.0,512
Hp,118986.0,Intel,No,8,4,2.0,LED,Intel,No SSD,1024,Large,Entry-level,Other,2.0,0
Asus,106550.5,AMD,Yes,8,4,2.1,LED,AMD,512 GB SSD,0,Small,Low-end,Mid-End,2.0,512
Hp,89596.5,AMD,Yes,4,3,2.2,LED,AMD,No SSD,1024,Large,Entry-level,Other,2.0,0
Asus,115888.5,Intel,No,4,4,2.1,LED,Intel,256 GB SSD,0,Small,Entry-level,Other,2.0,256
Acer,255465.0,AMD,Yes,8,4,2.1,LED,NVIDIA,512 GB SSD,0,Large,Mid-end,Mid-End,2.0,512
Hp,95287.5,AMD,Yes,4,3,2.2,LED,AMD,No SSD,1024,Large,Entry-level,Other,2.0,0
Hp,88518.5,Intel,No,8,4,1.2,LED,Intel,256 GB SSD,0,Small,Entry-level,Other,1.0,256
Asus,62758.5,Intel,No,4,4,2.1,LED,Intel,256 GB SSD,0,Small,Entry-level,Other,2.0,256
Asus,108160.5,Intel,Yes,8,4,1.0,LED,Intel,512 GB SSD,0,Large,Entry-level,Other,1.0,512
Other,122465.0,Intel,No,8,4,1.2,LCD,Intel,256 GB SSD,0,Small,Entry-level,Other,1.0,256
Lenovo,87465.0,Intel,No,4,4,2.3,LED,Intel,No SSD,1024,Large,Entry-level,Other,2.5,0
Acer,129412.5,Intel,Yes,8,4,1.6,LED,NVIDIA,512 GB SSD,0,Large,Low-end,Other,1.5,512
Asus,93065.0,Intel,No,4,4,2.3,LED,Intel,256 GB SSD,0,Small,Entry-level,Other,2.5,256
Lenovo,94465.0,Intel,Yes,4,4,2.0,LED,Intel,No SSD,1024,Large,Entry-level,Other,2.0,0
Asus,73496.5,Intel,No,4,4,1.1,LED,Intel,No SSD,1024,Large,Entry-level,Low-End,1.0,0
Hp,144868.5,Intel,No,4,4,2.1,LED,Intel,256 GB SSD,0,Small,Entry-level,Other,2.0,256
Hp,143465.0,Intel,No,8,4,1.6,LED,Intel,No SSD,1024,Large,Entry-level,Other,1.5,0
Dell,70808.5,Intel,Yes,4,4,2.3,LED,Intel,No SSD,1024,Small,Entry-level,Other,2.5,0
Dell,88840.5,Intel,Yes,4,4,2.0,LED,Intel,No SSD,1024,Small,Entry-level,Other,2.0,0
Asus,72096.5,AMD,No,8,4,2.6,LED,AMD,256 GB SSD,0,Large,Entry-level,Low-End,2.5,256
Lenovo,107194.5,Intel,Yes,8,4,2.3,LED,NVIDIA,No SSD,1024,Large,Entry-level,Other,2.5,0
Hp,106715.0,Intel,No,4,4,2.4,LED,Intel,No SSD,1024,Large,Entry-level,Other,2.5,0
Hp,92750.0,Intel,No,4,4,2.0,LED,Intel,No SSD,1024,Large,Entry-level,Other,2.0,0
Asus,77248.5,Intel,Yes,4,4,1.2,LED,Intel,512 GB SSD,0,Large,Entry-level,Other,1.0,512
Asus,118142.5,Intel,No,8,4,1.6,LED,NVIDIA,No SSD,1024,Large,Low-end,Other,1.5,0
Hp,112668.5,Intel,No,4,4,2.4,LED,Intel,No SSD,1024,Large,Entry-level,Other,2.5,0
Dell,97594.0,Intel,Yes,4,4,2.0,LED,Intel,No SSD,1024,Small,Entry-level,Other,2.0,0
Asus,94465.0,Intel,Yes,4,4,2.3,LED,Intel,No SSD,1024,Large,Entry-level,Other,2.5,0
Hp,129150.0,Intel,No,8,4,2.1,LED,Intel,No SSD,1024,Large,Entry-level,Other,2.0,0
Msi,279965.0,Intel,Yes,8,4,2.2,LED,NVIDIA,No SSD,1024,Large,Mid-end,Other,2.0,0
Hp,135208.5,Intel,No,8,4,2.5,LED,Intel,No SSD,1024,Large,Entry-level,Other,2.5,0
Hp,87300.5,Intel,Yes,4,3,1.6,LED,Intel,No SSD,1024,Large,Entry-level,Low-End,1.5,0
Asus,138428.5,Intel,No,8,4,1.6,LED,Intel,512 GB SSD,0,Small,Entry-level,Other,1.5,512
Hp,87465.0,AMD,No,4,4,3.0,LED,AMD,No SSD,1024,Large,Entry-level,Other,3.0,0
Acer,263364.5,Intel,Yes,16,4,2.6,LED,NVIDIA,256 GB SSD,1024,Large,Mid-end,Other,2.5,256
Hp,101465.0,AMD,No,8,4,2.1,LED,AMD,256 GB SSD,1024,Small,Low-end,Mid-End,2.0,256
Hp,145215.0,AMD,No,8,4,2.1,LED,AMD,512 GB SSD,0,Large,Low-end,Mid-End,2.0,512
Hp,192465.0,Intel,No,8,4,2.3,LED,NVIDIA,No SSD,1024,Large,Mid-end,Other,2.5,0
Asus,178465.0,AMD,Yes,8,4,2.9,LED,NVIDIA,512 GB SSD,0,Large,Mid-end,High-End,3.0,512
Acer,194215.0,Intel,Yes,8,4,2.4,LED,NVIDIA,No SSD,1024,Large,Mid-end,Other,2.5,0
Hp,123466.0,Intel,No,4,4,2.3,LED,Intel,No SSD,1024,Large,Entry-level,Other,2.5,0
Hp,86908.5,AMD,No,8,4,2.1,LED,AMD,512 GB SSD,0,Large,Low-end,Mid-End,2.0,512
Hp,150465.0,Intel,Yes,8,4,4.2,LED,Intel,No SSD,1024,Large,Entry-level,Other,4.0,0
Asus,483896.0,Intel,Yes,8,4,2.4,LED,NVIDIA,512 GB SSD,0,Large,Mid-end,Other,2.5,512
Hp,164465.0,Intel,No,8,4,1.6,LED,Intel,No SSD,1024,Small,Entry-level,Other,1.5,0
Acer,101465.0,Intel,Yes,4,4,2.7,LED,Intel,No SSD,500,Large,Entry-level,Other,2.5,0
Hp,143465.0,Intel,Yes,8,4,1.6,LED,Intel,No SSD,1024,Large,Entry-level,Other,1.5,0
Dell,109126.5,Intel,No,8,4,1.7,LED,Intel,256 GB SSD,0,Small,Entry-level,Other,1.5,256
Acer,143465.0,Intel,Yes,8,4,2.5,LED,NVIDIA,No SSD,1024,Large,Low-end,Other,2.5,0
Hp,83965.0,AMD,Yes,4,4,2.5,LED,AMD,No SSD,1024,Large,Entry-level,Other,2.5,0
Acer,198331.0,Intel,Yes,8,4,2.5,LED,NVIDIA,No SSD,1024,Large,Low-end,Other,2.5,0
Acer,109921.0,Intel,Yes,4,4,2.7,LED,Intel,No SSD,500,Large,Entry-level,Other,2.5,0
Hp,122083.5,Intel,No,4,4,2.0,LED,Intel,No SSD,1024,Large,Entry-level,Other,2.0,0
Asus,182542.5,Intel,Yes,8,4,2.4,LED,NVIDIA,512 GB SSD,0,Large,Mid-end,Other,2.5,512
Asus,453572.0,Intel,No,8,4,4.2,LCD,NVIDIA,512 GB SSD,0,Large,Mid-end,Other,4.0,512
Lenovo,218715.0,AMD,Yes,8,4,3.0,LED,NVIDIA,256 GB SSD,1024,Large,Mid-end,Mid-End,3.0,256
Lenovo,108465.0,Intel,No,4,4,2.0,LED,Intel,No SSD,1024,Large,Entry-level,Other,2.0,0
Lenovo,103974.5,Intel,Yes,8,4,2.1,LED,Intel,No SSD,1024,Large,Entry-level,Other,2.0,0
Hp,77248.5,Intel,No,4,4,1.1,LED,Intel,No SSD,1024,Large,Entry-level,Low-End,1.0,0
Hp,199465.0,AMD,No,16,4,4.2,LCD,AMD,512 GB SSD,0,Small,Entry-level,Mid-End,4.0,512
Acer,153965.0,AMD,No,8,4,2.0,LED,AMD,No SSD,1024,Large,Low-end,Mid-End,2.0,0
Asus,265965.0,AMD,No,8,4,4.2,LCD,NVIDIA,512 GB SSD,0,Large,Mid-end,High-End,4.0,512
Other,150209.5,Intel,Yes,8,4,1.6,LED,Intel,512 GB SSD,0,Small,Entry-level,Other,1.5,512
Acer,135208.5,AMD,Yes,8,4,2.0,LED,AMD,No SSD,1024,Large,Low-end,Mid-End,2.0,0
Acer,181965.0,AMD,No,8,4,2.1,LED,NVIDIA,512 GB SSD,0,Large,Mid-end,Mid-End,2.0,512
Hp,137546.5,Intel,No,8,4,4.0,LED,Intel,256 GB SSD,0,Large,Entry-level,Other,4.0,256
Asus,94636.5,Intel,No,8,4,1.2,LED,Intel,No SSD,1024,Large,Entry-level,Other,1.0,0
Asus,110414.5,Intel,Yes,8,4,1.6,LED,Intel,No SSD,1024,Large,Entry-level,Other,1.5,0
Msi,192465.0,Intel,Yes,8,4,2.4,LED,NVIDIA,512 GB SSD,0,Large,Mid-end,Other,2.5,512
Hp,97965.0,AMD,No,4,4,2.3,LED,AMD,No SSD,1024,Large,Entry-level,Other,2.5,0
Hp,199465.0,Intel,No,8,4,1.6,LED,Intel,256 GB SSD,1024,Small,Entry-level,Other,1.5,256
Dell,185465.0,AMD,Yes,8,4,2.1,LED,AMD,512 GB SSD,0,Large,Low-end,Mid-End,2.0,512
Dell,114296.0,AMD,No,8,4,2.4,LED,AMD,No SSD,1024,Large,Entry-level,Other,2.5,0
Asus,76965.0,Intel,No,8,4,1.1,LCD,Intel,256 GB SSD,0,Large,Entry-level,Low-End,1.0,256
Dell,85715.0,Intel,Yes,4,4,1.1,LED,Intel,256 GB SSD,0,Large,Entry-level,Low-End,1.0,256
Lenovo,71130.5,Intel,Yes,4,4,1.2,LED,Intel,No SSD,1024,Large,Entry-level,Other,1.0,0
Dell,118965.0,Intel,Yes,4,4,1.2,LED,Intel,No SSD,1024,Small,Entry-level,Other,1.0,0
Asus,150986.5,AMD,No,8,4,2.0,LED,AMD,512 GB SSD,0,Small,Entry-level,High-End,2.0,512
Hp,175616.0,Intel,Yes,8,4,2.3,LED,AMD,No SSD,1024,Large,Mid-end,Other,2.5,0
Dell,147150.5,Intel,No,8,4,1.2,LED,Intel,256 GB SSD,0,Small,Entry-level,Other,1.0,256
Asus,209965.0,AMD,No,8,4,2.1,LED,NVIDIA,512 GB SSD,0,Large,Mid-end,Mid-End,2.0,512
Hp,209965.0,AMD,Yes,8,4,3.0,LED,NVIDIA,No SSD,1024,Large,Mid-end,Mid-End,3.0,0
Hp,160965.0,Intel,Yes,8,3,2.3,LED,AMD,No SSD,1024,Large,Mid-end,Other,2.5,0
Lenovo,227500.0,Intel,No,8,4,1.0,LED,Intel,256 GB SSD,1024,Small,Low-end,Other,1.0,256
Hp,262115.0,Intel,Yes,8,4,2.4,LED,NVIDIA,256 GB SSD,1024,Large,Mid-end,Other,2.5,256
Hp,174965.0,Intel,No,8,4,1.6,LED,Intel,No SSD,1024,Small,Entry-level,Other,1.5,0
Hp,67588.5,AMD,No,4,4,2.3,LED,AMD,No SSD,1024,Large,Entry-level,Other,2.5,0
Msi,349965.0,Intel,No,16,4,2.6,LED,NVIDIA,512 GB SSD,0,Large,Mid-end,Other,2.5,512
Other,136465.0,Intel,No,8,3,1.6,LED,Intel,256 GB SSD,0,Small,Entry-level,Other,1.5,256
Hp,181716.5,Intel,No,8,4,1.0,LED,Intel,512 GB SSD,0,Large,Entry-level,Other,1.0,512
Lenovo,115888.5,Intel,Yes,8,4,2.1,LCD,Intel,512 GB SSD,0,Large,Entry-level,Other,2.0,512
Lenovo,90965.0,AMD,Yes,4,4,2.3,LED,AMD,No SSD,1024,Large,Entry-level,Other,2.5,0
Other,97265.0,Intel,No,8,4,1.2,LCD,Intel,512 GB SSD,0,Small,Entry-level,Other,1.0,512
Other,122465.0,Intel,No,8,3,1.6,LED,Intel,256 GB SSD,0,Small,Entry-level,Other,1.5,256
Dell,118996.5,Intel,Yes,4,4,1.2,LED,Intel,No SSD,1024,Small,Entry-level,Other,1.0,0
Asus,230965.0,AMD,No,16,4,2.9,LED,NVIDIA,512 GB SSD,0,Large,Mid-end,High-End,3.0,512
Asus,160965.0,Intel,Yes,8,4,1.6,LED,NVIDIA,No SSD,1024,Large,Low-end,Other,1.5,0
Dell,101465.0,AMD,Yes,8,4,2.6,LED,AMD,256 GB SSD,0,Large,Low-end,Low-End,2.5,256
Lenovo,206465.0,Intel,No,8,4,1.0,LED,Intel,512 GB SSD,0,Small,Entry-level,Other,1.0,512
Acer,133276.5,Intel,No,8,4,2.7385892116182573,LED,Intel,No SSD,1024,Large,Low-end,Other,2.5,0
Asus,213500.0,Intel,Yes,8,4,1.6,LED,NVIDIA,512 GB SSD,0,Large,Low-end,Other,1.5,512
Acer,80496.5,Intel,No,4,3,1.1,LED,Intel,No SSD,500,Large,Entry-level,Low-End,1.0,0
Asus,149698.5,Intel,No,8,4,4.2,LED,Intel,512 GB SSD,0,Small,Low-end,Other,4.0,512
Hp,76443.5,AMD,No,4,4,1.5,LED,AMD,No SSD,500,Large,Entry-level,Low-End,1.5,0
Lenovo,156138.5,AMD,No,8,4,3.0,LED,NVIDIA,256 GB SSD,1024,Large,Mid-end,Mid-End,3.0,256
Acer,228165.0,Intel,Yes,8,4,2.5,LED,NVIDIA,256 GB SSD,1024,Large,Mid-end,Other,2.5,256
Lenovo,127715.0,Intel,Yes,8,4,1.2,LED,Intel,256 GB SSD,0,Large,Entry-level,Other,1.0,256
Apple,598465.0,Apple,No,16,4,2.9,LCD,Apple,1024 GB SSD,0,Large,High-end,Apple M-series,3.0,1024
Asus,80465.0,Intel,No,4,3,1.6,LED,Intel,No SSD,1024,Large,Entry-level,Low-End,1.5,0
Hp,222250.0,AMD,No,8,4,3.0,LED,NVIDIA,256 GB SSD,1024,Large,Mid-end,Mid-End,3.0,256
Asus,76965.0,Intel,Yes,4,3,1.1,LED,Intel,No SSD,1024,Large,Entry-level,Low-End,1.0,0
Asus,252000.0,Intel,Yes,8,4,2.5,LED,NVIDIA,1024 GB SSD,0,Large,Mid-end,Other,2.5,1024
Msi,106550.5,Intel,No,8,4,2.5,LED,NVIDIA,No SSD,1024,Large,Mid-end,Other,2.5,0
Asus,180257.0,Intel,No,16,4,2.5,LED,NVIDIA,512 GB SSD,0,Large,Mid-end,Other,2.5,512
Lenovo,94465.0,AMD,Yes,4,4,2.5,LED,AMD,No SSD,1024,Large,Low-end,Low-End,2.5,0
Hp,115465.0,AMD,No,4,4,2.6,LED,AMD,512 GB SSD,0,Large,Low-end,Low-End,2.5,512
Hp,116396.0,AMD,No,4,4,2.6,LED,AMD,No SSD,1024,Large,Low-end,Low-End,2.5,0
Asus,185465.0,Intel,Yes,8,4,1.6,LED,Intel,256 GB SSD,1024,Small,Entry-level,Other,1.5,256
Msi,248465.0,Intel,No,16,4,3.0,LCD,NVIDIA,512 GB SSD,0,Large,Mid-end,Other,3.0,512
Msi,230965.0,Intel,No,8,4,2.3,LCD,NVIDIA,512 GB SSD,0,Large,Mid-end,Other,2.5,512
Hp,115465.0,AMD,Yes,4,4,2.6,LED,AMD,No SSD,1024,Large,Low-end,Low-End,2.5,0
Acer,234465.0,Intel,Yes,8,4,2.5,LED,NVIDIA,256 GB SSD,1024,Large,Mid-end,Other,2.5,256
Lenovo,261065.0,Intel,No,8,4,2.5,LED,NVIDIA,256 GB SSD,1024,Large,Mid-end,Other,2.5,256
Hp,112665.0,Intel,No,8,4,2.3,LED,Intel,No SSD,1024,Large,Entry-level,Other,2.5,0
Lenovo,192524.5,Intel,Yes,8,4,2.5,LED,NVIDIA,256 GB SSD,1024,Small,Mid-end,Other,2.5,256
Hp,229250.0,Intel,Yes,16,4,4.2,LED,NVIDIA,512 GB SSD,0,Large,Low-end,Other,4.0,512
Acer,244965.0,Intel,Yes,8,4,2.6,LED,NVIDIA,256 GB SSD,1024,Large,Mid-end,Other,2.5,256
Lenovo,192465.0,Intel,No,8,4,2.4,LED,NVIDIA,No SSD,1024,Large,Mid-end,Other,2.5,0
Lenovo,139965.0,Intel,No,4,4,2.1,LED,Intel,256 GB SSD,0,Small,Entry-level,Other,2.0,256
Hp,118965.0,Intel,No,8,4,2.2,LED,Intel,No SSD,1024,Large,Entry-level,Other,2.0,0
Asus,174965.0,Intel,No,8,4,3.0,LED,Intel,256 GB SSD,0,Small,Entry-level,Other,3.0,256
Hp,164461.5,Intel,No,8,4,2.5,LED,Intel,No SSD,1024,Large,Entry-level,Other,2.5,0
Acer,404215.0,Intel,Yes,16,4,2.2,LED,NVIDIA,128 GB SSD,1024,Large,Mid-end,Other,2.0,128
Hp,150465.0,Intel,No,8,4,1.2,LED,Intel,512 GB SSD,0,Small,Entry-level,Other,1.0,512
Acer,139965.0,Intel,No,8,4,1.6,LED,Intel,No SSD,1024,Large,Entry-level,Other,1.5,0
Lenovo,96215.0,Intel,No,4,4,2.8,LED,Intel,256 GB SSD,0,Small,Entry-level,Low-End,3.0,256
Other,80465.0,Intel,No,4,4,1.1,LED,Intel,128 GB SSD,0,Small,Entry-level,Low-End,1.0,128
Acer,97212.5,Intel,Yes,4,4,1.2,LED,Intel,512 GB SSD,0,Small,Entry-level,Other,1.0,512
Acer,125734.0,Intel,Yes,4,3,1.6,LED,Intel,No SSD,1024,Large,Entry-level,Other,1.5,0
Acer,314996.5,Intel,Yes,16,4,2.7385892116182573,LED,NVIDIA,256 GB SSD,1024,Large,Mid-end,Other,2.5,256
Lenovo,104965.0,Intel,No,8,4,2.3,LED,Intel,No SSD,1024,Large,Entry-level,Other,2.5,0
Msi,249987.5,Intel,No,16,4,2.6,LED,NVIDIA,256 GB SSD,1024,Large,Mid-end,Other,2.5,256
Asus,163915.5,Intel,No,8,3,1.6,LED,Intel,256 GB SSD,0,Small,Entry-level,Other,1.5,256
Lenovo,157465.0,Intel,No,8,4,1.6,LED,Intel,No SSD,1024,Large,Entry-level,Other,1.5,0
Dell,104965.0,AMD,No,4,4,2.4913978494623654,LCD,AMD,256 GB SSD,0,Large,Entry-level,Other,2.5,256
Msi,192465.0,Intel,Yes,8,4,1.8,LED,Intel,512 GB SSD,0,Small,Entry-level,Other,2.0,512
Lenovo,160002.5,AMD,No,8,4,3.0,LED,NVIDIA,512 GB SSD,0,Large,Mid-end,Mid-End,3.0,512
Asus,223965.0,AMD,Yes,16,4,4.2,LED,NVIDIA,512 GB SSD,0,Small,Mid-end,High-End,4.0,512
Dell,78862.0,AMD,Yes,4,4,2.0,LED,AMD,No SSD,500,Large,Entry-level,Other,2.0,0
Hp,230965.0,Intel,No,8,4,1.6,LED,NVIDIA,256 GB SSD,1024,Large,Low-end,Other,1.5,256
Acer,114278.5,Intel,Yes,8,4,2.5,LED,NVIDIA,No SSD,1024,Large,Low-end,Other,2.5,0
Lenovo,127750.0,Intel,Yes,4,4,2.2,LED,Intel,No SSD,1024,Large,Entry-level,Other,2.0,0
Lenovo,129090.5,AMD,No,8,4,2.1,LED,AMD,512 GB SSD,0,Large,Entry-level,Mid-End,2.0,512
Dell,154637.0,Intel,No,4,4,2.5,LED,AMD,No SSD,1024,Large,Mid-end,Other,2.5,0
Asus,178465.0,Intel,No,8,4,1.0,LED,Intel,256 GB SSD,1024,Large,Entry-level,Other,1.0,256
Asus,150465.0,Intel,No,4,4,2.1,LED,Intel,512 GB SSD,0,Small,Entry-level,Other,2.0,512
Msi,300965.0,AMD,No,16,4,3.5710437710437706,LED,AMD,1024 GB SSD,0,Large,Mid-end,High-End,3.5,1024
Asus,83965.0,AMD,Yes,4,4,2.7,LED,AMD,No SSD,1024,Small,Entry-level,Other,2.5,0
Lenovo,150465.0,Intel,Yes,8,4,1.0,LED,Intel,No SSD,1024,Large,Entry-level,Other,1.0,0
Lenovo,136465.0,AMD,No,8,4,2.1,LED,AMD,No SSD,1024,Large,Low-end,Mid-End,2.0,0
Msi,297465.0,AMD,No,8,4,4.7,LCD,AMD,512 GB SSD,0,Large,Mid-end,High-End,4.5,512
Acer,440965.0,Intel,Yes,16,4,2.3,LED,NVIDIA,128 GB SSD,1024,Large,Mid-end,Other,2.5,128
Lenovo,290465.0,Intel,Yes,8,4,2.6,LED,NVIDIA,256 GB SSD,1024,Large,Mid-end,Other,2.5,256
Acer,326427.5,Intel,No,8,4,1.8,LED,Intel,512 GB SSD,0,Small,Entry-level,Other,2.0,512
Lenovo,218715.0,Intel,Yes,8,4,2.5,LED,NVIDIA,512 GB SSD,0,Large,Mid-end,Other,2.5,512
Acer,87465.0,AMD,No,8,4,2.6,LCD,AMD,256 GB SSD,0,Large,Entry-level,Low-End,2.5,256
Hp,150465.0,Intel,No,8,4,2.5,LED,AMD,No SSD,1024,Large,Low-end,Other,2.5,0
Dell,146930.0,Intel,Yes,4,4,1.2,LED,Intel,256 GB SSD,1024,Small,Entry-level,Other,1.0,256
Lenovo,214900.0,Intel,No,8,4,1.6,LED,Intel,512 GB SSD,0,Large,Entry-level,Other,1.5,512
Acer,215246.5,Intel,No,8,4,2.4,LED,NVIDIA,256 GB SSD,1024,Large,Mid-end,Other,2.5,256
Acer,175976.5,Intel,Yes,8,4,1.6,LED,NVIDIA,No SSD,1024,Large,Low-end,Other,1.5,0
Asus,104930.0,Intel,No,8,4,2.3,LED,Intel,No SSD,1024,Large,Entry-level,Other,2.5,0
Lenovo,153965.0,Intel,Yes,8,4,1.0,LED,Intel,No SSD,1024,Large,Entry-level,Other,1.0,0
Hp,177765.0,Intel,No,8,4,2.5,LED,AMD,No SSD,1024,Large,Low-end,Other,2.5,0
Lenovo,138428.5,Intel,No,8,4,1.0,LED,Intel,No SSD,1024,Large,Entry-level,Other,1.0,0
Dell,140665.0,AMD,Yes,8,4,2.6,LED,AMD,256 GB SSD,0,Large,Low-end,Low-End,2.5,256
Hp,170201.5,Intel,No,8,4,2.1,LED,Intel,256 GB SSD,0,Small,Entry-level,Other,2.0,256
Msi,217665.0,Intel,No,8,4,2.4,LED,NVIDIA,1024 GB SSD,0,Large,Mid-end,Other,2.5,1024
Dell,132863.5,Intel,No,8,4,1.2,LED,Intel,No SSD,1024,Large,Entry-level,Other,1.0,0
Hp,281400.0,Intel,No,8,4,4.2,LED,Intel,512 GB SSD,0,Small,Entry-level,Other,4.0,512
Lenovo,157465.0,Intel,No,8,4,1.0,LED,Intel,No SSD,1024,Large,Entry-level,Other,1.0,0
Other,181965.0,Intel,No,16,4,4.7,LCD,Intel,512 GB SSD,0,Small,Low-end,Other,4.5,512
Apple,622965.0,Intel,Yes,16,4,2.0,LED,Intel,1024 GB SSD,0,Small,Low-end,Other,2.0,1024
Lenovo,192465.0,Intel,No,8,4,1.0,LED,NVIDIA,512 GB SSD,0,Small,Low-end,Other,1.0,512
Msi,145250.0,Intel,No,8,4,2.1,LED,Intel,512 GB SSD,0,Small,Entry-level,Other,2.0,512
Acer,192465.0,Intel,No,8,4,2.4,LED,Intel,512 GB SSD,0,Small,Low-end,Other,2.5,512
Lenovo,211547.0,Intel,No,8,4,1.6,LED,Intel,128 GB SSD,1024,Small,Entry-level,Other,1.5,128
Lenovo,174965.0,Intel,Yes,4,4,1.2,LED,Intel,256 GB SSD,0,Small,Entry-level,Other,1.0,256
Acer,315850.5,Intel,Yes,16,4,2.3,LED,NVIDIA,512 GB SSD,1024,Large,Mid-end,Other,2.5,512
Lenovo,80146.5,Intel,No,4,4,1.2,LED,Intel,No SSD,1024,Small,Entry-level,Other,1.0,0
Msi,197715.0,Intel,Yes,8,4,4.2,LCD,NVIDIA,512 GB SSD,0,Large,Mid-end,Other,4.0,512
Asus,160965.0,Intel,Yes,8,4,1.6,LED,NVIDIA,No SSD,1024,Large,Low-end,Other,1.5,0
Acer,106228.5,Intel,Yes,8,4,1.7,LCD,Intel,256 GB SSD,0,Large,Entry-level,Other,1.5,256
Dell,173803.0,AMD,No,8,4,2.9869688385269124,LED,AMD,512 GB SSD,0,Small,Low-end,Mid-End,3.0,512
Dell,93026.5,AMD,Yes,4,4,2.3,LED,AMD,256 GB SSD,0,Small,Entry-level,Other,2.5,256
Lenovo,83965.0,AMD,Yes,4,4,2.6,LED,AMD,No SSD,1024,Small,Entry-level,Other,2.5,0
Asus,64368.5,AMD,No,4,3,1.5,LED,Intel,No SSD,1024,Large,Entry-level,Low-End,1.5,0
Hp,150465.0,AMD,Yes,8,4,2.1,LED,AMD,512 GB SSD,0,Large,Low-end,Mid-End,2.0,512
Acer,143465.0,Intel,Yes,16,4,3.3,LCD,Intel,512 GB SSD,0,Large,Low-end,Other,3.5,512
Asus,244965.0,Intel,No,8,4,2.7385892116182573,LED,Intel,512 GB SSD,0,Small,Low-end,Other,2.5,512
Acer,106228.5,Intel,No,8,4,1.7,LCD,Intel,256 GB SSD,0,Large,Entry-level,Other,1.5,256
Hp,220465.0,AMD,No,8,4,2.4,LED,NVIDIA,512 GB SSD,0,Large,Entry-level,Mid-End,2.5,512
Acer,192465.0,Intel,Yes,16,4,3.3,LCD,NVIDIA,512 GB SSD,0,Large,Mid-end,Other,3.5,512
Lenovo,174996.5,Intel,Yes,8,4,2.5,LED,NVIDIA,No SSD,1024,Large,Low-end,Other,2.5,0
Dell,160965.0,AMD,Yes,8,4,2.0,LED,AMD,No SSD,1024,Large,Low-end,Mid-End,2.0,0
Lenovo,98665.0,AMD,No,8,3,2.5,LED,AMD,No SSD,1024,Large,Mid-end,Other,2.5,0
Hp,103239.5,Intel,Yes,4,4,2.3,LED,Intel,No SSD,1024,Large,Entry-level,Other,2.5,0
Hp,109515.0,Intel,No,4,4,2.3,LED,Intel,No SSD,1024,Small,Entry-level,Other,2.5,0
Acer,209965.0,Intel,Yes,8,4,1.7,LCD,Intel,512 GB SSD,0,Small,Low-end,Other,1.5,512
Acer,86135.0,Intel,Yes,4,4,2.3,LED,Intel,No SSD,1024,Large,Entry-level,Low-End,2.5,0
Acer,160996.5,Intel,Yes,8,4,1.6,LED,NVIDIA,No SSD,1024,Large,Low-end,Other,1.5,0
Apple,367465.0,Intel,No,8,3,1.6,LED,Intel,256 GB SSD,0,Small,Entry-level,Other,1.5,256
Dell,153965.0,Intel,No,4,4,4.0,LED,Intel,256 GB SSD,0,Small,Entry-level,Other,4.0,256
Lenovo,66115.0,AMD,No,4,4,1.8,LED,AMD,No SSD,1024,Large,Entry-level,Low-End,2.0,0
Asus,136465.0,Intel,No,8,4,1.1,LCD,Intel,512 GB SSD,0,Large,Entry-level,Other,1.0,512
Asus,157465.0,Intel,No,8,4,2.2,LED,Intel,256 GB SSD,1024,Small,Entry-level,Other,2.0,256
Msi,185465.0,Intel,No,8,4,2.6,LED,NVIDIA,512 GB SSD,0,Large,Mid-end,Other,2.5,512
Hp,174996.5,Intel,Yes,8,4,4.2,LED,NVIDIA,512 GB SSD,0,Large,Low-end,Other,4.0,512
Hp,288715.0,Intel,No,16,4,1.8,LED,NVIDIA,512 GB SSD,0,Small,Low-end,Other,2.0,512
Dell,223965.0,Intel,No,8,4,2.5,LED,NVIDIA,No SSD,1024,Small,Low-end,Other,2.5,0
Msi,262465.0,Intel,No,16,4,2.6,LED,NVIDIA,256 GB SSD,1024,Large,Mid-end,Other,2.5,256
Lenovo,159390.0,Intel,No,4,4,2.5,LED,NVIDIA,No SSD,1024,Large,Low-end,Other,2.5,0
Dell,103750.5,Intel,Yes,4,4,2.3,LED,Intel,256 GB SSD,0,Small,Entry-level,Low-End,2.5,256
Dell,157115.0,Intel,No,8,4,1.2,LED,Intel,No SSD,1024,Large,Entry-level,Other,1.0,0
Hp,78715.0,Intel,No,4,4,2.3,LED,Intel,No SSD,1024,Large,Entry-level,Low-End,2.5,0
Asus,69965.0,Intel,No,4,3,1.1,LED,Intel,No SSD,1024,Large,Entry-level,Low-End,1.0,0
Dell,95389.0,AMD,Yes,4,4,3.1,LED,AMD,No SSD,1024,Large,Entry-level,Other,3.0,0
Hp,202965.0,Intel,No,8,4,1.0,LED,Intel,128 GB SSD,1024,Small,Entry-level,Other,1.0,128
Other,150465.0,Intel,No,8,3,1.2,LED,Intel,256 GB SSD,0,Small,Entry-level,Other,1.0,256
Dell,162060.5,Intel,Yes,8,4,1.6,LED,Intel,No SSD,1024,Small,Entry-level,Other,1.5,0
Asus,160965.0,Intel,No,8,4,3.0,LED,Intel,256 GB SSD,0,Large,Entry-level,Other,3.0,256
Asus,227465.0,Intel,No,8,4,1.6,LED,Intel,256 GB SSD,1024,Small,Entry-level,Other,1.5,256
Asus,174996.5,Intel,Yes,8,4,2.8,LED,NVIDIA,No SSD,1024,Large,Mid-end,Other,3.0,0
Lenovo,138246.5,Intel,No,8,4,1.2,LED,Intel,256 GB SSD,0,Small,Entry-level,Other,1.0,256
Apple,389165.0,Intel,No,8,3,1.6,LED,Intel,256 GB SSD,0,Small,Entry-level,Other,1.5,256
Lenovo,166225.5,Intel,Yes,8,4,2.5,LED,Intel,No SSD,1024,Small,Entry-level,Other,2.5,0
Hp,111058.5,Intel,No,4,4,1.2,LED,Intel,No SSD,1024,Small,Entry-level,Other,1.0,0
Lenovo,111965.0,Intel,Yes,4,4,2.0,LED,NVIDIA,No SSD,1024,Large,Low-end,Other,2.0,0
Hp,144868.5,Intel,Yes,8,4,4.0,LED,Intel,512 GB SSD,0,Small,Entry-level,Other,4.0,512
Other,139965.0,Intel,No,16,5,4.7,LCD,Intel,512 GB SSD,0,Large,Low-end,Other,4.5,512
Dell,213496.5,Intel,Yes,8,4,1.8,LED,Intel,256 GB SSD,0,Small,Entry-level,Other,2.0,256
Dell,255465.0,Intel,No,8,4,4.7,LCD,NVIDIA,512 GB SSD,0,Large,Mid-end,Other,4.5,512
Asus,328965.0,Intel,No,16,4,2.6,LED,NVIDIA,1024 GB SSD,0,Large,Mid-end,Other,2.5,1024
Acer,307965.0,Intel,Yes,16,4,2.3,LED,NVIDIA,128 GB SSD,1024,Large,Mid-end,Other,2.5,128
Apple,447965.0,Intel,No,8,3,1.6,LED,Intel,256 GB SSD,0,Small,Entry-level,Other,1.5,256
Lenovo,125965.0,Intel,No,8,4,1.2,LED,Intel,256 GB SSD,0,Small,Entry-level,Other,1.0,256
Asus,152274.5,Intel,No,8,4,4.2,LED,Intel,512 GB SSD,0,Small,Low-end,Other,4.0,512
Asus,314965.0,Intel,Yes,8,4,2.2,LED,NVIDIA,128 GB SSD,1024,Large,Mid-end,Other,2.0,128
Lenovo,346465.0,Intel,Yes,8,4,2.4,LED,NVIDIA,128 GB SSD,1024,Large,Mid-end,Other,2.5,128
Asus,255465.0,AMD,No,16,4,3.1,LCD,NVIDIA,512 GB SSD,0,Large,Mid-end,High-End,3.0,512
Other,174965.0,Intel,No,4,4,1.0,LED,Intel,128 GB SSD,0,Small,Entry-level,Low-End,1.0,128
Asus,143465.0,Intel,No,8,4,2.4,LCD,Intel,512 GB SSD,0,Large,Low-end,Other,2.5,512
Hp,115465.0,Intel,No,4,4,2.4,LED,Intel,No SSD,1024,Large,Entry-level,Other,2.5,0
Asus,127750.0,Intel,No,4,4,1.2,LED,Intel,256 GB SSD,0,Small,Entry-level,Other,1.0,256
Dell,300125.0,Intel,No,8,4,2.6,LED,NVIDIA,512 GB SSD,1024,Large,Mid-end,Other,2.5,512
Asus,706069.0,Intel,Yes,16,4,2.6,LED,NVIDIA,No SSD,1024,Large,Low-end,Other,2.5,0
Hp,164465.0,Intel,No,8,4,1.6,LED,NVIDIA,No SSD,1024,Large,Low-end,Other,1.5,0
Asus,276465.0,AMD,No,8,4,2.1,LED,NVIDIA,256 GB SSD,1024,Large,Mid-end,Mid-End,2.0,256
Acer,154588.0,Intel,Yes,4,4,1.0,LED,Intel,No SSD,1024,Large,Entry-level,Other,1.0,0
Hp,205905.0,Intel,No,8,4,1.6,LED,Intel,256 GB SSD,1024,Small,Entry-level,Other,1.5,256
Hp,136496.5,Intel,Yes,8,4,4.0,LCD,Intel,512 GB SSD,0,Large,Entry-level,Other,4.0,512
Msi,251965.0,Intel,No,8,4,2.7385892116182573,LED,NVIDIA,512 GB SSD,0,Large,Mid-end,Other,2.5,512
Lenovo,171573.5,Intel,Yes,8,4,1.0,LED,Intel,512 GB SSD,0,Small,Entry-level,Other,1.0,512
Acer,202996.5,Intel,Yes,8,4,1.6,LED,NVIDIA,No SSD,1024,Large,Low-end,Other,1.5,0
Dell,123315.5,Intel,Yes,4,4,2.2,LED,Intel,No SSD,1024,Large,Entry-level,Other,2.0,0
Msi,174930.0,AMD,No,8,4,3.0,LED,AMD,512 GB SSD,0,Large,Mid-end,Mid-End,3.0,512
Hp,126189.0,Intel,No,4,4,2.2,LED,NVIDIA,No SSD,1024,Large,Low-end,Other,2.0,0
Acer,68215.0,AMD,Yes,4,4,1.8,LED,AMD,No SSD,1024,Large,Entry-level,Low-End,2.0,0
Apple,558215.0,Intel,Yes,16,4,2.0,LED,Intel,512 GB SSD,0,Small,Low-end,Other,2.0,512
Asus,157465.0,Intel,Yes,8,4,2.4,LED,Intel,128 GB SSD,1024,Small,Entry-level,Other,2.5,128
Dell,276500.0,Intel,Yes,8,4,1.8,LED,AMD,256 GB SSD,0,Small,Low-end,Other,2.0,256
Other,108465.0,Intel,No,16,4,3.0,LCD,Intel,512 GB SSD,0,Small,Low-end,Other,3.0,512
Msi,262465.0,Intel,Yes,16,5,4.7,LCD,NVIDIA,512 GB SSD,0,Large,Mid-end,Other,4.5,512
Hp,286650.0,Intel,Yes,8,4,2.6,LED,NVIDIA,256 GB SSD,1024,Large,Mid-end,Other,2.5,256
Hp,108325.0,AMD,No,4,4,2.1,LED,AMD,No SSD,1024,Small,Low-end,Low-End,2.0,0
Acer,265300.0,AMD,Yes,16,4,3.1,LED,NVIDIA,512 GB SSD,0,Large,Mid-end,Mid-End,3.0,512
Acer,150150.0,Intel,Yes,8,4,2.5,LED,NVIDIA,No SSD,1024,Large,Low-end,Other,2.5,0
Acer,252084.0,AMD,No,16,4,3.1,LCD,NVIDIA,512 GB SSD,1024,Large,Mid-end,Mid-End,3.0,512
Hp,300100.5,Intel,No,4,4,1.1,LED,Intel,128 GB SSD,0,Small,Entry-level,Low-End,1.0,128
Acer,202965.0,AMD,Yes,8,4,2.1,LED,NVIDIA,256 GB SSD,1024,Large,Mid-end,Mid-End,2.0,256
Acer,252084.0,AMD,No,16,4,3.3,LCD,NVIDIA,512 GB SSD,1024,Large,Mid-end,Mid-End,3.5,512
Acer,199115.0,AMD,Yes,8,4,3.3,LCD,NVIDIA,512 GB SSD,0,Large,Mid-end,Mid-End,3.5,512
Acer,274750.0,AMD,No,8,3,3.1,LCD,NVIDIA,512 GB SSD,1024,Large,Mid-end,Mid-End,3.0,512
Asus,314965.0,Intel,Yes,16,4,2.7385892116182573,LED,NVIDIA,512 GB SSD,0,Large,Mid-end,Other,2.5,512
Hp,230615.0,Intel,No,16,4,4.2,LED,Intel,512 GB SSD,0,Small,Low-end,Other,4.0,512
Hp,223489.0,Intel,No,8,4,2.5,LED,NVIDIA,No SSD,1024,Large,Low-end,Other,2.5,0
Hp,104965.0,Intel,No,4,4,2.2,LED,Intel,No SSD,1024,Large,Entry-level,Other,2.0,0
Hp,220465.0,Intel,Yes,8,4,2.4,LED,NVIDIA,256 GB SSD,1024,Large,Mid-end,Other,2.5,256
Asus,209996.5,Intel,No,8,4,2.7385892116182573,LED,Intel,512 GB SSD,0,Small,Low-end,Other,2.5,512
Lenovo,244965.0,AMD,Yes,8,4,3.0,LED,NVIDIA,256 GB SSD,1024,Large,Mid-end,Mid-End,3.0,256
Asus,276465.0,Intel,Yes,8,4,2.7,LED,NVIDIA,1024 GB SSD,0,Large,Mid-end,Other,2.5,1024
Msi,325465.0,Intel,No,16,4,2.7385892116182573,LED,NVIDIA,512 GB SSD,0,Large,Mid-end,Other,2.5,512
Asus,314965.0,Intel,No,16,4,2.7385892116182573,LED,Intel,512 GB SSD,0,Small,Low-end,Other,2.5,512
Hp,111380.5,Intel,No,4,4,1.6,LED,Intel,No SSD,1024,Large,Entry-level,Other,1.5,0
Lenovo,77525.0,Intel,No,4,3,1.6,LED,Intel,No SSD,1024,Large,Entry-level,Low-End,1.5,0
Asus,206465.0,Intel,No,8,4,4.2,LED,Intel,512 GB SSD,0,Small,Low-end,Other,4.0,512
Asus,171465.0,Intel,Yes,8,4,1.6,LED,NVIDIA,No SSD,1024,Large,Low-end,Other,1.5,0
Asus,108230.5,Intel,Yes,4,4,2.3,LED,Intel,No SSD,1024,Small,Entry-level,Other,2.5,0
Other,129465.0,Intel,No,16,4,2.5,LCD,Intel,1024 GB SSD,0,Small,Entry-level,Other,2.5,1024
Asus,174996.5,Intel,Yes,8,4,1.6,LED,NVIDIA,No SSD,1024,Large,Low-end,Other,1.5,0
Other,279996.5,Intel,No,4,4,2.6,LED,Intel,128 GB SSD,0,Small,Entry-level,Other,2.5,128
Lenovo,184870.0,Intel,No,8,4,1.0,LED,Intel,256 GB SSD,1024,Large,Entry-level,Other,1.0,256
Lenovo,146965.0,Intel,Yes,8,4,1.6,LED,Intel,No SSD,1024,Large,Entry-level,Other,1.5,0
Hp,87195.5,AMD,No,4,4,2.6,LED,AMD,No SSD,1024,Large,Entry-level,Other,2.5,0
Hp,115465.0,Intel,No,4,4,2.0,LED,Intel,No SSD,1024,Large,Entry-level,Other,2.0,0
Acer,146650.0,Intel,Yes,8,4,2.5,LED,NVIDIA,No SSD,1024,Large,Low-end,Other,2.5,0
Lenovo,163779.0,Intel,No,8,4,2.4,LED,NVIDIA,No SSD,1024,Large,Mid-end,Other,2.5,0
Lenovo,122465.0,Intel,No,4,4,2.2,LED,Intel,256 GB SSD,0,Large,Entry-level,Other,2.0,256
Asus,171465.0,Intel,No,8,4,1.3,LCD,Intel,512 GB SSD,0,Small,Entry-level,Other,1.5,512
Dell,251965.0,AMD,Yes,8,4,3.3,LCD,NVIDIA,512 GB SSD,0,Large,Mid-end,Mid-End,3.5,512
Lenovo,224700.0,Intel,No,8,4,1.6,LED,Intel,256 GB SSD,0,Small,Entry-level,Other,1.5,256
Lenovo,206465.0,Intel,No,8,4,2.4,LED,Intel,512 GB SSD,0,Small,Low-end,Other,2.5,512
Acer,139996.5,AMD,No,4,4,2.4,LED,AMD,No SSD,1024,Small,Low-end,Other,2.5,0
Lenovo,69965.0,Intel,No,4,4,1.8,LED,Intel,No SSD,1024,Large,Entry-level,Low-End,2.0,0
Lenovo,97965.0,AMD,No,4,4,2.6,LED,AMD,No SSD,1024,Large,Low-end,Low-End,2.5,0
Asus,246750.0,Intel,No,8,4,2.8,LED,Intel,512 GB SSD,0,Large,Low-end,Other,3.0,512
Lenovo,139965.0,Intel,No,8,4,1.6,LED,Intel,No SSD,1024,Large,Entry-level,Other,1.5,0
Dell,108465.0,Intel,No,4,4,1.2,LED,Intel,No SSD,1024,Small,Entry-level,Other,1.0,0
Asus,157465.0,Intel,No,8,4,1.0,LED,Intel,No SSD,1024,Large,Entry-level,Other,1.0,0
Hp,286965.0,Intel,No,8,4,2.6,LED,NVIDIA,256 GB SSD,1024,Large,Mid-end,Other,2.5,256
Hp,227465.0,Intel,Yes,8,4,2.7385892116182573,LED,Intel,512 GB SSD,0,Small,Low-end,Other,2.5,512
Hp,222743.5,Intel,No,8,4,2.4,LED,NVIDIA,512 GB SSD,0,Large,Mid-end,Other,2.5,512
Asus,329871.5,Intel,Yes,8,5,2.3,LCD,NVIDIA,1024 GB SSD,0,Large,Mid-end,Other,2.5,1024
Hp,157150.0,Intel,Yes,4,4,2.3,LED,AMD,No SSD,1024,Large,Mid-end,Other,2.5,0
Hp,83965.0,AMD,No,4,3,2.0,LED,AMD,No SSD,1024,Large,Entry-level,Other,2.0,0
Other,227465.0,Intel,No,8,4,1.2,LED,Intel,256 GB SSD,0,Small,Low-end,Other,1.0,256
Dell,187215.0,Intel,No,8,4,4.2,LED,Intel,512 GB SSD,0,Small,Low-end,Other,4.0,512
Lenovo,228242.0,Intel,Yes,8,4,2.7,LED,NVIDIA,No SSD,1024,Large,Entry-level,Other,2.5,0
Acer,126514.5,Intel,No,8,4,1.6,LED,Intel,No SSD,1024,Small,Entry-level,Other,1.5,0
Asus,129465.0,Intel,No,8,4,1.2,LED,Intel,No SSD,1024,Large,Entry-level,Other,1.0,0
Asus,112689.5,AMD,No,8,4,2.1,LED,AMD,No SSD,1024,Large,Low-end,Mid-End,2.0,0
Hp,187215.0,Intel,No,4,3,2.4,LED,Intel,128 GB SSD,0,Small,Entry-level,Other,2.5,128
Asus,164496.5,Intel,No,8,4,4.0,LED,Intel,512 GB SSD,0,Small,Entry-level,Other,4.0,512
Dell,222565.0,Intel,No,8,4,4.2,LED,NVIDIA,256 GB SSD,1024,Large,Low-end,Other,4.0,256
Hp,88889.5,AMD,No,4,4,2.5,LED,AMD,No SSD,1024,Large,Entry-level,Other,2.5,0
Apple,339640.0,Intel,No,8,3,1.4,LED,Intel,128 GB SSD,0,Small,Low-end,Other,1.5,128
Lenovo,286965.0,AMD,Yes,16,4,3.1,LCD,NVIDIA,512 GB SSD,0,Large,Mid-end,High-End,3.0,512
Lenovo,303415.0,Intel,No,16,4,2.6,LED,NVIDIA,512 GB SSD,0,Large,Mid-end,Other,2.5,512
Lenovo,97965.0,Intel,No,4,4,2.3,LED,Intel,No SSD,1024,Large,Entry-level,Other,2.5,0
Msi,125965.0,AMD,Yes,8,4,4.0,LCD,AMD,256 GB SSD,0,Small,Entry-level,Mid-End,4.0,256
Hp,223163.5,Intel,No,8,4,1.0,LED,NVIDIA,256 GB SSD,1024,Small,Low-end,Other,1.0,256
Acer,279965.0,Intel,Yes,16,4,2.4,LED,NVIDIA,256 GB SSD,1024,Large,Mid-end,Other,2.5,256
Acer,307996.5,Intel,No,8,4,2.8,LED,NVIDIA,128 GB SSD,1024,Large,Mid-end,Other,3.0,128
Lenovo,181965.0,Intel,No,8,4,1.1,LED,Intel,512 GB SSD,0,Large,Low-end,Other,1.0,512
Msi,192465.0,Intel,No,8,4,2.4,LED,Intel,512 GB SSD,0,Small,Low-end,Other,2.5,512
Asus,173848.5,Intel,No,16,4,2.4,LCD,Intel,256 GB SSD,1024,Large,Low-end,Other,2.5,256
Acer,62965.0,AMD,No,4,3,1.8,LED,Intel,No SSD,1024,Large,Entry-level,Low-End,2.0,0
Other,136465.0,Intel,No,16,4,1.8,LED,Intel,1024 GB SSD,0,Small,Entry-level,Other,2.0,1024
Msi,355778.5,Intel,No,16,4,2.7385892116182573,LED,NVIDIA,1024 GB SSD,0,Large,High-end,Other,2.5,1024
Dell,363279.0,Intel,Yes,16,4,2.6,LED,NVIDIA,512 GB SSD,0,Large,Mid-end,Other,2.5,512
Lenovo,192479.0,Intel,No,8,4,2.4,LED,Intel,512 GB SSD,0,Small,Low-end,Other,2.5,512
Msi,151308.5,Intel,No,8,4,2.7385892116182573,LED,Intel,512 GB SSD,0,Small,Entry-level,Other,2.5,512
Asus,97996.5,Intel,No,4,4,1.1,LED,Intel,No SSD,1024,Large,Entry-level,Low-End,1.0,0
Apple,392140.0,Intel,No,8,3,2.4,LED,Intel,256 GB SSD,0,Small,Low-end,Other,2.5,256
Lenovo,199465.0,Intel,No,8,4,1.6,LED,NVIDIA,512 GB SSD,0,Large,Low-end,Other,1.5,512
Lenovo,355215.0,Intel,No,16,4,2.8,LED,Intel,512 GB SSD,0,Small,Low-end,Other,3.0,512
Dell,209265.0,AMD,Yes,8,4,2.4,LED,AMD,512 GB SSD,0,Large,Low-end,Mid-End,2.5,512
Hp,222229.0,AMD,Yes,8,4,3.0,LED,NVIDIA,256 GB SSD,1024,Large,Mid-end,Mid-End,3.0,256
Lenovo,231000.0,Intel,Yes,8,4,1.2,LED,Intel,512 GB SSD,0,Small,Entry-level,Other,1.0,512
Asus,112700.0,AMD,Yes,4,4,2.6,LED,AMD,256 GB SSD,0,Large,Entry-level,Low-End,2.5,256
Hp,150115.0,Intel,Yes,4,4,1.6,LED,AMD,No SSD,1024,Large,Low-end,Other,1.5,0
Dell,124250.0,Intel,Yes,4,4,1.1,LCD,Intel,256 GB SSD,0,Large,Entry-level,Low-End,1.0,256
Lenovo,131215.0,Intel,Yes,8,4,3.0,LCD,Intel,256 GB SSD,1024,Large,Entry-level,Other,3.0,256
Hp,85172.5,AMD,Yes,4,3,1.5,LED,AMD,No SSD,1024,Large,Entry-level,Low-End,1.5,0
Other,515900.0,Intel,No,16,3,2.5,LED,Intel,512 GB SSD,0,Small,Low-end,Other,2.5,512
Hp,97965.0,AMD,No,8,4,3.4,LCD,AMD,No SSD,1024,Large,Entry-level,Low-End,3.5,0
Lenovo,74165.0,AMD,No,4,4,1.8,LED,AMD,No SSD,1024,Large,Entry-level,Low-End,2.0,0
Other,185465.0,Intel,Yes,8,4,1.6,LED,Intel,256 GB SSD,0,Small,Entry-level,Other,1.5,256
Asus,73465.0,Intel,Yes,4,4,1.1,LED,Intel,No SSD,1024,Large,Entry-level,Low-End,1.0,0
Lenovo,87465.0,Intel,No,4,4,2.3,LED,Intel,No SSD,1024,Small,Entry-level,Other,2.5,0
Asus,101465.0,AMD,No,4,4,3.0,LED,AMD,No SSD,1024,Large,Entry-level,Other,3.0,0
Asus,297465.0,Intel,Yes,16,5,4.7,LCD,NVIDIA,512 GB SSD,0,Large,Mid-end,Other,4.5,512
Dell,173215.0,Intel,Yes,8,4,2.4,LED,NVIDIA,256 GB SSD,1024,Large,Low-end,Other,2.5,256
Dell,237965.0,Intel,Yes,4,4,2.1,LED,Intel,256 GB SSD,1024,Small,Entry-level,Other,2.0,256
Hp,95182.5,AMD,No,4,4,2.4,LED,AMD,No SSD,1024,Large,Low-end,Other,2.5,0
Dell,103565.0,AMD,Yes,4,4,2.5,LED,AMD,No SSD,1024,Large,Low-end,Low-End,2.5,0
Hp,251965.0,Intel,Yes,8,4,2.4,LED,NVIDIA,256 GB SSD,1024,Large,Mid-end,Other,2.5,256
Dell,151011.0,Intel,No,8,4,4.0,LED,Intel,256 GB SSD,0,Large,Entry-level,Other,4.0,256
Hp,99715.0,Intel,No,4,4,2.3,LED,Intel,No SSD,1024,Large,Entry-level,Other,2.5,0
Asus,83965.0,Intel,No,4,4,1.1,LED,Intel,256 GB SSD,0,Large,Entry-level,Low-End,1.0,256
Lenovo,157465.0,Intel,Yes,4,4,2.5,LED,NVIDIA,No SSD,1024,Large,Low-end,Other,2.5,0
Hp,258965.0,Intel,No,8,4,1.6,LED,Intel,256 GB SSD,1024,Small,Entry-level,Other,1.5,256
Acer,171146.5,Intel,No,8,4,2.4,LCD,Intel,512 GB SSD,0,Large,Low-end,Other,2.5,512
Dell,223965.0,Intel,Yes,16,4,2.6,LED,Intel,512 GB SSD,0,Small,Low-end,Other,2.5,512
Acer,183508.5,Intel,Yes,8,4,2.6,LED,NVIDIA,512 GB SSD,0,Large,Mid-end,Other,2.5,512
Lenovo,115244.5,Intel,Yes,4,4,1.0,LED,Intel,No SSD,1024,Large,Entry-level,Other,1.0,0
Apple,755965.0,Intel,No,16,4,2.3,LED,AMD,1024 GB SSD,0,Large,Entry-level,Other,2.5,1024
Asus,223965.0,Intel,No,8,4,4.2,LED,Intel,512 GB SSD,0,Small,Low-end,Other,4.0,512
Other,149765.0,Intel,No,8,3,1.2,LED,Intel,128 GB SSD,0,Small,Entry-level,Other,1.0,128
Lenovo,255465.0,AMD,No,16,4,3.5710437710437706,LED,NVIDIA,512 GB SSD,0,Large,Mid-end,High-End,3.5,512
Asus,184765.0,Intel,Yes,8,4,1.6,LED,NVIDIA,No SSD,1024,Large,Low-end,Other,1.5,0
Lenovo,176424.5,Intel,No,8,4,2.4,LED,NVIDIA,256 GB SSD,1024,Large,Low-end,Other,2.5,256
Lenovo,242560.5,Intel,Yes,8,4,1.6,LED,NVIDIA,256 GB SSD,1024,Large,Low-end,Other,1.5,256
Hp,381465.0,Intel,Yes,16,4,2.2,LED,NVIDIA,128 GB SSD,1024,Large,Mid-end,Other,2.0,128
Msi,234465.0,Intel,Yes,8,4,2.5,LCD,Intel,512 GB SSD,0,Small,Entry-level,Other,2.5,512
Hp,83832.0,Intel,No,4,3,1.6,LED,Intel,No SSD,1024,Large,Entry-level,Low-End,1.5,0
Asus,314132.0,AMD,No,16,4,2.9869688385269124,LED,NVIDIA,512 GB SSD,0,Large,Mid-end,Mid-End,3.0,512
Hp,287934.5,Intel,No,8,4,2.5,LED,NVIDIA,No SSD,1024,Large,Mid-end,Other,2.5,0
Lenovo,199465.0,Intel,No,8,4,2.5,LED,NVIDIA,No SSD,1024,Large,Mid-end,Other,2.5,0
Asus,122465.0,AMD,No,4,4,2.1,LED,AMD,256 GB SSD,0,Large,Low-end,Mid-End,2.0,256
Asus,174965.0,Intel,Yes,8,4,1.6,LED,NVIDIA,128 GB SSD,1024,Large,Low-end,Other,1.5,128
Lenovo,108465.0,AMD,Yes,4,4,2.6,LED,AMD,No SSD,1024,Large,Entry-level,Low-End,2.5,0
Hp,409293.5,Intel,No,8,4,2.2,LED,NVIDIA,128 GB SSD,1024,Large,Mid-end,Other,2.0,128
Dell,174965.0,Intel,No,8,4,2.4,LED,NVIDIA,512 GB SSD,0,Small,Low-end,Other,2.5,512
Asus,195965.0,Intel,No,16,4,4.8,LED,NVIDIA,256 GB SSD,1024,Large,Mid-end,Other,5.0,256
Asus,563167.5,Intel,No,16,4,1.8,LED,Intel,512 GB SSD,0,Small,Entry-level,Other,2.0,512
Lenovo,139965.0,AMD,No,8,4,2.1,LED,AMD,512 GB SSD,0,Large,Low-end,Mid-End,2.0,512
Asus,238000.0,Intel,Yes,8,4,2.6,LED,NVIDIA,No SSD,1024,Large,Low-end,Other,2.5,0
Asus,147315.0,Intel,Yes,8,4,2.5,LED,NVIDIA,No SSD,1024,Large,Low-end,Other,2.5,0
Acer,279965.0,Intel,Yes,8,4,2.5,LED,NVIDIA,256 GB SSD,1024,Large,Mid-end,Other,2.5,256
Hp,188226.5,Intel,No,8,4,1.0,LED,Intel,No SSD,1024,Large,Entry-level,Other,1.0,0
Lenovo,146965.0,AMD,Yes,8,4,2.6,LCD,AMD,512 GB SSD,0,Large,Entry-level,Low-End,2.5,512
Lenovo,173848.5,Intel,Yes,8,4,4.2,LCD,Intel,512 GB SSD,0,Large,Low-end,Other,4.0,512
Asus,160965.0,Intel,No,8,4,1.6,LED,Intel,512 GB SSD,0,Small,Entry-level,Other,1.5,512
Asus,69965.0,Intel,No,4,4,1.1,LED,Intel,No SSD,500,Small,Entry-level,Low-End,1.0,0
Asus,142250.5,AMD,No,8,4,4.0,LCD,AMD,512 GB SSD,0,Large,Entry-level,Mid-End,4.0,512
Asus,201596.5,Intel,No,8,3,1.6,LED,Intel,512 GB SSD,0,Small,Entry-level,Other,1.5,512
Asus,97965.0,AMD,Yes,8,4,2.7,LED,AMD,512 GB SSD,0,Large,Entry-level,Other,2.5,512
Lenovo,227496.5,Intel,Yes,16,4,3.1,LCD,Intel,512 GB SSD,0,Small,Low-end,Other,3.0,512
Lenovo,258965.0,Intel,Yes,8,4,2.6,LED,NVIDIA,512 GB SSD,0,Large,Mid-end,Other,2.5,512
Hp,241465.0,Intel,No,8,4,1.0,LED,Intel,512 GB SSD,0,Small,Entry-level,Other,1.0,512
Asus,136395.0,Intel,No,8,4,1.6,LED,Intel,No SSD,1024,Small,Entry-level,Other,1.5,0
Hp,241465.0,Intel,No,16,4,4.7,LCD,Intel,512 GB SSD,0,Small,Low-end,Other,4.5,512
Asus,234465.0,Intel,Yes,8,4,1.8,LED,NVIDIA,No SSD,1024,Large,Low-end,Other,2.0,0
Asus,224000.0,Intel,Yes,8,4,1.6,LED,NVIDIA,256 GB SSD,1024,Large,Low-end,Other,1.5,256
Dell,284865.0,Intel,Yes,16,4,2.2,LCD,NVIDIA,512 GB SSD,0,Large,Mid-end,Other,2.0,512
Hp,111639.5,AMD,No,4,4,2.5,LED,AMD,256 GB SSD,1024,Large,Low-end,Low-End,2.5,256
Asus,213496.5,AMD,No,8,4,2.1,LED,AMD,512 GB SSD,0,Small,Low-end,Mid-End,2.0,512
Acer,90965.0,Intel,Yes,4,4,2.7,LED,Intel,No SSD,1024,Large,Entry-level,Other,2.5,0
Dell,97965.0,Intel,Yes,4,3,2.3,LED,Intel,No SSD,1024,Large,Entry-level,Other,2.5,0
Hp,152250.0,Intel,No,8,4,2.1,LED,Intel,No SSD,1024,Large,Entry-level,Other,2.0,0
Hp,224000.0,AMD,No,16,4,4.0,LED,AMD,512 GB SSD,0,Large,Entry-level,Mid-End,4.0,512
Acer,328230.0,Intel,Yes,8,4,2.6,LED,NVIDIA,256 GB SSD,1024,Large,Mid-end,Other,2.5,256
Lenovo,78715.0,Intel,No,4,4,1.1,LED,Intel,No SSD,1024,Large,Entry-level,Low-End,1.0,0
Hp,234500.0,Intel,No,8,4,2.5,LED,NVIDIA,512 GB SSD,0,Large,Mid-end,Other,2.5,512
Asus,127270.5,Intel,No,4,4,2.1,LED,Intel,No SSD,1024,Small,Entry-level,Other,2.0,0
Other,409465.0,Intel,No,8,3,1.6,LED,Intel,256 GB SSD,0,Small,Entry-level,Other,1.5,256
Asus,160328.0,Intel,No,8,4,1.0,LED,Intel,No SSD,1024,Small,Entry-level,Other,1.0,0
Other,165196.5,AMD,No,8,4,2.3,LED,AMD,512 GB SSD,0,Small,Low-end,High-End,2.5,512
Asus,349965.0,Intel,No,16,4,2.6,LED,NVIDIA,1024 GB SSD,0,Large,Mid-end,Other,2.5,1024
Asus,108465.0,AMD,Yes,4,4,1.8,LED,AMD,No SSD,1024,Large,Entry-level,Other,2.0,0
Hp,199468.5,Intel,No,8,4,2.4,LED,NVIDIA,No SSD,1024,Large,Mid-end,Other,2.5,0
Asus,258965.0,Intel,No,8,4,2.7,LED,NVIDIA,512 GB SSD,0,Large,Mid-end,Other,2.5,512
Asus,144165.0,Intel,Yes,8,4,1.6,LED,NVIDIA,No SSD,1024,Large,Low-end,Other,1.5,0
Dell,156992.5,AMD,Yes,8,4,2.0,LED,AMD,512 GB SSD,0,Small,Low-end,Mid-End,2.0,512
Lenovo,97965.0,AMD,No,4,4,2.6,LED,AMD,256 GB SSD,0,Small,Entry-level,Other,2.5,256
Asus,241465.0,Intel,No,16,4,4.2,LED,Intel,256 GB SSD,1024,Large,Entry-level,Other,4.0,256
Dell,73465.0,Intel,Yes,4,4,1.8,LED,Intel,No SSD,1024,Large,Entry-level,Low-End,2.0,0
Asus,202965.0,AMD,No,8,4,4.0,LED,AMD,512 GB SSD,0,Small,Low-end,Mid-End,4.0,512
Lenovo,181615.0,Intel,No,4,4,2.5,LED,Intel,No SSD,1024,Large,Entry-level,Other,2.5,0
Apple,524965.0,Intel,Yes,8,3,2.3,LED,Intel,512 GB SSD,0,Small,Low-end,Other,2.5,512
Lenovo,126665.0,Intel,No,4,4,2.1,LED,Intel,No SSD,1024,Small,Entry-level,Other,2.0,0
Dell,69965.0,Intel,No,4,3,1.6,LED,Intel,No SSD,500,Large,Entry-level,Low-End,1.5,0
Asus,384965.0,Intel,Yes,16,4,2.6,LED,NVIDIA,1024 GB SSD,0,Large,Mid-end,Other,2.5,1024
Acer,209961.5,Intel,Yes,16,4,2.4,LED,Intel,512 GB SSD,0,Small,Low-end,Other,2.5,512
Hp,897410.5,Intel,No,16,4,2.6,LED,NVIDIA,256 GB SSD,1024,Large,High-end,Other,2.5,256
Hp,174300.0,Intel,No,8,4,1.2,LED,Intel,256 GB SSD,1024,Small,Entry-level,Other,1.0,256
Asus,158410.0,Intel,No,8,4,2.7385892116182573,LED,NVIDIA,256 GB SSD,1024,Large,Low-end,Other,2.5,256
Lenovo,155750.0,AMD,No,4,4,2.1,LED,AMD,No SSD,1024,Large,Low-end,Mid-End,2.0,0
Dell,166215.0,Intel,No,4,4,4.2,LED,Intel,256 GB SSD,0,Small,Entry-level,Other,4.0,256
Dell,339465.0,Intel,Yes,16,4,1.8,LED,Intel,512 GB SSD,0,Small,Entry-level,Other,2.0,512
Msi,227048.5,Intel,Yes,16,4,4.7,LCD,NVIDIA,512 GB SSD,0,Large,Mid-end,Other,4.5,512
Hp,215215.0,AMD,No,8,4,2.0,LED,AMD,128 GB SSD,1024,Large,Low-end,Mid-End,2.0,128
Acer,67620.0,AMD,Yes,4,4,1.5,LED,AMD,No SSD,1024,Large,Entry-level,Other,1.5,0
Acer,135604.0,Intel,No,4,4,2.7385892116182573,LED,Intel,256 GB SSD,0,Large,Entry-level,Other,2.5,256
Lenovo,118965.0,Intel,Yes,4,4,1.2,LED,Intel,256 GB SSD,0,Small,Entry-level,Other,1.0,256
Acer,115465.0,Intel,No,8,4,2.7385892116182573,LCD,Intel,512 GB SSD,0,Large,Entry-level,Other,2.5,512
Dell,178465.0,Intel,Yes,8,4,2.4,LED,NVIDIA,256 GB SSD,1024,Large,Low-end,Other,2.5,256
Asus,197715.0,Intel,No,8,4,1.3,LCD,Intel,512 GB SSD,0,Small,Entry-level,Other,1.5,512
Hp,73465.0,AMD,No,4,3,1.8,LED,AMD,No SSD,500,Large,Entry-level,Low-End,2.0,0
Asus,317065.0,AMD,No,8,4,3.0,LED,NVIDIA,512 GB SSD,0,Small,Mid-end,High-End,3.0,512
Hp,118296.5,AMD,No,4,4,2.4,LED,AMD,No SSD,1024,Large,Mid-end,Other,2.5,0
Asus,122465.0,Intel,Yes,4,3,2.3,LED,NVIDIA,No SSD,1024,Large,Low-end,Other,2.5,0
Hp,116984.0,Intel,Yes,4,3,1.6,LED,Intel,No SSD,500,Small,Entry-level,Low-End,1.5,0
Lenovo,68876.5,AMD,No,4,4,2.3,LED,AMD,No SSD,1024,Large,Entry-level,Other,2.5,0
Msi,188965.0,Intel,Yes,4,4,2.7,LED,NVIDIA,No SSD,1024,Large,Entry-level,Other,2.5,0
Asus,132965.0,Intel,No,8,4,3.3,LCD,Intel,512 GB SSD,0,Small,Entry-level,Other,3.5,512
Other,349965.0,Intel,No,8,3,2.4,LCD,Intel,256 GB SSD,0,Small,Entry-level,Other,2.5,256
Asus,79824.5,Intel,No,4,4,2.2,LED,Intel,No SSD,1024,Small,Entry-level,Other,2.0,0
Asus,150465.0,Intel,Yes,4,3,2.3,LED,NVIDIA,No SSD,1024,Large,Entry-level,Other,2.5,0
Lenovo,185115.0,AMD,Yes,8,4,2.6,LED,AMD,128 GB SSD,1024,Small,Low-end,Low-End,2.5,128
Asus,295750.0,Intel,No,16,4,2.3,LED,NVIDIA,512 GB SSD,0,Large,Mid-end,Other,2.5,512
Hp,78715.0,AMD,No,4,3,2.0,LED,AMD,No SSD,500,Large,Entry-level,Other,2.0,0
Asus,131215.0,AMD,Yes,8,4,2.1,LED,AMD,256 GB SSD,1024,Large,Low-end,Mid-End,2.0,256
Asus,206465.0,Intel,No,8,4,1.0,LED,Intel,1024 GB SSD,0,Small,Entry-level,Other,1.0,1024
Other,270896.5,Intel,No,4,3,2.2,LED,Intel,128 GB SSD,0,Small,Entry-level,Low-End,2.0,128
Asus,114236.5,Intel,Yes,4,4,2.0,LED,NVIDIA,No SSD,1024,Large,Entry-level,Other,2.0,0
Asus,101500.0,Intel,No,4,3,2.0,LED,Intel,No SSD,1024,Large,Entry-level,Other,2.0,0
Asus,202965.0,AMD,Yes,8,4,2.1,LED,AMD,256 GB SSD,1024,Large,Entry-level,Mid-End,2.0,256
Asus,164465.0,Intel,No,8,4,1.0,LED,Intel,256 GB SSD,0,Large,Entry-level,Other,1.0,256
Asus,325465.0,Intel,Yes,16,4,2.6,LED,NVIDIA,1024 GB SSD,0,Large,Mid-end,Other,2.5,1024
Other,409496.5,Intel,No,8,3,2.2,LCD,Intel,256 GB SSD,0,Small,Entry-level,Other,2.0,256
Asus,154959.0,AMD,Yes,8,4,2.0,LED,AMD,512 GB SSD,0,Large,Low-end,Mid-End,2.0,512
Asus,251965.0,Intel,No,8,4,2.7,LED,NVIDIA,512 GB SSD,0,Large,Mid-end,Other,2.5,512
Asus,304465.0,Intel,No,16,5,2.0,LED,NVIDIA,512 GB SSD,0,Large,Mid-end,Other,2.0,512
Hp,148400.0,Intel,Yes,4,4,2.3,LED,AMD,No SSD,1024,Large,Mid-end,Other,2.5,0
Asus,147000.0,Intel,No,4,3,2.1,LED,NVIDIA,No SSD,1024,Large,Entry-level,Other,2.0,0
Apple,720650.0,Intel,No,16,3,2.6,LED,AMD,256 GB SSD,0,Small,Entry-level,Other,2.5,256
Hp,137865.0,Intel,Yes,4,3,1.7,LED,AMD,No SSD,500,Large,Mid-end,Other,1.5,0
Msi,134365.0,Intel,No,8,4,2.7385892116182573,LED,Intel,512 GB SSD,0,Small,Entry-level,Other,2.5,512
Asus,118965.0,Intel,Yes,4,4,2.1,LED,Intel,256 GB SSD,0,Large,Entry-level,Other,2.0,256
Hp,146300.0,Intel,Yes,4,3,2.2,LED,NVIDIA,No SSD,1024,Large,Entry-level,Other,2.0,0
Asus,332465.0,Intel,Yes,8,4,2.6,LED,NVIDIA,1024 GB SSD,0,Large,Mid-end,Other,2.5,1024
Dell,169050.0,Intel,Yes,4,3,1.7,LED,AMD,No SSD,1024,Small,Mid-end,Other,1.5,0
Hp,68246.5,AMD,Yes,4,3,1.4,LED,AMD,No SSD,500,Large,Entry-level,Low-End,1.5,0
Lenovo,110215.0,Intel,Yes,4,4,1.2,LCD,Intel,256 GB SSD,0,Large,Entry-level,Other,1.0,256
Hp,353727.5,Intel,No,8,4,1.0,LED,Intel,512 GB SSD,0,Large,Entry-level,Other,1.0,512
Hp,174965.0,Intel,No,8,4,1.6,LED,Intel,256 GB SSD,0,Small,Entry-level,Other,1.5,256
Hp,165865.0,Intel,Yes,8,3,2.1,LED,NVIDIA,No SSD,1024,Large,Entry-level,Other,2.0,0
Acer,129496.5,Intel,No,4,4,2.0,LED,Intel,128 GB SSD,0,Small,Entry-level,Other,2.0,128
Asus,517965.0,AMD,No,16,3,3.3,LED,NVIDIA,1024 GB SSD,0,Large,Mid-end,High-End,3.5,1024
Hp,160965.0,Intel,No,4,3,1.6,LED,AMD,No SSD,1024,Large,Mid-end,Other,1.5,0
Msi,489965.0,Intel,Yes,16,4,2.8,LED,NVIDIA,256 GB SSD,1024,Large,Mid-end,Other,3.0,256
Hp,155543.5,Intel,No,4,4,2.1,LED,Intel,256 GB SSD,0,Small,Entry-level,Other,2.0,256
Hp,129465.0,Intel,Yes,4,3,1.8,LED,Intel,No SSD,500,Large,Entry-level,Other,2.0,0
Hp,104965.0,Intel,No,4,4,2.0,LED,Intel,No SSD,1024,Small,Entry-level,Other,2.0,0
Hp,185465.0,Intel,Yes,8,3,2.2,LED,NVIDIA,No SSD,1024,Large,Entry-level,Other,2.0,0
Hp,137515.0,Intel,Yes,4,3,2.4,LED,Intel,No SSD,500,Large,Entry-level,Other,2.5,0
Hp,244965.0,Intel,No,8,4,2.7,LED,NVIDIA,No SSD,1024,Large,Entry-level,Other,2.5,0
Hp,174965.0,Intel,Yes,4,3,2.2,LED,NVIDIA,No SSD,1024,Large,Entry-level,Other,2.0,0
Acer,234115.0,AMD,No,8,4,2.3,LED,NVIDIA,256 GB SSD,1024,Large,Mid-end,High-End,2.5,256
Hp,270039.0,Intel,No,4,4,2.2,LED,Intel,128 GB SSD,0,Large,Entry-level,Other,2.0,128
Asus,475615.0,AMD,No,16,4,4.7,LCD,NVIDIA,1024 GB SSD,0,Large,Mid-end,High-End,4.5,1024
Asus,158459.0,Intel,Yes,4,4,2.3,LED,NVIDIA,No SSD,1024,Large,Low-end,Other,2.5,0
Dell,263182.5,Intel,No,8,4,2.7,LED,Intel,No SSD,1024,Small,Entry-level,Other,2.5,0
Hp,188338.5,Intel,Yes,8,3,2.0,LED,NVIDIA,No SSD,1024,Large,Entry-level,Other,2.0,0
Hp,181244.0,Intel,No,4,3,1.6,LED,NVIDIA,No SSD,1024,Small,Low-end,Other,1.5,0
Hp,271215.0,Intel,Yes,8,3,2.4,LED,NVIDIA,No SSD,1024,Large,Low-end,Other,2.5,0
Lenovo,209268.5,Intel,No,8,4,1.6,LED,Intel,512 GB SSD,0,Small,Entry-level,Other,1.5,512
Hp,139615.0,Intel,Yes,4,3,2.2,LED,Intel,No SSD,1024,Large,Entry-level,Other,2.0,0
Asus,577465.0,AMD,No,16,4,2.8,LED,NVIDIA,1024 GB SSD,0,Small,Mid-end,High-End,3.0,1024
Hp,1747805.5,Intel,No,16,4,2.6,LED,NVIDIA,512 GB SSD,0,Large,High-end,Other,2.5,512
Msi,325465.0,Intel,Yes,8,4,2.8,LED,NVIDIA,128 GB SSD,1024,Large,Mid-end,Other,3.0,128
Msi,216965.0,Intel,No,8,4,4.7,LED,NVIDIA,512 GB SSD,0,Small,Low-end,Other,4.5,512
Dell,156212.0,Intel,Yes,8,4,2.6,LED,Intel,512 GB SSD,0,Small,Low-end,Other,2.5,512
Hp,127365.0,Intel,Yes,4,3,1.7,LED,Intel,No SSD,500,Large,Entry-level,Other,1.5,0
Asus,206465.0,Intel,No,8,4,1.0,LED,Intel,512 GB SSD,0,Small,Entry-level,Other,1.0,512
Other,780496.5,Intel,No,16,3,1.9,LED,NVIDIA,512 GB SSD,0,Small,Mid-end,Other,2.0,512
Asus,419650.0,AMD,No,16,4,3.0,LED,NVIDIA,1024 GB SSD,0,Large,Mid-end,High-End,3.0,1024
Lenovo,209965.0,Intel,No,8,4,1.6,LED,Intel,128 GB SSD,1024,Small,Entry-level,Other,1.5,128
Asus,297465.0,Intel,Yes,16,4,3.1,LED,NVIDIA,512 GB SSD,0,Large,Mid-end,Other,3.0,512
Asus,141400.0,Intel,Yes,4,3,1.6,LED,NVIDIA,No SSD,500,Large,Low-end,Other,1.5,0
Asus,804965.0,AMD,Yes,32,4,3.0,LED,NVIDIA,1024 GB SSD,0,Large,High-end,High-End,3.0,1024
Hp,507465.0,Intel,No,16,4,2.8,LED,NVIDIA,128 GB SSD,1024,Large,Mid-end,Other,3.0,128
Asus,472465.0,AMD,Yes,16,4,3.0,LED,AMD,256 GB SSD,1024,Large,Mid-end,High-End,3.0,256
Msi,370965.0,Intel,No,16,4,4.7,LCD,NVIDIA,1024 GB SSD,0,Large,Mid-end,Other,4.5,1024
Msi,542465.0,Intel,No,16,4,2.2,LED,NVIDIA,1024 GB SSD,0,Large,Mid-end,Other,2.0,1024
Asus,440965.0,AMD,Yes,16,5,4.7,LCD,NVIDIA,1024 GB SSD,0,Large,Mid-end,High-End,4.5,1024
Asus,699965.0,AMD,Yes,16,4,3.3,LED,NVIDIA,1024 GB SSD,0,Large,High-end,High-End,3.5,1024
Asus,412485.5,AMD,No,16,4,3.3,LED,NVIDIA,1024 GB SSD,0,Large,Mid-end,High-End,3.5,1024
Acer,122465.0,Intel,No,4,4,2.1,LED,Intel,No SSD,1024,Large,Entry-level,Other,2.0,0
Hp,230965.0,AMD,No,16,4,4.2,LED,AMD,512 GB SSD,0,Small,Entry-level,Mid-End,4.0,512
Lenovo,103915.0,Intel,No,4,4,2.3,LED,Intel,No SSD,1024,Large,Entry-level,Other,2.5,0
Asus,244615.0,AMD,No,8,4,1.8,LED,AMD,512 GB SSD,0,Small,Entry-level,High-End,2.0,512
Other,286923.0,Intel,No,32,5,3.4,LCD,Intel,1024 GB SSD,0,Large,Low-end,Other,3.5,1024
Dell,200865.0,Intel,No,4,4,2.1,LED,Intel,512 GB SSD,0,Small,Entry-level,Other,2.0,512
Asus,248465.0,Intel,No,8,3,1.6,LED,Intel,512 GB SSD,0,Small,Entry-level,Other,1.5,512
Asus,124215.0,Intel,Yes,4,4,2.5,LED,NVIDIA,No SSD,1024,Large,Low-end,Other,2.5,0
Lenovo,109448.5,Intel,No,4,4,3.0,LED,Intel,No SSD,1024,Small,Entry-level,Other,3.0,0
Hp,418600.0,Intel,No,8,4,1.3,LED,Intel,512 GB SSD,0,Small,Low-end,Other,1.5,512
Hp,125965.0,AMD,No,4,4,2.1,LED,AMD,No SSD,1024,Large,Low-end,Mid-End,2.0,0
Acer,213465.0,Intel,No,8,4,2.7385892116182573,LED,Intel,512 GB SSD,0,Small,Low-end,Other,2.5,512
Asus,244195.0,Intel,No,8,4,2.4,LED,NVIDIA,512 GB SSD,0,Large,Mid-end,Other,2.5,512
Acer,152250.0,Intel,No,4,4,1.6,LED,Intel,256 GB SSD,0,Small,Entry-level,Other,1.5,256
Acer,341932.5,Intel,No,16,4,2.7385892116182573,LED,NVIDIA,1024 GB SSD,0,Large,Mid-end,Other,2.5,1024
Hp,85400.0,AMD,No,4,4,2.5,LED,AMD,No SSD,1024,Small,Low-end,Low-End,2.5,0
Lenovo,99715.0,Intel,No,4,4,2.3,LED,Intel,No SSD,1024,Large,Entry-level,Other,2.5,0
Lenovo,76965.0,AMD,No,4,4,3.1,LED,AMD,No SSD,1024,Large,Entry-level,Other,3.0,0
Dell,183400.0,Intel,Yes,16,4,2.4,LCD,Intel,512 GB SSD,0,Large,Entry-level,Other,2.5,512
Asus,283465.0,AMD,No,8,4,3.0,LED,NVIDIA,512 GB SSD,0,Small,Mid-end,Mid-End,3.0,512
Hp,194215.0,Intel,No,8,4,1.6,LED,NVIDIA,No SSD,1024,Large,Low-end,Other,1.5,0
Hp,398965.0,AMD,Yes,16,5,4.8,LCD,NVIDIA,1024 GB SSD,0,Large,Mid-end,High-End,5.0,1024
Hp,121842.0,Intel,No,4,4,1.1,LED,Intel,No SSD,1024,Small,Entry-level,Low-End,1.0,0
Dell,225204.0,Intel,Yes,8,4,4.2,LED,Intel,512 GB SSD,0,Small,Low-end,Other,4.0,512
Asus,181965.0,Intel,Yes,8,4,2.7,LED,NVIDIA,No SSD,1024,Large,Entry-level,Other,2.5,0
Asus,66500.0,Intel,No,4,3,1.6,LED,Intel,No SSD,500,Large,Entry-level,Low-End,1.5,0
Acer,178465.0,Intel,No,4,3,2.3,LED,Intel,128 GB SSD,0,Small,Entry-level,Other,2.5,128
Acer,220479.0,Intel,No,8,4,4.2,LED,Intel,512 GB SSD,0,Small,Low-end,Other,4.0,512
Asus,134715.0,Intel,Yes,8,4,1.0,LCD,Intel,No SSD,1024,Small,Entry-level,Other,1.0,0
Lenovo,73465.0,AMD,No,4,4,2.4,LED,AMD,No SSD,1024,Large,Entry-level,Other,2.5,0
Asus,97965.0,Intel,Yes,4,4,2.0,LED,Intel,No SSD,1024,Large,Entry-level,Other,2.0,0
Lenovo,297465.0,Intel,No,16,4,2.8,LED,Intel,512 GB SSD,0,Small,Low-end,Other,3.0,512
Lenovo,188965.0,Intel,No,8,4,1.8,LED,NVIDIA,No SSD,1024,Large,Mid-end,Other,2.0,0
Asus,286965.0,Intel,Yes,8,4,1.8,LED,Intel,256 GB SSD,0,Small,Entry-level,Other,2.0,256
Hp,272982.5,Intel,No,8,3,1.6,LED,Intel,256 GB SSD,0,Small,Entry-level,Other,1.5,256
Asus,110215.0,Intel,Yes,8,4,2.3,LED,Intel,No SSD,1024,Large,Entry-level,Other,2.5,0
Asus,97611.5,Intel,No,4,4,1.1,LED,Intel,No SSD,1024,Large,Entry-level,Low-End,1.0,0
Lenovo,231000.0,Intel,Yes,8,4,2.1,LED,Intel,512 GB SSD,0,Small,Entry-level,Other,2.0,512
Dell,192465.0,Intel,No,8,4,2.4,LED,Intel,512 GB SSD,0,Small,Entry-level,Other,2.5,512
Asus,160965.0,AMD,No,8,4,2.1,LED,AMD,No SSD,1024,Large,Low-end,Mid-End,2.0,0
Hp,140602.0,Intel,No,8,4,2.4,LED,NVIDIA,No SSD,1024,Large,Low-end,Other,2.5,0
Acer,280413.0,Intel,Yes,8,4,2.8,LED,NVIDIA,128 GB SSD,1024,Large,Mid-end,Other,3.0,128
Acer,174965.0,Intel,Yes,8,4,1.6,LED,NVIDIA,No SSD,1024,Large,Low-end,Other,1.5,0
Hp,101465.0,Intel,No,4,4,2.0,LED,Intel,No SSD,1024,Large,Entry-level,Other,2.0,0
Lenovo,108465.0,Intel,No,4,4,1.2,LED,Intel,No SSD,1024,Small,Entry-level,Other,1.0,0
Acer,204715.0,Intel,Yes,16,4,4.2,LED,Intel,512 GB SSD,0,Small,Mid-end,Other,4.0,512
Acer,146965.0,Intel,No,4,3,2.3,LED,Intel,256 GB SSD,0,Small,Entry-level,Other,2.5,256
Asus,174965.0,Intel,Yes,8,4,2.3,LED,NVIDIA,256 GB SSD,1024,Large,Mid-end,Other,2.5,256
Asus,84507.5,Intel,No,4,4,1.1,LED,Intel,No SSD,1024,Large,Entry-level,Low-End,1.0,0
Lenovo,157465.0,Intel,No,4,4,3.0,LED,Intel,256 GB SSD,0,Large,Entry-level,Other,3.0,256
Acer,129465.0,Intel,Yes,4,4,2.3,LED,Intel,No SSD,500,Large,Entry-level,Other,2.5,0
Dell,231892.5,Intel,Yes,8,4,2.4,LED,NVIDIA,256 GB SSD,1024,Large,Low-end,Other,2.5,256
Lenovo,136850.0,Intel,No,8,4,1.2,LED,Intel,No SSD,1024,Large,Entry-level,Other,1.0,0
Lenovo,92704.5,AMD,No,4,4,2.6,LED,AMD,No SSD,1024,Large,Entry-level,Low-End,2.5,0
Msi,279965.0,Intel,No,8,4,1.6,LED,NVIDIA,512 GB SSD,0,Small,Low-end,Other,1.5,512
Asus,122465.0,Intel,Yes,4,4,2.4,LED,NVIDIA,No SSD,1024,Large,Low-end,Other,2.5,0
Asus,367496.5,Intel,No,16,4,2.7385892116182573,LED,Intel,1024 GB SSD,0,Small,Low-end,Other,2.5,1024
Asus,275842.0,Intel,No,8,4,4.0,LED,NVIDIA,512 GB SSD,0,Large,Low-end,Other,4.0,512
Lenovo,248465.0,Intel,No,16,4,2.4,LED,NVIDIA,512 GB SSD,0,Large,Low-end,Other,2.5,512
Hp,267365.0,Intel,No,8,4,2.5,LED,NVIDIA,No SSD,1024,Large,Mid-end,Other,2.5,0
Lenovo,87465.0,AMD,No,4,4,3.0,LED,AMD,No SSD,1024,Small,Entry-level,Other,3.0,0
Lenovo,203777.0,Intel,No,8,4,2.4,LED,Intel,512 GB SSD,0,Small,Entry-level,Other,2.5,512
Asus,187215.0,Intel,No,8,4,2.4,LED,Intel,512 GB SSD,0,Large,Low-end,Other,2.5,512
Other,227465.0,Intel,No,16,5,2.0,LCD,NVIDIA,512 GB SSD,0,Large,Mid-end,Other,2.0,512
Asus,248465.0,Intel,No,16,4,2.7385892116182573,LCD,Intel,512 GB SSD,0,Large,Low-end,Other,2.5,512
Msi,405965.0,Intel,No,16,4,4.7,LCD,NVIDIA,512 GB SSD,0,Large,Mid-end,Other,4.5,512
Lenovo,82250.0,Intel,Yes,4,4,2.3,LED,Intel,No SSD,1024,Small,Entry-level,Other,2.5,0
Lenovo,278071.5,Intel,No,16,4,2.7385892116182573,LED,Intel,1024 GB SSD,0,Large,Low-end,Other,2.5,1024
Hp,212243.5,AMD,No,4,4,2.6,LED,AMD,256 GB SSD,0,Large,Entry-level,Low-End,2.5,256
Dell,178465.0,Intel,Yes,8,4,1.6,LED,AMD,No SSD,1024,Large,Low-end,Other,1.5,0
Acer,62965.0,Intel,Yes,8,4,1.1,LCD,Intel,256 GB SSD,0,Small,Entry-level,Low-End,1.0,256
Asus,244650.0,Intel,No,16,5,1.7,LED,Intel,512 GB SSD,0,Small,Low-end,Other,1.5,512
Hp,202380.5,Intel,No,4,4,2.1,LED,Intel,256 GB SSD,1024,Small,Entry-level,Other,2.0,256
Asus,315000.0,Intel,Yes,16,5,2.4,LCD,NVIDIA,512 GB SSD,0,Large,Mid-end,Other,2.5,512
Hp,402465.0,Intel,No,16,4,2.6,LED,NVIDIA,1024 GB SSD,0,Large,Entry-level,Other,2.5,1024
Asus,157500.0,Intel,Yes,4,4,2.5,LED,NVIDIA,No SSD,1024,Large,Low-end,Other,2.5,0
Hp,128590.0,Intel,No,4,4,2.5,LED,AMD,No SSD,1024,Large,Low-end,Other,2.5,0
Asus,269465.0,AMD,No,16,4,4.2,LED,NVIDIA,1024 GB SSD,0,Large,Mid-end,High-End,4.0,1024
Asus,425215.0,Intel,Yes,16,4,2.6,LED,NVIDIA,256 GB SSD,1024,Large,Mid-end,Other,2.5,256
Dell,243229.0,Intel,Yes,8,4,1.6,LED,NVIDIA,128 GB SSD,1024,Large,Low-end,Other,1.5,128
Acer,218750.0,Intel,No,16,4,2.7385892116182573,LED,Intel,1024 GB SSD,0,Small,Low-end,Other,2.5,1024
Msi,472465.0,Intel,No,16,4,2.3,LCD,NVIDIA,1024 GB SSD,0,Large,High-end,Other,2.5,1024
Hp,241465.0,AMD,No,16,4,4.2,LED,AMD,512 GB SSD,0,Small,Entry-level,Mid-End,4.0,512
Acer,150496.5,Intel,No,8,4,4.2,LED,Intel,512 GB SSD,0,Large,Low-end,Other,4.0,512
Asus,454268.5,Intel,Yes,16,4,2.2,LED,NVIDIA,256 GB SSD,1024,Large,Mid-end,Other,2.0,256
Lenovo,283465.0,AMD,No,16,4,3.3,LCD,NVIDIA,512 GB SSD,0,Large,Mid-end,High-End,3.5,512
Lenovo,202093.5,Intel,No,8,4,1.6,LED,Intel,512 GB SSD,0,Small,Entry-level,Other,1.5,512
Hp,448665.0,Intel,No,16,4,2.6,LED,NVIDIA,1024 GB SSD,0,Large,Mid-end,Other,2.5,1024
Asus,272965.0,Intel,Yes,8,4,1.8,LED,Intel,256 GB SSD,1024,Small,Entry-level,Other,2.0,256
Hp,108465.0,Intel,No,4,4,2.3,LED,Intel,No SSD,1024,Large,Entry-level,Other,2.5,0
Hp,104965.0,Intel,No,4,4,4.0,LED,Intel,256 GB SSD,0,Large,Entry-level,Other,4.0,256
Dell,188965.0,Intel,Yes,8,4,1.6,LED,Intel,No SSD,1024,Large,Entry-level,Other,1.5,0
Asus,239750.0,Intel,No,8,4,4.2,LED,Intel,512 GB SSD,0,Small,Low-end,Other,4.0,512
Dell,314965.0,AMD,Yes,8,4,3.0,LED,AMD,512 GB SSD,0,Large,Mid-end,Mid-End,3.0,512
Lenovo,192465.0,AMD,No,8,4,2.1,LED,AMD,1024 GB SSD,0,Small,Low-end,Mid-End,2.0,1024
Acer,244965.0,AMD,Yes,4,4,2.4913978494623654,LED,AMD,256 GB SSD,0,Large,Entry-level,Other,2.5,256
Asus,248465.0,Intel,Yes,8,4,4.2,LCD,NVIDIA,512 GB SSD,0,Large,Mid-end,Other,4.0,512
Hp,242865.0,Intel,No,8,4,1.6,LED,Intel,256 GB SSD,0,Small,Entry-level,Other,1.5,256
Lenovo,217000.0,Intel,Yes,8,4,1.0,LED,Intel,256 GB SSD,1024,Large,Entry-level,Other,1.0,256
Other,202965.0,Intel,No,8,4,2.5,LCD,NVIDIA,512 GB SSD,0,Large,Mid-end,Other,2.5,512
Asus,111965.0,Intel,No,8,4,2.0,LED,Intel,No SSD,1024,Large,Entry-level,Other,2.0,0
Lenovo,76996.5,Intel,No,4,4,2.3,LED,Intel,No SSD,1024,Small,Entry-level,Other,2.5,0
Asus,332115.0,AMD,No,16,4,4.7,LCD,NVIDIA,1024 GB SSD,0,Small,Mid-end,High-End,4.5,1024
Msi,297465.0,Intel,Yes,16,4,2.8,LED,NVIDIA,No SSD,1024,Large,Mid-end,Other,3.0,0
Hp,575207.5,Intel,No,16,4,2.2,LED,NVIDIA,No SSD,1024,Large,Mid-end,Other,2.0,0
Msi,311465.0,Intel,No,16,4,4.7,LCD,NVIDIA,1024 GB SSD,0,Large,High-end,Other,4.5,1024
Msi,143465.0,AMD,Yes,16,4,4.2,LCD,AMD,512 GB SSD,0,Large,Entry-level,Mid-End,4.0,512
Hp,193049.5,Intel,No,8,4,2.7385892116182573,LED,NVIDIA,512 GB SSD,0,Large,Mid-end,Other,2.5,512
Asus,113715.0,Intel,No,8,4,2.0,LCD,Intel,512 GB SSD,0,Small,Entry-level,Other,2.0,512
Asus,283465.0,Intel,No,8,3,1.6,LED,NVIDIA,512 GB SSD,0,Small,Low-end,Other,1.5,512
Lenovo,237996.5,Intel,No,8,4,1.6,LED,Intel,512 GB SSD,0,Small,Entry-level,Other,1.5,512
Asus,230965.0,Intel,Yes,8,4,1.1,LED,NVIDIA,512 GB SSD,0,Large,Low-end,Other,1.0,512
Lenovo,90965.0,AMD,No,4,4,3.1,LED,AMD,No SSD,1024,Large,Low-end,Other,3.0,0
Lenovo,360465.0,Intel,No,16,4,2.8,LED,Intel,1024 GB SSD,0,Small,Low-end,Other,3.0,1024
Other,875000.0,Intel,No,16,3,1.9,LED,NVIDIA,1024 GB SSD,0,Small,Mid-end,Other,2.0,1024
Lenovo,129465.0,Intel,No,8,4,2.3,LED,AMD,No SSD,1024,Large,Low-end,Other,2.5,0
Lenovo,172165.0,Intel,No,8,4,3.3,LCD,Intel,512 GB SSD,0,Large,Entry-level,Other,3.5,512
Acer,122465.0,Intel,No,8,4,1.1,LCD,Intel,256 GB SSD,0,Small,Entry-level,Low-End,1.0,256
Acer,277403.0,Intel,Yes,8,4,1.6,LED,NVIDIA,No SSD,1024,Large,Mid-end,Other,1.5,0
Asus,195965.0,Intel,No,8,4,1.6,LED,NVIDIA,512 GB SSD,0,Large,Low-end,Other,1.5,512
Hp,230996.5,Intel,No,16,4,4.2,LED,NVIDIA,512 GB SSD,0,Large,Low-end,Other,4.0,512
Dell,83965.0,AMD,Yes,4,4,1.8,LED,AMD,No SSD,1024,Large,Entry-level,Low-End,2.0,0
Hp,125965.0,AMD,No,8,4,2.6,LCD,AMD,256 GB SSD,0,Large,Entry-level,Low-End,2.5,256
Acer,62965.0,Intel,Yes,4,4,2.0,LCD,Intel,256 GB SSD,0,Small,Entry-level,Low-End,2.0,256
Lenovo,195996.5,Intel,No,8,4,3.0,LED,Intel,256 GB SSD,0,Large,Entry-level,Other,3.0,256
Asus,297465.0,Intel,No,16,5,2.2,LED,Intel,512 GB SSD,0,Small,Low-end,Other,2.0,512
Dell,139965.0,Intel,Yes,4,4,1.2,LED,Intel,No SSD,1024,Large,Entry-level,Other,1.0,0
Other,80465.0,AMD,No,8,4,3.0,LED,AMD,256 GB SSD,0,Small,Entry-level,Other,3.0,256
Lenovo,90772.5,Intel,Yes,4,4,2.3,LED,NVIDIA,128 GB SSD,1024,Large,Low-end,Other,2.5,128
Asus,384996.5,AMD,No,16,4,4.2,LCD,NVIDIA,512 GB SSD,0,Small,Mid-end,High-End,4.0,512
Dell,207865.0,Intel,Yes,8,4,2.4,LCD,Intel,256 GB SSD,1024,Small,Low-end,Other,2.5,256
Hp,138750.5,Intel,No,4,4,1.2,LED,Intel,No SSD,1024,Large,Entry-level,Other,1.0,0
Asus,412965.0,Intel,Yes,8,4,2.8,LED,NVIDIA,No SSD,1024,Large,Mid-end,Other,3.0,0
Dell,122465.0,Intel,Yes,8,4,1.2,LED,Intel,No SSD,1024,Small,Entry-level,Other,1.0,0
Acer,79065.0,Intel,Yes,4,4,3.4,LCD,Intel,No SSD,1024,Large,Entry-level,Low-End,3.5,0
Hp,179956.0,Intel,No,4,4,2.3,LED,AMD,No SSD,1024,Large,Mid-end,Other,2.5,0
Msi,524650.0,Intel,Yes,16,4,2.2,LED,NVIDIA,256 GB SSD,1024,Large,High-end,Other,2.0,256
Lenovo,163765.0,Intel,Yes,8,4,2.4,LCD,Intel,512 GB SSD,0,Large,Low-end,Other,2.5,512
Lenovo,104965.0,AMD,No,4,4,2.6,LED,AMD,No SSD,1024,Large,Entry-level,Other,2.5,0
Lenovo,176214.5,Intel,Yes,4,4,2.5,LED,NVIDIA,No SSD,1024,Small,Low-end,Other,2.5,0
Asus,104566.0,Intel,Yes,4,4,2.0,LED,Intel,No SSD,1024,Large,Entry-level,Other,2.0,0
Lenovo,270872.0,Intel,No,8,4,1.6,LED,NVIDIA,512 GB SSD,0,Small,Low-end,Other,1.5,512
Hp,171500.0,AMD,No,4,4,2.6,LED,AMD,No SSD,1024,Large,Entry-level,Other,2.5,0
Asus,244965.0,Intel,No,8,3,1.6,LED,NVIDIA,512 GB SSD,0,Small,Low-end,Other,1.5,512
Dell,209650.0,Intel,Yes,8,4,1.0,LED,Intel,512 GB SSD,0,Large,Entry-level,Other,1.0,512
Asus,822465.0,Intel,No,32,4,2.3,LED,NVIDIA,1024 GB SSD,0,Large,High-end,Other,2.5,1024
Asus,209965.0,Intel,No,8,3,1.6,LED,NVIDIA,512 GB SSD,0,Small,Low-end,Other,1.5,512
Asus,163915.5,Intel,Yes,8,4,1.6,LED,Intel,512 GB SSD,0,Small,Entry-level,Other,1.5,512
Lenovo,164465.0,Intel,No,8,4,1.0,LED,NVIDIA,512 GB SSD,0,Small,Low-end,Other,1.0,512
Other,139965.0,Intel,No,8,4,1.2,LED,Intel,256 GB SSD,0,Large,Low-end,Other,1.0,256
Lenovo,95042.5,AMD,No,4,4,3.1,LED,AMD,No SSD,500,Large,Entry-level,Other,3.0,0
Asus,136465.0,Intel,No,8,4,2.0,LED,NVIDIA,No SSD,1024,Large,Low-end,Other,2.0,0
Lenovo,206465.0,Intel,No,8,4,1.6,LED,Intel,512 GB SSD,0,Small,Entry-level,Other,1.5,512
Hp,580996.5,Intel,No,16,4,2.6,LED,NVIDIA,512 GB SSD,1024,Large,Mid-end,Other,2.5,512
Asus,125965.0,Intel,Yes,4,4,2.0,LED,NVIDIA,No SSD,1024,Large,Low-end,Other,2.0,0
Dell,314965.0,Intel,Yes,8,4,2.8,LED,NVIDIA,128 GB SSD,1024,Large,Mid-end,Other,3.0,128
Hp,115496.5,AMD,No,4,4,2.1,LED,AMD,No SSD,1024,Small,Low-end,Other,2.0,0
Asus,612465.0,AMD,Yes,16,4,3.5710437710437706,LED,NVIDIA,1024 GB SSD,0,Large,High-end,High-End,3.5,1024
Hp,127365.0,Intel,Yes,4,3,1.7,LED,Intel,No SSD,500,Large,Entry-level,Other,1.5,0
Asus,448000.0,AMD,Yes,8,4,2.9,LED,NVIDIA,1024 GB SSD,0,Large,Mid-end,High-End,3.0,1024
Asus,412965.0,AMD,Yes,16,5,3.5710437710437706,LCD,NVIDIA,1024 GB SSD,0,Large,Mid-end,High-End,3.5,1024
Hp,137865.0,Intel,Yes,4,3,1.8,LED,AMD,No SSD,500,Large,Mid-end,Other,2.0,0
Asus,92750.0,Intel,No,8,4,1.1,LED,Intel,256 GB SSD,0,Small,Entry-level,Low-End,1.0,256
Lenovo,163065.0,Intel,No,4,3,2.3,LED,AMD,No SSD,1024,Large,Mid-end,Other,2.5,0
Asus,489965.0,Intel,No,16,4,2.3,LED,NVIDIA,1024 GB SSD,0,Large,Mid-end,Other,2.5,1024
Dell,142310.0,Intel,Yes,4,4,1.2,LED,Intel,No SSD,1024,Small,Entry-level,Other,1.0,0
Dell,148015.0,Intel,Yes,8,4,1.2,LED,Intel,No SSD,1024,Large,Entry-level,Other,1.0,0
Lenovo,167965.0,Intel,No,8,4,3.0,LED,Intel,256 GB SSD,0,Small,Entry-level,Other,3.0,256
Dell,146965.0,Intel,Yes,4,4,2.4,LED,Intel,No SSD,1024,Small,Entry-level,Other,2.5,0
Hp,248465.0,Intel,No,8,4,1.0,LED,Intel,512 GB SSD,0,Small,Entry-level,Other,1.0,512
Lenovo,419965.0,Intel,No,16,4,2.8,LED,Intel,1024 GB SSD,0,Small,Low-end,Other,3.0,1024
Hp,97965.0,Intel,No,4,4,2.0,LED,Intel,No SSD,1024,Large,Entry-level,Other,2.0,0
Hp,248465.0,AMD,No,8,4,2.3,LED,NVIDIA,256 GB SSD,1024,Large,Mid-end,High-End,2.5,256
Asus,279965.0,Intel,Yes,8,4,2.4,LED,NVIDIA,512 GB SSD,0,Large,Mid-end,Other,2.5,512
Asus,349650.0,AMD,No,16,4,2.3,LED,NVIDIA,1024 GB SSD,0,Large,Mid-end,High-End,2.5,1024
Hp,337715.0,Intel,No,16,4,2.7385892116182573,LED,Intel,512 GB SSD,0,Small,Low-end,Other,2.5,512
Dell,356212.5,Intel,No,8,3,1.6,LED,Intel,256 GB SSD,0,Small,Entry-level,Other,1.5,256
Lenovo,146965.0,AMD,No,8,4,2.1,LED,AMD,128 GB SSD,1024,Large,Entry-level,Mid-End,2.0,128
Asus,243029.5,Intel,Yes,8,4,1.8,LED,NVIDIA,256 GB SSD,1024,Large,Low-end,Other,2.0,256
Msi,699965.0,Intel,No,16,4,2.7385892116182573,LED,NVIDIA,1024 GB SSD,0,Large,High-end,Other,2.5,1024
Asus,228504.5,Intel,No,8,4,1.6,LED,NVIDIA,256 GB SSD,1024,Large,Low-end,Other,1.5,256
Asus,210000.0,Intel,No,8,4,4.0,LED,Intel,512 GB SSD,0,Large,Low-end,Other,4.0,512
Dell,265979.0,Intel,No,8,3,3.0,LED,Intel,256 GB SSD,0,Small,Entry-level,Other,3.0,256
Dell,311465.0,Intel,No,8,3,1.6,LED,Intel,256 GB SSD,0,Small,Entry-level,Other,1.5,256
Hp,279965.0,AMD,No,16,4,3.5710437710437706,LED,NVIDIA,512 GB SSD,0,Small,Low-end,High-End,3.5,512
Lenovo,290465.0,AMD,No,16,4,2.9,LED,NVIDIA,512 GB SSD,0,Large,Mid-end,High-End,3.0,512
Hp,325829.0,Intel,No,8,4,1.0,LED,Intel,256 GB SSD,0,Small,Entry-level,Other,1.0,256
Asus,158165.0,Intel,No,8,4,1.0,LED,Intel,No SSD,1024,Large,Entry-level,Other,1.0,0
Lenovo,170779.0,AMD,Yes,16,4,2.1,LED,AMD,512 GB SSD,0,Small,Entry-level,Mid-End,2.0,512
Asus,99680.0,AMD,Yes,4,4,2.6,LED,AMD,No SSD,1024,Large,Entry-level,Low-End,2.5,0
Hp,354900.0,Intel,No,16,4,2.7385892116182573,LED,Intel,512 GB SSD,0,Small,Low-end,Other,2.5,512
Asus,451465.0,Intel,Yes,16,4,2.6,LED,NVIDIA,1024 GB SSD,0,Large,Mid-end,Other,2.5,1024
Asus,286965.0,Intel,No,16,4,2.4,LED,Intel,512 GB SSD,0,Small,Low-end,Other,2.5,512
Hp,349965.0,Intel,No,8,4,2.6,LED,NVIDIA,1024 GB SSD,0,Large,Mid-end,Other,2.5,1024
Hp,1040819.5,Intel,No,16,4,2.3,LED,NVIDIA,1024 GB SSD,0,Large,High-end,Other,2.5,1024
Asus,275975.0,Intel,No,8,4,2.7385892116182573,LED,NVIDIA,512 GB SSD,0,Large,Low-end,Other,2.5,512
Dell,271953.5,Intel,Yes,8,4,1.6,LED,Intel,256 GB SSD,0,Small,Entry-level,Other,1.5,256
Dell,299565.0,AMD,Yes,16,4,1.8,LCD,AMD,512 GB SSD,0,Small,Entry-level,High-End,2.0,512
Lenovo,160965.0,Intel,No,8,4,2.3,LED,AMD,No SSD,1024,Large,Low-end,Other,2.5,0
Hp,154665.0,Intel,Yes,4,3,2.1,LED,NVIDIA,No SSD,1024,Large,Entry-level,Other,2.0,0
Asus,349965.0,Intel,No,8,3,1.6,LED,Intel,512 GB SSD,0,Small,Entry-level,Other,1.5,512
Lenovo,76979.0,Intel,No,4,4,1.1,LED,Intel,128 GB SSD,0,Small,Entry-level,Low-End,1.0,128
Dell,335965.0,Intel,No,8,4,2.4,LED,NVIDIA,512 GB SSD,0,Small,Low-end,Other,2.5,512
Msi,377965.0,Intel,Yes,8,4,2.6,LED,NVIDIA,128 GB SSD,1024,Large,Mid-end,Other,2.5,128
Asus,370548.5,Intel,No,16,4,4.8,LED,Intel,1024 GB SSD,0,Small,Low-end,Other,5.0,1024
Other,280014.0,Intel,No,16,4,2.5,LCD,NVIDIA,512 GB SSD,0,Large,Mid-end,Other,2.5,512
Lenovo,293965.0,Intel,No,8,4,1.6,LED,NVIDIA,512 GB SSD,0,Small,Low-end,Other,1.5,512
Hp,213465.0,Intel,No,8,4,1.6,LED,NVIDIA,No SSD,1024,Large,Low-end,Other,1.5,0
Dell,335965.0,AMD,No,16,4,3.5710437710437706,LCD,AMD,512 GB SSD,0,Small,Entry-level,High-End,3.5,512
Asus,87150.0,Intel,No,4,3,2.0,LED,Intel,No SSD,1024,Large,Entry-level,Other,2.0,0
Lenovo,454965.0,Intel,Yes,32,4,2.3,LCD,NVIDIA,1024 GB SSD,0,Large,High-end,Other,2.5,1024
Hp,211676.5,Intel,No,8,4,4.2,LCD,Intel,512 GB SSD,0,Small,Entry-level,Other,4.0,512
Lenovo,255465.0,Intel,No,16,4,2.4,LED,Intel,1024 GB SSD,0,Small,Low-end,Other,2.5,1024
Msi,468965.0,Intel,Yes,16,4,2.6,LED,NVIDIA,256 GB SSD,1024,Large,Mid-end,Other,2.5,256
Msi,199465.0,Intel,Yes,8,4,1.6,LED,Intel,512 GB SSD,0,Small,Entry-level,Other,1.5,512
Dell,129465.0,Intel,Yes,8,4,3.1,LCD,Intel,256 GB SSD,0,Large,Entry-level,Low-End,3.0,256
Lenovo,234465.0,Intel,No,8,4,1.6,LED,NVIDIA,No SSD,1024,Small,Low-end,Other,1.5,0
Asus,314965.0,Intel,No,16,4,1.3,LED,Intel,1024 GB SSD,0,Small,Low-end,Other,1.5,1024
Asus,426965.0,AMD,No,16,5,3.3,LCD,AMD,1024 GB SSD,0,Small,Entry-level,High-End,3.5,1024
Dell,243628.0,Intel,Yes,8,4,1.6,LED,Intel,No SSD,1024,Small,Entry-level,Other,1.5,0
Asus,181965.0,Intel,No,16,4,4.2,LED,Intel,256 GB SSD,1024,Large,Low-end,Other,4.0,256
Hp,146965.0,AMD,No,8,4,2.3,LED,AMD,No SSD,1024,Small,Low-end,Mid-End,2.5,0
Lenovo,101496.5,Intel,Yes,4,4,2.0,LED,Intel,No SSD,1024,Large,Entry-level,Other,2.0,0
Lenovo,349965.0,Intel,No,16,4,2.8,LED,NVIDIA,512 GB SSD,0,Large,Low-end,Other,3.0,512
Acer,202965.0,Intel,No,8,4,2.7385892116182573,LED,NVIDIA,128 GB SSD,1024,Large,Low-end,Other,2.5,128
Asus,258965.0,Intel,No,8,4,2.5,LED,NVIDIA,No SSD,1024,Large,Mid-end,Other,2.5,0
Asus,81161.5,Intel,No,4,4,1.1,LED,Intel,128 GB SSD,0,Small,Entry-level,Low-End,1.0,128
Acer,262465.0,Intel,Yes,8,4,2.6,LED,NVIDIA,256 GB SSD,1024,Large,Mid-end,Other,2.5,256
Lenovo,181965.0,Intel,No,8,4,2.7,LED,NVIDIA,No SSD,1024,Small,Low-end,Other,2.5,0
Acer,92704.5,Intel,No,4,4,1.0,LED,NVIDIA,No SSD,1024,Large,Low-end,Other,1.0,0
Asus,773500.0,Intel,No,32,4,2.4,LED,NVIDIA,1024 GB SSD,0,Small,Mid-end,Other,2.5,1024
Lenovo,314965.0,Intel,No,16,4,2.4,LED,Intel,1024 GB SSD,0,Small,Low-end,Other,2.5,1024
Lenovo,565229.0,Intel,Yes,16,4,2.6,LED,NVIDIA,1024 GB SSD,0,Large,High-end,Other,2.5,1024
Hp,141715.0,Intel,No,4,4,1.6,LED,Intel,No SSD,1024,Large,Entry-level,Other,1.5,0
Asus,339465.0,AMD,Yes,16,5,4.7,LCD,NVIDIA,1024 GB SSD,0,Large,Mid-end,High-End,4.5,1024
Dell,179196.5,Intel,No,16,4,4.2,LCD,Intel,512 GB SSD,0,Small,Entry-level,Other,4.0,512
Lenovo,134715.0,Intel,No,4,4,2.1,LED,Intel,No SSD,1024,Small,Entry-level,Other,2.0,0
Lenovo,209650.0,Intel,Yes,16,4,2.4,LCD,Intel,512 GB SSD,0,Large,Low-end,Other,2.5,512
Asus,97965.0,Intel,No,4,4,1.1,LED,Intel,256 GB SSD,0,Small,Entry-level,Low-End,1.0,256
Acer,594996.5,Intel,Yes,16,4,4.8,LED,NVIDIA,1024 GB SSD,0,Large,Mid-end,Other,5.0,1024
Asus,94465.0,AMD,No,4,4,2.3,LED,AMD,No SSD,1024,Large,Entry-level,Other,2.5,0
Lenovo,279965.0,Intel,No,8,4,2.4,LED,Intel,512 GB SSD,0,Small,Low-end,Other,2.5,512
Lenovo,104296.5,AMD,No,4,4,2.3,LED,AMD,No SSD,1024,Large,Entry-level,Other,2.5,0
Lenovo,192465.0,Intel,Yes,8,4,3.0,LED,Intel,No SSD,1024,Large,Entry-level,Other,3.0,0
Dell,262496.5,Intel,No,16,4,2.5,LED,NVIDIA,512 GB SSD,0,Small,Low-end,Other,2.5,512
Hp,139965.0,Intel,No,8,4,4.2,LCD,Intel,No SSD,1024,Large,Entry-level,Other,4.0,0
Lenovo,98000.0,Intel,No,4,4,2.1,LED,Intel,No SSD,1024,Small,Entry-level,Other,2.0,0
Dell,160965.0,Intel,No,8,4,2.1,LED,NVIDIA,No SSD,1024,Small,Low-end,Other,2.0,0
Asus,129465.0,Intel,No,8,4,2.1,LED,Intel,No SSD,1024,Large,Entry-level,Other,2.0,0
Lenovo,176116.5,AMD,No,8,4,2.9869688385269124,LCD,NVIDIA,512 GB SSD,0,Large,Mid-end,Mid-End,3.0,512
Asus,101465.0,AMD,No,4,4,2.3,LED,AMD,256 GB SSD,0,Small,Entry-level,Other,2.5,256
Hp,264215.0,Intel,No,8,4,4.0,LED,Intel,512 GB SSD,0,Small,Entry-level,Other,4.0,512
Asus,279965.0,Intel,No,8,3,1.6,LED,NVIDIA,512 GB SSD,0,Small,Low-end,Other,1.5,512
Asus,419965.0,Intel,Yes,16,4,2.2,LED,NVIDIA,256 GB SSD,1024,Large,Mid-end,Other,2.0,256
Lenovo,67518.5,AMD,No,4,4,2.3,LED,AMD,No SSD,1024,Large,Entry-level,Other,2.5,0
Asus,244965.0,Intel,Yes,8,3,1.6,LED,Intel,256 GB SSD,0,Small,Entry-level,Other,1.5,256
Dell,148575.0,Intel,No,8,4,2.7385892116182573,LED,Intel,No SSD,1024,Large,Entry-level,Other,2.5,0
Lenovo,150465.0,Intel,No,8,4,1.6,LED,NVIDIA,No SSD,1024,Large,Low-end,Other,1.5,0
Dell,157150.0,Intel,Yes,8,4,3.3,LCD,Intel,512 GB SSD,0,Large,Entry-level,Other,3.5,512
Hp,87496.5,AMD,Yes,4,4,2.613076923076923,LCD,AMD,No SSD,1024,Small,Entry-level,Low-End,2.5,0
Acer,122465.0,Intel,Yes,4,4,2.3,LED,Intel,No SSD,1024,Large,Entry-level,Other,2.5,0
Lenovo,346465.0,Intel,Yes,16,4,1.7,LCD,Intel,1024 GB SSD,0,Small,Low-end,Other,1.5,1024
Dell,146720.0,Intel,No,4,3,2.3,LED,Intel,No SSD,1024,Large,Entry-level,Other,2.5,0
Asus,295050.0,AMD,No,16,4,1.9,LED,AMD,1024 GB SSD,0,Small,Entry-level,High-End,2.0,1024
Lenovo,507465.0,Intel,Yes,32,5,3.4,LCD,NVIDIA,1024 GB SSD,0,Large,High-end,Other,3.5,1024
Asus,188965.0,Intel,No,8,4,2.4,LED,Intel,256 GB SSD,1024,Large,Entry-level,Other,2.5,256
Lenovo,178465.0,Intel,No,4,4,2.3,LED,Intel,256 GB SSD,1024,Large,Entry-level,Other,2.5,256
Asus,158550.0,AMD,No,4,4,2.1,LED,AMD,512 GB SSD,0,Small,Low-end,Mid-End,2.0,512
Acer,129465.0,Intel,Yes,8,4,1.7,LCD,Intel,512 GB SSD,0,Large,Entry-level,Other,1.5,512
Hp,419965.0,Intel,No,16,4,2.8,LED,NVIDIA,128 GB SSD,1024,Large,Mid-end,Other,3.0,128
Lenovo,99715.0,AMD,Yes,4,4,1.8,LED,AMD,No SSD,1024,Large,Entry-level,Low-End,2.0,0
Lenovo,306250.0,AMD,Yes,16,5,2.7,LED,Intel,1024 GB SSD,0,Small,Entry-level,High-End,2.5,1024
Asus,402465.0,Intel,No,16,4,2.6,LED,NVIDIA,1024 GB SSD,0,Small,Mid-end,Other,2.5,1024
Msi,524965.0,Intel,No,16,5,2.3,LCD,NVIDIA,1024 GB SSD,0,Large,High-end,Other,2.5,1024
Asus,265965.0,Intel,No,16,4,2.7385892116182573,LED,Intel,512 GB SSD,0,Small,Low-end,Other,2.5,512
Dell,286650.0,Intel,Yes,16,4,2.4,LCD,NVIDIA,512 GB SSD,0,Small,Low-end,Other,2.5,512
Lenovo,223979.0,Intel,No,16,4,2.4,LED,Intel,512 GB SSD,0,Small,Low-end,Other,2.5,512
Asus,244965.0,AMD,No,8,4,4.0,LED,AMD,512 GB SSD,0,Small,Low-end,Mid-End,4.0,512
Lenovo,314965.0,Intel,No,8,4,1.9,LED,Intel,512 GB SSD,0,Small,Entry-level,Other,2.0,512
Asus,524965.0,Intel,No,16,4,2.7385892116182573,LED,NVIDIA,1024 GB SSD,0,Large,High-end,Other,2.5,1024
Acer,174965.0,AMD,No,8,4,2.9869688385269124,LED,AMD,512 GB SSD,0,Large,Entry-level,Mid-End,3.0,512
Dell,1246581.0,Intel,Yes,32,4,2.4,LED,NVIDIA,1024 GB SSD,0,Large,High-end,Other,2.5,1024
Hp,75246.5,Intel,No,4,4,1.1,LED,Intel,No SSD,1024,Large,Entry-level,Low-End,1.0,0
Msi,276465.0,Intel,No,16,4,3.3,LCD,NVIDIA,512 GB SSD,0,Large,Mid-end,Other,3.5,512
Asus,307965.0,Intel,Yes,8,4,2.8,LED,NVIDIA,128 GB SSD,1024,Large,Mid-end,Other,3.0,128
Lenovo,490458.5,Intel,No,16,4,2.8,LED,Intel,512 GB SSD,0,Small,Low-end,Other,3.0,512
Hp,197736.0,Intel,No,8,4,3.4,LCD,Intel,512 GB SSD,0,Large,Entry-level,Other,3.5,512
Dell,531268.5,Intel,No,32,5,4.7,LCD,NVIDIA,1024 GB SSD,0,Small,Mid-end,Other,4.5,1024
Lenovo,82215.0,AMD,No,4,4,3.0,LED,AMD,No SSD,1024,Small,Entry-level,Other,3.0,0
Asus,104965.0,Intel,No,8,4,2.7385892116182573,LED,Intel,No SSD,1024,Large,Entry-level,Other,2.5,0
Asus,860965.0,Intel,Yes,32,5,2.5,LCD,NVIDIA,1024 GB SSD,0,Large,High-end,Other,2.5,1024
Dell,125965.0,AMD,Yes,8,4,2.6,LCD,AMD,No SSD,1024,Large,Entry-level,Low-End,2.5,0
Dell,198065.0,AMD,Yes,8,4,2.1,LCD,AMD,512 GB SSD,0,Large,Entry-level,Mid-End,2.0,512
Acer,97965.0,Intel,Yes,8,4,1.7,LCD,Intel,256 GB SSD,0,Large,Entry-level,Other,1.5,256
Dell,239498.0,Intel,Yes,8,4,1.0,LED,NVIDIA,256 GB SSD,1024,Large,Low-end,Other,1.0,256
Lenovo,279965.0,Intel,No,16,4,1.8,LED,AMD,128 GB SSD,1024,Small,Entry-level,Other,2.0,128
Asus,243250.0,Intel,No,8,3,1.6,LED,Intel,512 GB SSD,0,Small,Entry-level,Other,1.5,512
Acer,104930.0,Intel,No,8,5,3.4,LCD,Intel,256 GB SSD,0,Large,Entry-level,Other,3.5,256
Acer,180610.5,Intel,No,8,3,1.6,LED,Intel,256 GB SSD,0,Small,Entry-level,Other,1.5,256
Hp,139989.5,Intel,No,8,4,1.6,LED,Intel,No SSD,1024,Large,Entry-level,Other,1.5,0
Lenovo,441000.0,Intel,No,16,4,1.8,LED,AMD,512 GB SSD,0,Small,Entry-level,Other,2.0,512
Asus,174965.0,Intel,No,8,4,2.7385892116182573,LED,Intel,256 GB SSD,0,Small,Entry-level,Other,2.5,256
Asus,178465.0,Intel,Yes,8,4,2.7,LED,NVIDIA,No SSD,1024,Large,Entry-level,Other,2.5,0
Asus,174965.0,AMD,No,4,4,2.7,LED,AMD,256 GB SSD,0,Small,Low-end,Low-End,2.5,256
Msi,420822.5,Intel,Yes,16,4,2.2,LED,NVIDIA,512 GB SSD,0,Large,Mid-end,Other,2.0,512
Hp,108720.5,AMD,No,4,4,2.6,LED,AMD,No SSD,1024,Small,Entry-level,Low-End,2.5,0
Dell,157290.0,Intel,Yes,4,3,2.2,LED,NVIDIA,No SSD,500,Large,Entry-level,Other,2.0,0
Acer,244996.5,Intel,No,16,5,4.7,LED,Intel,512 GB SSD,0,Small,Low-end,Other,4.5,512
Asus,216965.0,Intel,No,4,3,1.0,LED,Intel,512 GB SSD,0,Small,Entry-level,Low-End,1.0,512
Hp,182658.0,Intel,No,4,4,2.4,LED,Intel,No SSD,1024,Small,Entry-level,Other,2.5,0
Acer,146965.0,Intel,No,8,4,2.4,LCD,NVIDIA,512 GB SSD,0,Large,Low-end,Other,2.5,512
Lenovo,143146.5,Intel,No,8,4,2.1,LED,Intel,No SSD,1024,Large,Entry-level,Other,2.0,0
Asus,402500.0,Intel,No,16,4,2.6,LED,NVIDIA,1024 GB SSD,0,Large,Mid-end,Other,2.5,1024
Hp,146965.0,AMD,No,8,4,2.6,LED,AMD,512 GB SSD,0,Small,Entry-level,Low-End,2.5,512
Asus,181618.5,Intel,No,8,4,1.7,LCD,Intel,512 GB SSD,0,Large,Low-end,Other,1.5,512
Msi,332465.0,Intel,No,16,5,4.8,LCD,Intel,1024 GB SSD,0,Small,Low-end,Other,5.0,1024
Asus,227465.0,AMD,Yes,16,5,3.1,LCD,NVIDIA,512 GB SSD,0,Large,Mid-end,High-End,3.0,512
Lenovo,699996.5,Intel,Yes,16,4,2.4,LED,NVIDIA,1024 GB SSD,0,Large,High-end,Other,2.5,1024
Asus,458465.0,AMD,No,16,5,4.8,LCD,AMD,1024 GB SSD,0,Small,High-end,High-End,5.0,1024
Asus,489965.0,Intel,Yes,16,4,2.8,LED,NVIDIA,128 GB SSD,1024,Large,Mid-end,Other,3.0,128
Asus,153965.0,Intel,No,8,4,1.6,LED,Intel,No SSD,1024,Large,Entry-level,Other,1.5,0
Asus,166215.0,Intel,Yes,8,4,1.6,LED,Intel,512 GB SSD,0,Small,Entry-level,Other,1.5,512
Asus,119000.0,Intel,No,4,4,2.4,LED,NVIDIA,No SSD,1024,Large,Entry-level,Other,2.5,0
Asus,402465.0,Intel,No,16,5,2.6,LED,NVIDIA,512 GB SSD,0,Large,Mid-end,Other,2.5,512
Dell,199465.0,Intel,Yes,8,4,3.0,LCD,Intel,256 GB SSD,1024,Large,Entry-level,Other,3.0,256
Asus,315000.0,AMD,Yes,8,4,2.9,LED,NVIDIA,512 GB SSD,1024,Large,Mid-end,High-End,3.0,512
Lenovo,260365.0,Intel,No,8,4,1.6,LED,Intel,512 GB SSD,0,Small,Entry-level,Other,1.5,512
Msi,510965.0,Intel,Yes,16,4,2.2,LED,NVIDIA,256 GB SSD,1024,Large,Mid-end,Other,2.0,256
Lenovo,287665.0,Intel,No,8,4,2.1,LED,NVIDIA,1024 GB SSD,0,Small,Low-end,Other,2.0,1024
Asus,332465.0,AMD,No,16,4,2.0,LED,AMD,512 GB SSD,0,Small,Low-end,High-End,2.0,512
Asus,97965.0,Intel,No,8,4,1.1,LCD,Intel,256 GB SSD,0,Small,Entry-level,Low-End,1.0,256
Asus,384965.0,AMD,No,32,5,3.3,LCD,NVIDIA,1024 GB SSD,0,Small,Mid-end,High-End,3.5,1024
Asus,353465.0,Intel,No,8,3,1.8,LED,NVIDIA,512 GB SSD,0,Small,Low-end,Other,2.0,512
Asus,139965.0,AMD,Yes,4,4,2.1,LED,AMD,256 GB SSD,0,Large,Low-end,Mid-End,2.0,256
Lenovo,367465.0,Intel,Yes,16,5,3.4,LCD,NVIDIA,1024 GB SSD,0,Small,Mid-end,Other,3.5,1024
Asus,276465.0,AMD,No,16,4,2.9,LED,NVIDIA,1024 GB SSD,0,Small,Mid-end,High-End,3.0,1024
Other,148715.0,Intel,No,4,3,1.0,LED,Intel,128 GB SSD,0,Small,Entry-level,Low-End,1.0,128
Asus,171500.0,Intel,Yes,4,3,2.3,LED,NVIDIA,No SSD,1024,Large,Entry-level,Other,2.5,0
Dell,251034.0,Intel,No,8,4,1.0,LED,NVIDIA,256 GB SSD,1024,Large,Low-end,Other,1.0,256
Asus,577465.0,Intel,Yes,16,4,2.2,LED,NVIDIA,256 GB SSD,1024,Large,Mid-end,Other,2.0,256
Dell,202615.0,Intel,Yes,8,4,3.3,LCD,NVIDIA,256 GB SSD,1024,Large,Low-end,Other,3.5,256
Asus,193165.0,Intel,Yes,8,4,1.8,LED,NVIDIA,No SSD,1024,Large,Low-end,Other,2.0,0
Msi,192465.0,AMD,Yes,16,4,4.2,LCD,AMD,1024 GB SSD,0,Large,Entry-level,High-End,4.0,1024
Asus,185465.0,Intel,No,8,4,2.5,LED,NVIDIA,No SSD,1024,Large,Low-end,Other,2.5,0
Lenovo,388115.0,Intel,Yes,8,4,2.4,LED,NVIDIA,256 GB SSD,1024,Large,Mid-end,Other,2.5,256
Other,136465.0,Intel,No,8,4,2.2,LED,Intel,128 GB SSD,0,Small,Entry-level,Other,2.0,128
Dell,227465.0,Intel,Yes,8,4,1.2,LCD,Intel,512 GB SSD,0,Large,Entry-level,Other,1.0,512
Asus,248465.0,Intel,No,16,5,1.7,LED,Intel,512 GB SSD,0,Small,Low-end,Other,1.5,512
Hp,523215.0,Intel,No,16,3,1.8,LED,Intel,512 GB SSD,0,Small,Entry-level,Other,2.0,512
Lenovo,192986.5,Intel,No,4,4,1.6,LED,Intel,No SSD,1024,Large,Entry-level,Other,1.5,0
Asus,511000.0,Intel,Yes,16,4,2.7385892116182573,LED,NVIDIA,1024 GB SSD,0,Large,High-end,Other,2.5,1024
Asus,112857.5,Intel,No,4,3,2.0,LED,Intel,No SSD,1024,Large,Entry-level,Other,2.0,0
Acer,167965.0,AMD,No,16,4,4.2,LCD,AMD,512 GB SSD,0,Small,Entry-level,Mid-End,4.0,512
Lenovo,104965.0,Intel,No,4,4,2.0,LED,Intel,No SSD,1024,Large,Entry-level,Other,2.0,0
Dell,454965.0,Intel,No,16,3,1.8,LED,Intel,512 GB SSD,0,Small,Entry-level,Other,2.0,512
Asus,164465.0,Intel,No,8,4,1.0,LED,Intel,No SSD,1024,Small,Entry-level,Other,1.0,0
Asus,237965.0,Intel,No,8,4,1.6,LED,NVIDIA,512 GB SSD,0,Small,Low-end,Other,1.5,512
Lenovo,413682.5,Intel,No,16,4,1.6,LED,Intel,512 GB SSD,0,Small,Entry-level,Other,1.5,512
Lenovo,102340.0,Intel,No,8,4,4.0,LCD,Intel,No SSD,1024,Large,Entry-level,Other,4.0,0
Acer,594965.0,Intel,Yes,32,4,4.8,LCD,NVIDIA,1024 GB SSD,0,Large,High-end,Other,5.0,1024
Msi,682465.0,Intel,No,32,5,3.4,LCD,NVIDIA,1024 GB SSD,0,Large,High-end,Other,3.5,1024
Dell,540281.0,AMD,No,16,5,4.7,LCD,NVIDIA,512 GB SSD,0,Large,Mid-end,High-End,4.5,512
Asus,160996.5,Intel,No,8,4,2.4,LED,Intel,512 GB SSD,0,Large,Low-end,Other,2.5,512
Asus,136465.0,Intel,No,4,4,2.1,LED,Intel,512 GB SSD,0,Large,Entry-level,Other,2.0,512
Asus,328965.0,Intel,Yes,8,4,1.8,LED,NVIDIA,512 GB SSD,0,Small,Low-end,Other,2.0,512
Asus,514465.0,Intel,Yes,16,4,2.7385892116182573,LED,NVIDIA,1024 GB SSD,0,Large,High-end,Other,2.5,1024
Other,402496.5,Intel,No,8,3,2.6,LED,Intel,256 GB SSD,0,Small,Entry-level,Other,2.5,256
Asus,145946.5,AMD,No,4,4,2.1,LED,AMD,256 GB SSD,0,Large,Low-end,Mid-End,2.0,256
Asus,220465.0,Intel,No,16,4,2.4,LED,Intel,512 GB SSD,0,Small,Low-end,Other,2.5,512
Hp,702719.5,Intel,No,16,4,2.6,LED,NVIDIA,256 GB SSD,0,Large,High-end,Other,2.5,256
Lenovo,262465.0,Intel,No,8,4,1.8,LED,Intel,128 GB SSD,1024,Small,Entry-level,Other,2.0,128
Asus,629965.0,Intel,Yes,16,4,2.6,LED,NVIDIA,1024 GB SSD,0,Large,Mid-end,Other,2.5,1024
Dell,489965.0,Intel,Yes,16,4,2.6,LED,NVIDIA,512 GB SSD,0,Large,Mid-end,Other,2.5,512
Asus,96215.0,Intel,Yes,4,4,2.4,LED,Intel,No SSD,1024,Large,Entry-level,Other,2.5,0
Asus,1049965.0,Intel,Yes,32,4,2.6,LED,NVIDIA,1024 GB SSD,0,Large,High-end,Other,2.5,1024
Asus,171465.0,Intel,Yes,8,4,2.5,LCD,Intel,512 GB SSD,0,Large,Low-end,Other,2.5,512
Dell,215250.0,Intel,No,8,4,1.2,LED,NVIDIA,256 GB SSD,1024,Large,Low-end,Other,1.0,256
Asus,174965.0,Intel,No,8,4,1.0,LED,Intel,512 GB SSD,0,Large,Entry-level,Other,1.0,512
Hp,332465.0,Intel,No,8,4,2.2,LED,NVIDIA,128 GB SSD,1024,Large,Mid-end,Other,2.0,128
Dell,252000.0,Intel,No,8,4,1.6,LED,NVIDIA,128 GB SSD,1024,Large,Low-end,Other,1.5,128
Lenovo,273000.0,Intel,No,8,4,1.6,LED,Intel,512 GB SSD,0,Small,Entry-level,Other,1.5,512
Asus,633465.0,Intel,No,16,4,2.3,LED,NVIDIA,1024 GB SSD,0,Large,High-end,Other,2.5,1024
Asus,244965.0,Intel,Yes,8,4,1.6,LED,NVIDIA,256 GB SSD,1024,Large,Low-end,Other,1.5,256
Hp,363965.0,AMD,Yes,16,5,3.1,LCD,NVIDIA,512 GB SSD,0,Large,Mid-end,High-End,3.0,512
Dell,125965.0,Intel,No,8,4,4.0,LCD,Intel,512 GB SSD,0,Large,Entry-level,Other,4.0,512
Asus,384965.0,Intel,No,16,4,2.6,LCD,NVIDIA,1024 GB SSD,0,Large,Mid-end,Other,2.5,1024
Msi,650965.0,Intel,Yes,16,4,2.8,LED,NVIDIA,256 GB SSD,1024,Large,High-end,Other,3.0,256
Asus,297465.0,Intel,Yes,8,4,1.6,LED,NVIDIA,512 GB SSD,0,Small,Low-end,Other,1.5,512
Asus,140108.5,Intel,No,8,4,4.0,LED,Intel,256 GB SSD,0,Large,Entry-level,Other,4.0,256
Asus,265965.0,AMD,No,16,4,3.1,LED,NVIDIA,1024 GB SSD,0,Large,Mid-end,High-End,3.0,1024
Asus,251681.5,AMD,Yes,8,4,2.1,LED,NVIDIA,512 GB SSD,0,Large,Mid-end,Mid-End,2.0,512
Lenovo,244965.0,Intel,No,8,4,2.5,LED,NVIDIA,512 GB SSD,0,Large,Mid-end,Other,2.5,512
