Brand,Price,Processor_Brand,RAM_Expandable,RAM_Capacity,RAM_TYPE(DDR),Display_type,GPU_Brand,HDD(GB),Processor_Category,Display_Tier,GPU_Tier,Processor_Speed(Ghz),SSD(GB)
Lenovo,127011.5,AMD,Yes,8,4,LCD,AMD,0,AMD Ryzen 5,Small,Entry-level,4.0,512
Dell,274750.0,Intel,Yes,16,5,LCD,NVIDIA,0,Intel I5,Small,Mid-end,3.5,512
HP,194215.0,Intel,Yes,8,4,LCD,Intel,0,Intel I5,Small,Low-end,4.0,512
Other,76965.0,Intel,No,8,LP4,LCD,Intel,0,Intel I3,Small,Entry-level,1.5,512
Acer,122465.0,Intel,Yes,16,4,LCD,Intel,0,Intel I5,Small,Low-end,2.5,512
HP,173596.5,AMD,Yes,8,4,LCD,AMD,0,AMD Ryzen 5,Small,Entry-level,4.0,512
Acer,139965.0,Intel,Yes,8,4,LCD,Intel,0,Intel I5,Small,Low-end,2.5,512
Lenovo,115888.5,Intel,Yes,4,4,LED,Intel,1024,Intel I3,Small,Entry-level,2.0,0
ASUS,171465.0,Intel,No,8,4,LCD,NVIDIA,0,Intel I5,Small,Mid-end,3.0,512
Lenovo,325465.0,AMD,Yes,16,5,LCD,NVIDIA,0,AMD Ryzen 7,Small,Mid-end,3.5,512
HP,110215.0,AMD,No,8,4,LCD,AMD,0,AMD Ryzen 3,Small,Entry-level,2.5,512
Acer,367465.0,Intel,Yes,16,5,LCD,NVIDIA,0,Intel I7,Large,Mid-end,3.0,1024
HP,157496.5,Intel,Yes,8,4,LCD,Intel,0,Intel I3,Small,Entry-level,1.5,512
Acer,395430.0,Intel,Yes,16,5,LCD,NVIDIA,0,Intel I7,Large,Mid-end,3.0,1024
Dell,184800.0,Intel,Yes,8,4,LCD,Intel,0,Intel I5,Small,Low-end,3.5,512
ASUS,129465.0,Intel,Yes,8,4,LCD,Intel,0,Intel I3,Small,Entry-level,3.0,512
Other,167996.5,Intel,Yes,16,4,LCD,Intel,0,Intel I5,Small,Low-end,4.5,512
Acer,272510.0,Intel,Yes,16,5,LCD,NVIDIA,0,Intel I5,Small,Mid-end,2.5,512
Lenovo,174650.0,Intel,Yes,8,4,LCD,NVIDIA,0,Intel I5,Small,Mid-end,3.0,512
HP,244996.5,Intel,Yes,16,4,LCD,Intel,0,Intel I5,Small,Low-end,4.0,1024
Acer,129465.0,Intel,Yes,8,4,LCD,Intel,0,Intel I5,Small,Low-end,3.5,512
Lenovo,118650.0,Intel,Yes,8,4,LCD,Intel,0,Intel I3,Small,Entry-level,4.0,512
HP,213465.0,AMD,No,16,4,LCD,AMD,0,AMD Ryzen 7,Small,Entry-level,4.0,512
Lenovo,143465.0,Intel,Yes,16,4,LCD,Intel,0,Intel I5,Small,Low-end,2.5,512
Other,110215.0,Intel,Yes,8,4,LED,Intel,0,Intel I3,Small,Entry-level,3.0,256
Lenovo,283465.0,Intel,Yes,16,LP5,LED,Intel,0,Intel Ultra 5,Small,Low-end,4.0,1024
Lenovo,178465.0,Intel,No,8,4,LCD,NVIDIA,0,Intel I5,Small,Mid-end,2.5,512
ASUS,202965.0,Intel,Yes,8,4,LCD,NVIDIA,0,Intel I5,Large,Mid-end,2.5,512
HP,89071.5,Intel,No,8,4,LCD,Intel,0,Intel Celeron,Small,Entry-level,3.0,256
HP,129465.0,AMD,No,8,LP5,LCD,AMD,0,AMD Ryzen 3,Small,Entry-level,2.5,512
Acer,171465.0,AMD,Yes,8,4,LCD,NVIDIA,0,AMD Ryzen 5,Small,Mid-end,2.0,512
ASUS,167965.0,Intel,No,16,4,LED,Intel,1024,Intel I5,Small,Low-end,2.5,256
Acer,101465.0,AMD,Yes,8,4,LCD,AMD,0,AMD Ryzen 3,Small,Entry-level,2.5,256
HP,94465.0,AMD,No,8,4,LCD,AMD,0,AMD Ryzen 3,Small,Entry-level,2.5,512
Dell,137375.0,Intel,Yes,8,4,LCD,Intel,0,Intel I3,Small,Entry-level,3.0,512
HP,97562.5,Intel,No,8,4,LED,Intel,0,Intel Celeron,Small,Entry-level,3.0,256
ASUS,87496.5,Intel,Yes,4,4,LCD,Intel,0,Intel Celeron,Small,Entry-level,3.0,128
MSI,199465.0,Intel,No,8,4,LCD,NVIDIA,0,Intel I5,Small,Mid-end,2.5,512
ASUS,179060.0,Intel,Yes,8,4,LED,NVIDIA,0,Intel I5,Small,Mid-end,2.5,512
Acer,123196.5,Intel,No,8,LP5,LCD,Intel,0,Intel I3,Small,Entry-level,3.5,512
Acer,115465.0,Intel,Yes,8,4,LCD,Intel,0,Intel I3,Small,Entry-level,1.5,512
Acer,83996.5,Intel,Yes,4,4,LED,Intel,0,Intel Pentium,Small,Entry-level,2.5,256
ASUS,227465.0,Intel,No,16,4,LCD,Intel,0,Intel I5,Small,Low-end,2.5,512
Lenovo,255465.0,AMD,Yes,16,4,LCD,NVIDIA,0,AMD Ryzen 7,Small,Mid-end,3.5,512
ASUS,594965.0,Intel,No,32,LP5,LED,Intel,0,Intel I9,Small,Low-end,2.5,1024
HP,174996.5,Intel,No,8,4,LED,Intel,0,Intel I3,Small,Entry-level,2.0,512
HP,192465.0,Intel,Yes,16,4,LED,Intel,0,Intel I5,Small,Low-end,4.0,512
ASUS,339465.0,AMD,Yes,16,5,LCD,NVIDIA,0,AMD Ryzen 7,Small,Mid-end,4.5,1024
ASUS,129496.5,Intel,No,8,4,LCD,Intel,0,Intel I3,Small,Entry-level,4.0,512
Dell,313250.0,AMD,No,16,5,LCD,NVIDIA,0,AMD Ryzen 5,Small,Mid-end,3.5,512
Samsung,255465.0,Intel,No,16,LP5,LED,Intel,0,Intel I5,Small,Low-end,4.0,512
Lenovo,122465.0,Intel,No,8,4,LED,Intel,0,Intel I3,Small,Entry-level,2.0,256
Acer,454965.0,Intel,Yes,16,4,LCD,NVIDIA,0,Intel I9,Small,Mid-end,5.0,1024
MSI,230996.5,Intel,No,8,4,LED,NVIDIA,1024,Intel I7,Small,Mid-end,2.5,256
Dell,269150.0,Intel,Yes,8,4,LED,Intel,0,Intel I5,Small,Low-end,2.5,512
ASUS,178465.0,Intel,Yes,8,4,LCD,NVIDIA,0,Intel I5,Small,Mid-end,2.5,512
ASUS,496965.0,AMD,Yes,16,5,LCD,NVIDIA,0,AMD Ryzen 7,Small,Mid-end,3.5,512
ASUS,209996.5,AMD,Yes,8,4,LCD,AMD,0,AMD Ryzen 3,Small,Entry-level,3.5,256
ASUS,115465.0,Intel,Yes,8,4,LED,Intel,0,Intel I3,Small,Entry-level,1.0,512
Other,174965.0,Intel,No,16,LP5,LCD,Intel,0,Intel I7,Small,Low-end,5.0,512
Lenovo,187372.5,Intel,No,8,4,LED,NVIDIA,0,Intel I5,Small,Mid-end,2.5,512
HP,132965.0,AMD,Yes,8,4,LCD,AMD,0,AMD Ryzen 3,Small,Entry-level,2.5,512
HP,101465.0,Intel,No,8,4,LCD,Intel,0,Intel Celeron,Small,Entry-level,3.0,256
ASUS,146965.0,AMD,No,8,4,LCD,AMD,0,AMD Ryzen 3,Small,Low-end,2.5,512
Acer,194250.0,Intel,Yes,16,4,LED,NVIDIA,0,Intel I5,Small,Mid-end,3.5,512
ASUS,209300.0,Intel,No,8,4,LED,Intel,0,Intel I3,Small,Entry-level,3.5,512
Dell,148396.5,Intel,No,8,4,LCD,Intel,1024,Intel I3,Small,Entry-level,2.0,256
Lenovo,199496.5,Intel,No,8,4,LED,Intel,0,Intel I3,Small,Entry-level,3.0,512
Acer,110215.0,Intel,No,8,LP5,LCD,Intel,0,Intel I3,Small,Entry-level,2.0,256
Acer,115465.0,AMD,Yes,8,LP5,LCD,AMD,0,AMD Ryzen 5,Small,Entry-level,3.0,512
ASUS,272965.0,AMD,Yes,16,4,LCD,NVIDIA,0,AMD Ryzen 7,Large,Mid-end,3.0,512
Dell,118965.0,Intel,Yes,8,4,LCD,Intel,0,Intel I3,Small,Entry-level,1.0,256
Dell,279965.0,AMD,No,16,5,LCD,NVIDIA,0,AMD Ryzen 7,Small,Mid-end,3.5,512
ASUS,321965.0,AMD,No,16,4,LED,AMD,0,AMD Ryzen 5,Small,Entry-level,4.0,512
Acer,108465.0,AMD,No,8,LP5,LCD,AMD,0,AMD Ryzen 3,Small,Entry-level,2.5,512
HP,225928.5,AMD,Yes,8,4,LCD,NVIDIA,0,AMD Ryzen 5,Small,Mid-end,4.0,512
Other,97965.0,Intel,No,8,LP4,LCD,Intel,0,Intel I3,Small,Entry-level,3.5,512
Acer,250180.0,Intel,No,8,LP4,LED,Intel,0,Intel I5,Small,Low-end,4.0,512
Apple,318150.0,Apple,Yes,8,4,LED,Apple,0,Apple M-series,Small,High-end,3.0,256
Other,150496.5,Intel,Yes,8,LP4,LCD,Intel,0,Intel I3,Small,Entry-level,3.0,256
Apple,237965.0,Intel,No,8,LP3,LED,Intel,0,Intel I5,Small,Entry-level,2.0,128
HP,217392.0,AMD,Yes,8,4,LED,NVIDIA,0,AMD Ryzen 5,Large,Mid-end,3.5,512
ASUS,202965.0,Intel,No,8,4,LED,NVIDIA,0,Intel I5,Large,Mid-end,2.0,512
ASUS,83314.0,Intel,Yes,4,4,LED,Intel,1024,Intel Celeron,Small,Entry-level,1.0,0
HP,199465.0,AMD,Yes,8,4,LED,NVIDIA,0,AMD Ryzen 5,Small,Mid-end,3.5,512
HP,118965.0,Intel,No,8,4,LCD,Intel,0,Intel I3,Small,Entry-level,4.0,256
ASUS,125965.0,Intel,Yes,8,4,LCD,Intel,0,Intel I3,Small,Entry-level,1.0,512
HP,129580.5,Intel,No,8,4,LCD,Intel,0,Intel I3,Small,Entry-level,4.0,512
Acer,173250.0,Intel,No,8,4,LED,NVIDIA,0,Intel I5,Small,Mid-end,2.5,512
ASUS,118965.0,Intel,No,8,4,LCD,Intel,0,Intel I3,Small,Entry-level,3.0,512
HP,129465.0,AMD,Yes,8,4,LED,AMD,1024,AMD Ryzen 3,Small,Low-end,2.5,256
ASUS,146996.5,Intel,Yes,8,4,LCD,Intel,0,Intel I5,Small,Low-end,2.5,512
ASUS,164465.0,Intel,No,16,4,LCD,Intel,0,Intel I5,Small,Low-end,2.5,512
ASUS,178465.0,Intel,Yes,8,4,LCD,NVIDIA,0,Intel I5,Small,Mid-end,2.5,512
Apple,325465.0,Apple,No,8,5,LCD,Apple,0,Apple M-series,Small,High-end,3.5,256
HP,127746.5,AMD,Yes,8,4,LCD,AMD,0,AMD Ryzen 5,Small,Entry-level,4.0,512
Acer,173215.0,AMD,Yes,8,4,LCD,NVIDIA,0,AMD Ryzen 5,Small,Mid-end,2.0,512
Acer,199465.0,AMD,Yes,16,4,LED,NVIDIA,0,AMD Ryzen 5,Small,Mid-end,3.0,512
Acer,173215.0,AMD,Yes,8,4,LED,NVIDIA,0,AMD Ryzen 5,Small,Mid-end,2.0,512
ASUS,157465.0,Intel,Yes,8,4,LCD,Intel,0,Intel I5,Small,Entry-level,1.0,512
Lenovo,118650.0,Intel,Yes,8,4,LCD,Intel,0,Intel I3,Small,Entry-level,3.0,512
HP,108465.0,AMD,Yes,8,4,LCD,AMD,0,AMD Ryzen 3,Small,Entry-level,2.5,512
HP,118923.0,AMD,Yes,8,4,LCD,AMD,0,AMD Ryzen 3,Small,Entry-level,4.0,512
Lenovo,127295.0,Intel,No,4,4,LED,Intel,1024,Intel I3,Small,Entry-level,2.5,0
Other,139965.0,Intel,Yes,8,4,LED,Intel,0,Intel I5,Small,Low-end,3.0,512
Lenovo,143465.0,Intel,Yes,8,4,LCD,Intel,0,Intel I3,Small,Entry-level,3.0,512
Lenovo,115244.5,Intel,No,8,4,LED,NVIDIA,1024,Intel I5,Small,Low-end,1.5,0
ASUS,168658.0,Intel,Yes,8,4,LED,Intel,0,Intel I5,Small,Entry-level,1.0,512
Other,180215.0,AMD,No,8,4,LED,AMD,0,AMD Ryzen 5,Small,Low-end,2.0,512
Acer,94496.5,Intel,Yes,8,4,LCD,Intel,0,Intel I3,Small,Entry-level,3.0,256
Other,104965.0,Intel,Yes,8,LP4,LCD,Intel,0,Intel I3,Small,Entry-level,1.0,256
Lenovo,178465.0,Intel,Yes,16,4,LCD,Intel,0,Intel I5,Small,Low-end,2.5,512
Acer,97965.0,Intel,Yes,8,4,LCD,Intel,0,Intel I3,Small,Entry-level,3.0,512
HP,141925.0,Intel,Yes,8,4,LED,Intel,1024,Intel Pentium,Small,Entry-level,3.0,0
Lenovo,143465.0,Intel,Yes,8,4,LCD,Intel,0,Intel I5,Small,Low-end,2.5,512
Lenovo,192465.0,Intel,Yes,8,4,LCD,Intel,0,Intel I5,Small,Entry-level,2.5,512
MSI,202996.5,Intel,No,8,4,LED,NVIDIA,0,Intel I5,Small,Mid-end,2.5,512
HP,160615.0,Intel,Yes,8,4,LED,Intel,0,Intel I3,Small,Entry-level,3.5,512
Lenovo,185500.0,Intel,No,8,4,LCD,NVIDIA,0,Intel I5,Small,Mid-end,2.5,512
ASUS,195965.0,Intel,No,8,4,LED,NVIDIA,0,Intel I5,Small,Mid-end,2.5,512
HP,145215.0,Intel,Yes,8,4,LCD,Intel,0,Intel I3,Small,Entry-level,4.0,512
Lenovo,185500.0,Intel,Yes,8,4,LCD,NVIDIA,0,Intel I5,Small,Mid-end,2.5,512
Lenovo,136465.0,AMD,Yes,16,4,LCD,AMD,0,AMD Ryzen 5,Small,Entry-level,2.0,512
Other,115465.0,Intel,No,8,LP4,LCD,Intel,0,Intel I3,Small,Entry-level,1.0,512
HP,132615.0,AMD,Yes,8,4,LED,AMD,0,AMD Ryzen 3,Small,Entry-level,2.5,256
HP,97965.0,AMD,Yes,8,4,LCD,AMD,0,AMD Ryzen 3,Small,Entry-level,2.5,256
Lenovo,121415.0,Intel,Yes,8,4,LED,Intel,0,Intel I3,Small,Entry-level,2.0,256
ASUS,216965.0,Intel,No,16,4,LED,Intel,0,Intel I5,Small,Low-end,4.0,512
Other,223916.0,Intel,No,16,4,LED,Intel,0,Intel I5,Small,Low-end,2.5,512
Dell,120746.5,Intel,Yes,8,4,LCD,Intel,1024,Intel I3,Small,Entry-level,4.0,256
HP,233086.0,AMD,No,16,4,LCD,AMD,0,AMD Ryzen 5,Small,Entry-level,2.5,512
HP,129846.5,Intel,No,8,4,LCD,Intel,0,Intel I3,Small,Entry-level,3.5,512
HP,146996.5,AMD,No,8,4,LED,AMD,0,AMD Ryzen 5,Small,Low-end,2.0,512
Other,148722.0,AMD,No,8,4,LED,AMD,0,AMD Ryzen 5,Small,Low-end,2.0,512
HP,190715.0,AMD,Yes,8,4,LCD,AMD,0,AMD Ryzen 5,Small,Entry-level,4.0,512
Lenovo,113750.0,Intel,Yes,8,4,LCD,Intel,0,Intel I3,Small,Entry-level,3.0,256
ASUS,108150.0,Intel,No,4,4,LED,Intel,0,Intel I3,Small,Entry-level,3.0,256
HP,213496.5,Intel,Yes,8,4,LCD,NVIDIA,0,Intel I5,Small,Mid-end,2.0,512
HP,138761.0,Intel,No,8,4,LED,Intel,0,Intel I3,Small,Entry-level,2.0,256
ASUS,132965.0,AMD,Yes,8,LP5,LED,AMD,0,AMD Ryzen 3,Small,Entry-level,4.0,512
Lenovo,143290.0,Intel,No,4,4,LED,Intel,1024,Intel I3,Small,Entry-level,2.0,0
ASUS,216646.5,AMD,Yes,16,4,LCD,AMD,0,AMD Ryzen 7,Small,Entry-level,4.0,512
Lenovo,164465.0,Intel,Yes,8,4,LCD,Intel,0,Intel I5,Small,Low-end,3.5,512
ASUS,237965.0,AMD,No,16,4,LED,NVIDIA,0,AMD Ryzen 7,Large,Mid-end,3.0,512
HP,176046.5,Intel,Yes,8,4,LED,Intel,0,Intel I5,Small,Low-end,2.5,512
Lenovo,202965.0,Intel,Yes,16,4,LCD,Intel,0,Intel I5,Small,Low-end,3.5,512
ASUS,195965.0,Intel,Yes,8,4,LED,NVIDIA,0,Intel I5,Small,Mid-end,4.5,512
Other,167996.5,Intel,No,8,LP4,LCD,Intel,0,Intel I5,Small,Entry-level,1.0,512
Lenovo,129115.0,Intel,No,8,4,LCD,Intel,0,Intel I3,Small,Entry-level,4.0,256
HP,182647.5,Intel,No,8,4,LED,Intel,0,Intel I3,Small,Entry-level,4.0,256
HP,77248.5,Intel,No,4,4,LED,Intel,1024,Intel Celeron,Small,Entry-level,1.0,0
Lenovo,139650.0,Intel,Yes,8,4,LCD,Intel,0,Intel I3,Small,Entry-level,1.5,512
HP,188996.5,AMD,Yes,8,4,LED,AMD,0,AMD Ryzen 5,Large,Mid-end,3.5,512
Dell,132965.0,Intel,No,8,4,LCD,Intel,0,Intel I3,Small,Entry-level,2.0,512
Acer,174965.0,Intel,No,16,4,LCD,NVIDIA,0,Intel I5,Small,Mid-end,3.5,512
HP,153996.5,AMD,No,8,4,LED,AMD,0,AMD Ryzen 3,Small,Entry-level,3.5,512
Lenovo,138068.0,Intel,Yes,8,4,LCD,Intel,0,Intel I3,Small,Entry-level,3.0,512
Acer,171465.0,Intel,No,8,4,LCD,NVIDIA,0,Intel I5,Small,Mid-end,3.5,512
HP,209300.0,Intel,Yes,8,4,LCD,Intel,0,Intel I5,Small,Low-end,4.0,512
Lenovo,122850.0,Intel,No,8,4,LED,Intel,0,Intel I3,Small,Entry-level,3.0,512
HP,196224.0,AMD,No,8,4,LED,NVIDIA,0,AMD Ryzen 5,Small,Mid-end,3.0,512
Dell,129465.0,Intel,Yes,8,4,LCD,Intel,0,Intel I3,Small,Entry-level,1.0,512
Acer,202965.0,Intel,No,16,4,LCD,NVIDIA,0,Intel I5,Small,Entry-level,3.5,512
Lenovo,205765.0,Intel,No,16,4,LED,Intel,0,Intel I5,Small,Low-end,2.5,512
Acer,188615.0,Intel,No,8,4,LCD,NVIDIA,0,Intel I5,Small,Mid-end,3.5,512
Lenovo,101465.0,AMD,Yes,8,LP5,LCD,AMD,0,AMD Athlon,Small,Low-end,2.5,512
HP,180215.0,Intel,No,8,4,LCD,Intel,0,Intel I5,Small,Low-end,4.0,512
HP,134750.0,Intel,No,8,4,LED,Intel,0,Intel I3,Small,Entry-level,2.0,512
HP,269496.5,Intel,Yes,16,4,LED,Intel,0,Intel I7,Small,Low-end,5.0,1024
Dell,111965.0,AMD,Yes,8,4,LCD,AMD,0,AMD Athlon,Small,Entry-level,2.5,256
MSI,216965.0,AMD,Yes,16,4,LCD,AMD,0,AMD Ryzen 7,Small,Mid-end,3.0,512
MSI,167191.5,Intel,Yes,8,4,LCD,NVIDIA,0,Intel I5,Small,Mid-end,2.5,512
Acer,220465.0,Intel,Yes,8,4,LCD,NVIDIA,0,Intel I5,Small,Mid-end,3.5,512
Acer,97212.5,Intel,Yes,4,4,LED,Intel,0,Intel I3,Small,Entry-level,1.0,512
Acer,106260.0,Intel,No,4,4,LED,Intel,1024,Intel I3,Small,Entry-level,2.0,0
Lenovo,122465.0,Intel,No,4,4,LED,Intel,0,Intel I3,Small,Entry-level,2.0,256
Lenovo,88200.0,Intel,No,4,4,LED,Intel,0,Intel Celeron,Small,Entry-level,3.0,256
HP,192496.5,Intel,Yes,8,4,LCD,Intel,0,Intel I5,Small,Low-end,4.0,512
Other,116865.0,Intel,No,8,LP4,LCD,Intel,0,Intel I5,Small,Entry-level,1.0,512
Lenovo,252000.0,AMD,No,16,4,LCD,NVIDIA,0,AMD Ryzen 5,Small,Mid-end,3.5,512
HP,176988.0,AMD,No,16,4,LCD,AMD,0,AMD Ryzen 5,Small,Entry-level,4.0,512
Dell,125996.5,Intel,Yes,8,4,LED,Intel,1024,Intel I3,Small,Entry-level,1.0,256
Dell,155225.0,Intel,No,8,4,LCD,Intel,1024,Intel I3,Small,Entry-level,1.0,256
Lenovo,89215.0,Intel,Yes,8,4,LCD,Intel,0,Intel Celeron,Small,Entry-level,3.0,256
Acer,360465.0,Intel,No,16,4,LCD,NVIDIA,0,Intel I7,Small,High-end,3.0,1024
HP,218715.0,Intel,No,8,4,LCD,Intel,0,Intel I5,Small,Low-end,4.0,512
ASUS,62965.0,Intel,No,4,LP4,LCD,Intel,0,Intel Celeron,Small,Entry-level,1.0,128
HP,193900.0,Intel,No,8,4,LCD,NVIDIA,0,Intel I5,Large,Mid-end,2.5,512
Lenovo,97965.0,AMD,Yes,8,LP5,LCD,AMD,0,AMD Ryzen 3,Small,Entry-level,2.5,512
Lenovo,213465.0,Intel,Yes,8,4,LED,NVIDIA,1024,Intel I5,Small,Mid-end,2.5,256
HP,213150.0,Intel,Yes,16,4,LCD,NVIDIA,0,Intel I5,Large,Mid-end,4.0,512
HP,156800.0,AMD,No,16,4,LCD,AMD,0,AMD Ryzen 5,Small,Entry-level,4.0,512
HP,171465.0,AMD,Yes,16,4,LCD,AMD,0,AMD Ryzen 7,Small,Entry-level,4.0,512
MSI,237965.0,Intel,Yes,8,4,LED,NVIDIA,1024,Intel I7,Small,Mid-end,3.0,0
Acer,80146.5,AMD,Yes,4,4,LCD,AMD,0,AMD Athlon,Small,Entry-level,2.5,256
ASUS,206465.0,AMD,Yes,16,4,LCD,AMD,0,AMD Ryzen 7,Large,Entry-level,4.0,512
Acer,423430.0,Intel,Yes,16,5,LCD,NVIDIA,0,Intel I7,Large,Mid-end,3.0,512
HP,259875.0,Intel,Yes,8,4,LCD,Intel,0,Intel I5,Small,Low-end,4.5,512
HP,238700.0,Intel,Yes,8,4,LED,NVIDIA,1024,Intel I5,Small,Mid-end,3.0,256
Other,55965.0,Intel,Yes,4,LP4,LCD,Intel,0,Intel Celeron,Small,Entry-level,3.0,128
ASUS,139965.0,Intel,No,8,4,LCD,Intel,1024,Intel I3,Small,Entry-level,1.0,0
ASUS,199846.5,Intel,Yes,8,4,LED,Intel,1024,Intel I5,Small,Low-end,4.0,256
MSI,150465.0,Intel,No,16,4,LCD,Intel,0,Intel I5,Small,Low-end,3.5,512
HP,209965.0,Intel,No,8,4,LED,Intel,0,Intel I5,Small,Low-end,2.5,512
Lenovo,169438.5,Intel,Yes,8,4,LCD,NVIDIA,0,Intel I5,Small,Mid-end,3.5,512
ASUS,260750.0,Intel,No,16,4,LCD,NVIDIA,0,Intel I5,Large,Mid-end,3.5,512
Other,73465.0,Intel,Yes,4,LP4,LCD,Intel,0,Intel Celeron,Small,Entry-level,3.0,128
Acer,241465.0,Intel,Yes,8,4,LCD,NVIDIA,0,Intel I5,Small,Mid-end,4.0,512
MSI,250215.0,Intel,Yes,8,4,LCD,NVIDIA,0,Intel I7,Small,Mid-end,2.5,512
HP,124250.0,Intel,Yes,8,4,LCD,Intel,0,Intel I3,Small,Entry-level,4.0,512
Acer,227465.0,Intel,No,16,4,LCD,NVIDIA,0,Intel I5,Small,Mid-end,4.0,512
MSI,244965.0,Intel,No,16,4,LED,NVIDIA,0,Intel I5,Small,Mid-end,2.5,512
ASUS,181265.0,Intel,No,8,4,LED,Intel,1024,Intel I5,Small,Low-end,2.5,0
MSI,222470.5,Intel,No,16,4,LED,NVIDIA,0,Intel I7,Small,Mid-end,3.0,512
Lenovo,127050.0,Intel,No,8,4,LCD,Intel,0,Intel I3,Small,Entry-level,3.5,512
HP,194215.0,AMD,Yes,8,4,LCD,AMD,0,AMD Ryzen 5,Small,Entry-level,4.0,512
Acer,111965.0,Intel,Yes,8,4,LCD,Intel,0,Intel I3,Small,Entry-level,3.5,512
Dell,160965.0,Intel,Yes,8,4,LCD,Intel,0,Intel I5,Small,Entry-level,3.5,512
Other,132996.5,Intel,No,8,4,LCD,Intel,0,Intel I3,Small,Low-end,1.5,512
Other,104965.0,Intel,No,16,LP4,LCD,Intel,0,Intel I5,Small,Low-end,2.5,512
Lenovo,182350.0,AMD,No,16,4,LED,AMD,0,AMD Ryzen 7,Small,Entry-level,2.0,512
Lenovo,125965.0,Intel,No,8,4,LED,Intel,0,Intel I3,Small,Entry-level,3.0,512
Other,146965.0,AMD,Yes,8,4,LCD,AMD,0,AMD Ryzen 5,Small,Entry-level,2.0,512
Apple,524650.0,Apple,No,8,5,LCD,Apple,0,Apple M-series,Small,High-end,3.5,512
HP,208215.0,Intel,No,8,4,LCD,NVIDIA,0,Intel I5,Small,Mid-end,4.0,512
Lenovo,96215.0,AMD,Yes,8,4,LCD,AMD,0,AMD Ryzen 3,Small,Entry-level,2.5,512
Other,101465.0,Intel,No,8,LP4,LCD,Intel,0,Intel I5,Small,Low-end,2.5,512
Acer,279965.0,Intel,No,16,LP5,LED,Intel,0,Intel I5,Small,Low-end,2.5,512
Dell,223996.5,Intel,Yes,8,4,LCD,Intel,0,Intel I3,Small,Entry-level,4.0,256
HP,178465.0,AMD,No,16,LP5,LCD,AMD,0,AMD Ryzen 5,Small,Entry-level,4.0,512
HP,162715.0,AMD,Yes,8,LP5,LCD,AMD,0,AMD Ryzen 5,Small,Entry-level,3.0,512
Acer,332465.0,Intel,Yes,16,5,LCD,NVIDIA,0,Intel I5,Large,Mid-end,2.5,512
HP,238742.0,AMD,Yes,8,4,LCD,NVIDIA,0,AMD Ryzen 5,Large,Mid-end,4.0,512
Lenovo,129465.0,Intel,Yes,8,4,LCD,Intel,1024,Intel I3,Small,Entry-level,2.0,0
Lenovo,234465.0,Intel,Yes,8,4,LCD,NVIDIA,0,Intel I5,Small,Mid-end,3.0,512
HP,213465.0,AMD,No,16,4,LCD,NVIDIA,0,AMD Ryzen 5,Small,Mid-end,3.5,512
Lenovo,202965.0,AMD,Yes,8,4,LCD,NVIDIA,0,AMD Ryzen 5,Small,Mid-end,3.5,512
Lenovo,200550.0,Intel,No,8,4,LED,Intel,0,Intel I3,Small,Entry-level,3.0,512
ASUS,127736.0,Intel,Yes,8,4,LCD,Intel,0,Intel I3,Small,Entry-level,3.0,512
Acer,167965.0,AMD,Yes,8,4,LCD,NVIDIA,0,AMD Ryzen 5,Small,Mid-end,3.5,512
Dell,181996.5,Intel,No,16,4,LCD,Intel,0,Intel I5,Small,Entry-level,2.5,512
HP,195996.5,AMD,Yes,16,4,LCD,AMD,0,AMD Ryzen 5,Small,Mid-end,3.5,512
HP,230965.0,Intel,Yes,16,4,LCD,NVIDIA,0,Intel I5,Small,Mid-end,4.0,512
Dell,263550.0,AMD,Yes,8,4,LED,AMD,0,AMD Ryzen 5,Small,Mid-end,3.0,512
HP,271215.0,Intel,Yes,16,4,LCD,NVIDIA,0,Intel I7,Small,Mid-end,4.5,512
ASUS,100450.0,Intel,No,8,4,LCD,Intel,1024,Intel I3,Small,Entry-level,1.0,0
HP,306215.0,Intel,No,16,4,LCD,Intel,0,Intel I7,Small,Low-end,4.5,1024
Lenovo,110778.5,AMD,No,8,4,LCD,AMD,0,AMD Ryzen 3,Small,Entry-level,2.5,512
HP,244965.0,Intel,Yes,8,4,LCD,NVIDIA,0,Intel I5,Large,Mid-end,4.5,512
MSI,111965.0,Intel,No,8,4,LCD,Intel,0,Intel I3,Small,Entry-level,1.0,512
Acer,318465.0,Intel,No,16,4,LCD,NVIDIA,0,Intel I7,Small,Mid-end,3.0,512
Lenovo,167965.0,AMD,No,16,4,LCD,AMD,0,AMD Ryzen 7,Small,Entry-level,2.0,512
HP,216965.0,Intel,Yes,8,4,LCD,Intel,0,Intel I5,Small,Low-end,4.5,512
HP,100796.5,Intel,Yes,8,4,LCD,Intel,0,Intel Pentium,Small,Entry-level,3.5,256
Dell,142975.0,Intel,Yes,8,4,LED,Intel,1024,Intel I3,Small,Entry-level,3.0,256
HP,119259.0,AMD,No,8,4,LED,AMD,0,AMD Ryzen 3,Small,Entry-level,2.5,512
HP,95865.0,AMD,Yes,8,4,LCD,AMD,0,AMD Ryzen 3,Small,Entry-level,4.0,512
Dell,139296.5,Intel,Yes,4,4,LED,Intel,0,Intel I3,Small,Entry-level,1.5,256
ASUS,164465.0,Intel,No,8,LP4,LCD,Intel,0,Intel I3,Small,Entry-level,3.0,256
Other,164465.0,Intel,No,8,4,LCD,Intel,0,Intel I5,Small,Entry-level,2.5,512
HP,222831.0,AMD,No,16,5,LCD,AMD,0,AMD Ryzen 5,Small,Entry-level,3.0,512
HP,252665.0,Intel,No,16,4,LCD,Intel,0,Intel I5,Small,Low-end,2.5,512
Dell,111965.0,Intel,Yes,8,4,LCD,Intel,0,Intel I3,Small,Entry-level,1.5,512
ASUS,115465.0,AMD,Yes,8,4,LCD,AMD,0,AMD Ryzen 3,Small,Entry-level,3.5,256
Dell,171465.0,Intel,Yes,8,4,LCD,Intel,0,Intel I5,Small,Entry-level,3.5,512
Acer,192465.0,Intel,No,8,4,LED,Intel,0,Intel I5,Small,Low-end,2.5,512
Lenovo,243250.0,Intel,No,8,4,LED,NVIDIA,1024,Intel I5,Small,Low-end,4.0,256
Dell,223965.0,Intel,Yes,8,4,LCD,Intel,1024,Intel I5,Small,Entry-level,3.5,256
Lenovo,395496.5,AMD,Yes,16,4,LCD,NVIDIA,0,AMD Ryzen 7,Small,Mid-end,3.5,512
Dell,157496.5,Intel,Yes,8,4,LED,Intel,0,Intel I5,Small,Low-end,2.5,512
MSI,170765.0,Intel,Yes,8,4,LCD,NVIDIA,0,Intel I5,Small,Mid-end,4.0,512
ASUS,153429.5,Intel,Yes,8,4,LCD,Intel,0,Intel I3,Small,Entry-level,1.0,512
HP,209996.5,Intel,Yes,8,4,LCD,Intel,0,Intel I5,Small,Low-end,4.5,1024
HP,306400.5,Intel,Yes,16,4,LCD,Intel,0,Intel I7,Small,Low-end,2.5,1024
Lenovo,184989.0,Intel,No,16,4,LCD,NVIDIA,0,Intel I5,Small,Mid-end,2.5,512
Dell,269496.5,Intel,Yes,8,4,LED,Intel,0,Intel I5,Small,Low-end,2.5,512
MSI,325465.0,Intel,Yes,16,5,LCD,NVIDIA,0,Intel I7,Small,Mid-end,4.5,512
HP,199496.5,Intel,No,16,4,LCD,Intel,0,Intel I5,Small,Entry-level,3.5,512
ASUS,150465.0,Intel,Yes,8,4,LCD,Intel,0,Intel I5,Small,Entry-level,1.0,512
Other,139965.0,Intel,No,8,4,LCD,Intel,0,Intel I3,Small,Entry-level,4.0,256
MSI,155816.5,Intel,Yes,8,4,LCD,Intel,0,Intel I3,Small,Entry-level,3.0,512
Lenovo,238000.0,AMD,Yes,8,4,LED,NVIDIA,0,AMD Ryzen 5,Small,Mid-end,3.0,512
Dell,143850.0,Intel,No,8,4,LED,Intel,1024,Intel I3,Small,Entry-level,1.0,0
HP,273000.0,Intel,No,16,4,LCD,Intel,0,Intel I5,Small,Low-end,4.0,512
HP,261530.5,Intel,No,8,4,LCD,Intel,0,Intel I5,Small,Low-end,4.5,512
HP,92365.0,AMD,Yes,8,4,LCD,AMD,0,AMD Ryzen 3,Small,Low-end,1.0,512
Other,139965.0,Intel,No,16,4,LCD,Intel,0,Intel I5,Small,Low-end,4.0,512
Lenovo,251825.0,Intel,No,8,4,LED,NVIDIA,0,Intel I5,Small,Mid-end,3.0,512
Dell,117498.5,AMD,Yes,8,4,LCD,AMD,1024,AMD Ryzen 3,Small,Entry-level,2.5,0
ASUS,227465.0,Intel,No,16,4,LCD,Intel,0,Intel I7,Small,Entry-level,2.5,512
Other,132965.0,Intel,No,8,4,LCD,Intel,0,Intel I5,Small,Low-end,2.5,512
Dell,153965.0,Intel,No,8,4,LCD,Intel,0,Intel I5,Small,Entry-level,2.5,512
Lenovo,234465.0,Intel,Yes,16,LP5,LCD,Intel,0,Intel I5,Large,Low-end,2.5,512
Acer,524965.0,Intel,Yes,16,5,LCD,NVIDIA,0,Intel I7,Large,Mid-end,2.0,1024
Lenovo,223965.0,AMD,Yes,8,5,LCD,NVIDIA,0,AMD Ryzen 5,Small,Mid-end,3.5,512
Lenovo,174982.5,Intel,No,8,4,LCD,Intel,0,Intel I3,Small,Entry-level,4.0,256
Acer,173008.5,Intel,No,8,4,LCD,Intel,0,Intel I5,Small,Low-end,2.5,512
ASUS,386715.0,AMD,Yes,16,4,LCD,NVIDIA,0,AMD Ryzen 7,Small,Mid-end,4.5,512
Lenovo,349387.5,AMD,Yes,16,4,LCD,NVIDIA,0,AMD Ryzen 7,Small,Mid-end,4.0,1024
HP,234496.5,Intel,Yes,16,4,LCD,NVIDIA,0,Intel I5,Small,Mid-end,4.0,512
HP,314965.0,Intel,No,16,4,LED,Intel,0,Intel I7,Small,Low-end,4.5,1024
Acer,384965.0,Intel,Yes,16,4,LED,NVIDIA,1024,Intel I5,Small,Mid-end,2.5,128
HP,150496.5,Intel,Yes,8,4,LCD,Intel,0,Intel I3,Small,Entry-level,4.0,512
Dell,136363.5,AMD,Yes,8,4,LCD,AMD,0,AMD Ryzen 3,Small,Entry-level,2.5,256
ASUS,199465.0,Intel,Yes,16,4,LCD,Intel,0,Intel I7,Small,Low-end,3.0,512
Dell,165154.5,Intel,Yes,8,4,LED,NVIDIA,1024,Intel I5,Small,Low-end,2.5,256
MSI,150465.0,Intel,No,8,4,LCD,NVIDIA,0,Intel I5,Small,Mid-end,4.0,512
Dell,148015.0,Intel,Yes,4,4,LCD,Intel,1024,Intel I3,Small,Entry-level,1.0,256
Lenovo,247800.0,Intel,No,8,4,LCD,NVIDIA,1024,Intel I5,Small,Mid-end,3.0,256
Dell,220496.5,Intel,No,8,4,LED,Intel,0,Intel I5,Small,Entry-level,1.5,512
Lenovo,80465.0,AMD,Yes,4,4,LCD,AMD,0,AMD Athlon,Small,Entry-level,2.5,256
Lenovo,220496.5,Intel,No,16,4,LED,NVIDIA,0,Intel I5,Small,Low-end,2.5,512
HP,85746.5,AMD,No,4,3,LED,AMD,1024,AMD Other,Small,Entry-level,2.0,0
Lenovo,297465.0,Intel,Yes,16,5,LCD,NVIDIA,0,Intel I5,Small,Mid-end,3.5,512
ASUS,227465.0,AMD,No,16,4,LED,AMD,0,AMD Ryzen 5,Small,Entry-level,4.0,512
HP,174996.5,Intel,Yes,8,4,LCD,Intel,0,Intel I3,Small,Entry-level,1.0,512
HP,213150.0,Intel,No,8,4,LED,Intel,0,Intel I5,Small,Entry-level,2.5,512
Dell,191621.5,Intel,Yes,8,4,LCD,Intel,1024,Intel I5,Small,Entry-level,2.5,256
Lenovo,216965.0,Intel,Yes,16,LP5,LCD,Intel,0,Intel I5,Large,Entry-level,2.0,512
ASUS,227465.0,Intel,Yes,8,4,LCD,Intel,0,Intel I5,Small,Low-end,4.5,512
ASUS,223965.0,Intel,No,16,4,LCD,Intel,0,Intel I5,Small,Low-end,2.5,512
ASUS,202965.0,AMD,No,16,4,LCD,AMD,0,AMD Ryzen 5,Large,Low-end,3.0,512
Dell,199496.5,Intel,Yes,8,4,LED,NVIDIA,0,Intel I5,Small,Low-end,2.5,512
HP,280406.0,Intel,No,16,4,LCD,Intel,0,Intel I5,Small,Low-end,4.0,512
Lenovo,104965.0,AMD,Yes,4,4,LCD,AMD,0,AMD Athlon,Small,Entry-level,2.5,256
Dell,142803.5,Intel,Yes,4,4,LED,Intel,1024,Intel I3,Small,Entry-level,2.0,256
Lenovo,286965.0,AMD,Yes,16,4,LCD,NVIDIA,0,AMD Ryzen 7,Small,Mid-end,3.0,512
HP,157465.0,Intel,Yes,8,4,LCD,Intel,0,Intel I3,Small,Low-end,3.5,512
HP,152211.5,Intel,Yes,8,4,LCD,Intel,0,Intel I3,Small,Entry-level,3.5,512
Lenovo,160965.0,Intel,Yes,8,LP5,LCD,Intel,0,Intel I3,Small,Entry-level,3.5,512
MSI,304465.0,Intel,No,16,4,LCD,NVIDIA,1024,Intel I5,Small,Mid-end,3.5,256
Lenovo,213150.0,AMD,Yes,8,4,LED,NVIDIA,0,AMD Ryzen 5,Small,Mid-end,3.0,512
HP,293965.0,Intel,No,16,4,LCD,Intel,0,Intel I7,Small,Low-end,3.5,1024
Lenovo,87552.5,AMD,No,4,4,LED,AMD,1024,AMD A-Series,Small,Entry-level,2.5,0
Lenovo,84175.0,AMD,Yes,4,4,LCD,AMD,0,AMD Athlon,Small,Entry-level,2.5,256
HP,276150.0,Intel,Yes,16,4,LCD,Intel,0,Intel I5,Small,Entry-level,3.5,1024
Dell,184800.0,Intel,No,16,4,LCD,Intel,0,Intel I5,Small,Low-end,4.0,512
Other,111965.0,Intel,No,8,4,LCD,Intel,0,Intel I3,Small,Entry-level,4.0,512
ASUS,230965.0,AMD,Yes,16,4,LCD,NVIDIA,0,AMD Ryzen 5,Small,Mid-end,4.0,512
Acer,185150.0,Intel,No,8,4,LED,Intel,1024,Intel I5,Small,Low-end,2.5,0
Dell,194246.5,Intel,Yes,4,4,LED,Intel,1024,Intel I5,Small,Low-end,4.0,256
Samsung,216965.0,Intel,No,16,4,LED,Intel,0,Intel I7,Small,Low-end,4.5,512
Other,178465.0,Intel,No,16,4,LCD,Intel,0,Intel I7,Small,Low-end,2.5,512
ASUS,134400.0,Intel,No,8,4,LCD,Intel,0,Intel I3,Small,Entry-level,3.0,512
Other,185465.0,Intel,No,16,4,LCD,Intel,0,Intel I7,Small,Low-end,2.5,1024
ASUS,220465.0,Intel,Yes,8,4,LCD,NVIDIA,0,Intel I5,Small,Mid-end,2.5,1024
Dell,166215.0,Intel,Yes,8,4,LCD,Intel,0,Intel I5,Small,Entry-level,4.0,512
HP,284196.5,Intel,No,16,LP4,LCD,Intel,0,Intel I5,Small,Low-end,2.5,512
ASUS,185465.0,AMD,No,16,4,LCD,AMD,0,AMD Ryzen 5,Large,Entry-level,3.5,512
Acer,107551.5,Intel,No,8,4,LED,Intel,0,Intel I3,Small,Entry-level,4.0,256
Dell,243950.0,Intel,Yes,16,5,LCD,NVIDIA,0,Intel I5,Small,Mid-end,3.5,512
Lenovo,90996.5,Intel,No,4,4,LCD,Intel,0,Intel Celeron,Small,Entry-level,3.0,256
Dell,137462.5,Intel,No,8,4,LCD,Intel,0,Intel I3,Small,Entry-level,4.0,256
Lenovo,213465.0,Intel,Yes,16,4,LCD,Intel,0,Intel I5,Small,Low-end,2.5,512
Acer,111965.0,Intel,No,8,LP4,LCD,Intel,0,Intel I3,Small,Entry-level,4.0,512
Dell,231752.5,AMD,Yes,8,5,LCD,NVIDIA,0,AMD Ryzen 5,Small,Mid-end,3.5,512
Other,160965.0,Intel,No,16,LP4,LCD,Intel,0,Intel I7,Small,Entry-level,1.5,512
Lenovo,220500.0,Intel,No,8,4,LED,NVIDIA,0,Intel I5,Small,Mid-end,3.0,512
Lenovo,197746.5,Intel,Yes,8,4,LED,Intel,0,Intel I5,Small,Entry-level,2.5,512
Lenovo,342965.0,Intel,Yes,16,5,LCD,NVIDIA,0,Intel I7,Small,Mid-end,2.5,512
Apple,570465.0,Intel,No,8,LP3,LED,Intel,0,Intel I5,Small,Low-end,2.5,512
MSI,227465.0,Intel,No,8,4,LCD,NVIDIA,0,Intel I7,Small,Mid-end,4.5,512
Acer,255146.5,Intel,Yes,16,4,LCD,NVIDIA,0,Intel I5,Small,Mid-end,3.5,512
Lenovo,131911.5,Intel,No,8,4,LCD,Intel,0,Intel I3,Small,Entry-level,5.0,256
Dell,243215.0,Intel,Yes,16,4,LCD,NVIDIA,0,Intel I5,Small,Mid-end,2.5,512
Apple,381465.0,Apple,No,8,5,LCD,Apple,0,Apple M-series,Small,High-end,3.5,512
Other,314965.0,Intel,No,16,LP4,LCD,Intel,0,Intel I5,Small,Low-end,4.5,512
Acer,132615.0,Intel,No,8,4,LED,Intel,1024,Intel I3,Small,Entry-level,2.0,0
ASUS,297465.0,AMD,Yes,8,4,LED,NVIDIA,0,AMD Ryzen 5,Small,Mid-end,3.0,1024
Lenovo,229414.5,Intel,Yes,16,4,LCD,NVIDIA,0,Intel I5,Small,Mid-end,2.0,512
Lenovo,152215.0,AMD,Yes,16,LP5,LCD,AMD,0,AMD Ryzen 5,Small,Low-end,3.0,512
Acer,367465.0,Intel,Yes,16,4,LCD,NVIDIA,1024,Intel I7,Small,Mid-end,4.5,512
Other,153965.0,Intel,No,16,LP4,LCD,Intel,0,Intel I5,Large,Low-end,1.5,512
Dell,136465.0,Intel,Yes,8,4,LCD,Intel,0,Intel I5,Small,Entry-level,2.5,512
ASUS,125965.0,Intel,No,8,4,LCD,Intel,0,Intel I3,Small,Entry-level,1.0,512
ASUS,136465.0,Intel,Yes,8,4,LCD,Intel,1024,Intel I3,Small,Entry-level,3.0,256
Other,349965.0,Intel,No,16,LP4,LCD,Intel,0,Intel I7,Small,Low-end,4.5,512
ASUS,132965.0,Intel,No,8,4,LCD,Intel,0,Intel I3,Small,Entry-level,1.0,512
ASUS,193550.0,AMD,No,16,LP5,LED,AMD,0,AMD Ryzen 5,Small,Entry-level,4.0,512
Other,292565.0,Intel,Yes,16,LP4,LCD,Intel,0,Intel I7,Small,Low-end,3.0,512
ASUS,150465.0,Intel,No,8,4,LCD,Intel,0,Intel I3,Small,Entry-level,1.0,512
ASUS,150465.0,Intel,No,8,4,LCD,Intel,0,Intel I3,Small,Entry-level,4.0,512
Lenovo,192465.0,Intel,No,8,4,LCD,Intel,0,Intel I5,Small,Entry-level,1.5,512
Lenovo,185465.0,AMD,Yes,16,4,LCD,AMD,0,AMD Ryzen 7,Small,Entry-level,2.0,512
HP,136465.0,AMD,No,8,4,LCD,AMD,0,AMD Ryzen 3,Small,Entry-level,2.5,256
Dell,262496.5,Intel,Yes,16,4,LED,Intel,0,Intel I5,Small,Low-end,2.5,512
HP,224724.5,Intel,Yes,8,4,LCD,Intel,0,Intel I3,Small,Entry-level,4.0,512
Lenovo,195965.0,Intel,No,16,4,LCD,Intel,0,Intel I5,Small,Low-end,3.5,512
Lenovo,143500.0,Intel,Yes,8,4,LED,Intel,0,Intel I3,Small,Entry-level,3.0,256
MSI,236775.0,Intel,Yes,8,5,LCD,NVIDIA,0,Intel I5,Small,Mid-end,3.5,512
ASUS,537817.0,AMD,No,16,LP5,LCD,NVIDIA,0,AMD Ryzen 9,Small,Mid-end,5.0,1024
Lenovo,199465.0,AMD,No,8,4,LCD,AMD,0,AMD Ryzen 5,Small,Entry-level,2.0,512
Dell,212807.0,Intel,No,8,4,LCD,Intel,0,Intel I3,Small,Entry-level,4.5,512
MSI,209965.0,Intel,No,16,4,LCD,Intel,0,Intel I5,Small,Low-end,4.5,512
MSI,230965.0,Intel,No,16,4,LCD,NVIDIA,1024,Intel I5,Small,Mid-end,3.5,256
HP,190225.0,Intel,Yes,8,4,LED,NVIDIA,1024,Intel I5,Small,Low-end,4.0,0
MSI,244965.0,Intel,No,16,4,LCD,Intel,0,Intel I7,Small,Low-end,5.0,512
Lenovo,161665.0,AMD,Yes,8,4,LCD,AMD,0,AMD Ryzen 5,Small,Entry-level,2.0,512
HP,120715.0,AMD,Yes,8,4,LCD,AMD,0,AMD Ryzen 3,Small,Entry-level,2.5,512
ASUS,454965.0,AMD,Yes,16,4,LCD,AMD,0,AMD Ryzen 9,Small,High-end,5.0,1024
Lenovo,266700.0,Intel,No,16,4,LED,Intel,0,Intel I5,Small,Low-end,2.5,512
Lenovo,230961.5,Intel,Yes,16,LP5,LCD,Intel,0,Intel I5,Small,Entry-level,1.5,512
Other,234465.0,Intel,No,32,LP5,LCD,Intel,0,Intel I7,Small,Low-end,5.0,1024
ASUS,227465.0,Intel,No,16,4,LCD,Intel,0,Intel I5,Large,Low-end,1.5,512
MSI,269465.0,Intel,Yes,16,5,LCD,NVIDIA,0,Intel I5,Small,Mid-end,3.5,512
ASUS,253746.5,Intel,No,16,4,LED,Intel,0,Intel I5,Small,Low-end,4.0,512
Dell,269465.0,Intel,Yes,16,4,LCD,NVIDIA,0,Intel I5,Small,Low-end,2.5,512
MSI,118965.0,Intel,Yes,8,4,LCD,Intel,0,Intel I3,Small,Entry-level,3.0,512
ASUS,142009.0,Intel,No,8,4,LCD,Intel,0,Intel I3,Small,Entry-level,3.0,512
Lenovo,301665.0,Intel,Yes,16,LP5,LCD,Intel,0,Intel I7,Large,Low-end,2.5,512
Lenovo,289765.0,Intel,Yes,16,LP5,LED,Intel,0,Intel I7,Small,Entry-level,3.5,512
Other,174965.0,Intel,No,16,4,LCD,Intel,0,Intel I7,Small,Low-end,3.0,512
Lenovo,437465.0,Intel,No,16,4,LED,NVIDIA,0,Intel I7,Large,Mid-end,2.0,1024
Lenovo,117250.0,Intel,No,4,4,LED,Intel,1024,Intel I3,Small,Entry-level,1.0,0
Dell,277546.5,Intel,Yes,16,4,LCD,Intel,0,Intel I5,Small,Low-end,4.5,512
Lenovo,230965.0,Intel,No,8,4,LCD,Intel,0,Intel I5,Small,Entry-level,4.0,512
Lenovo,230965.0,Intel,No,8,4,LED,Intel,0,Intel I5,Small,Low-end,2.5,1024
ASUS,209650.0,Intel,Yes,16,4,LCD,Intel,0,Intel I5,Small,Low-end,4.0,512
HP,269465.0,AMD,Yes,8,4,LCD,NVIDIA,0,AMD Ryzen 5,Small,Mid-end,4.0,512
ASUS,213465.0,Intel,No,16,4,LCD,Intel,0,Intel I5,Small,Low-end,2.5,512
HP,171496.5,Intel,No,16,4,LCD,Intel,0,Intel I5,Small,Low-end,4.0,512
ASUS,279965.0,Intel,No,8,LP3,LED,NVIDIA,0,Intel I5,Small,Low-end,1.5,512
Acer,150465.0,Intel,No,16,4,LCD,Intel,0,Intel I7,Small,Low-end,3.0,1024
Lenovo,272650.0,AMD,No,8,4,LED,AMD,0,AMD Ryzen 5,Small,Entry-level,2.0,512
Dell,179546.5,Intel,Yes,8,4,LCD,Intel,1024,Intel I5,Small,Entry-level,2.5,256
Lenovo,231000.0,Intel,No,8,4,LED,Intel,0,Intel I5,Small,Low-end,2.5,512
HP,419965.0,AMD,No,16,4,LCD,NVIDIA,0,AMD Ryzen 7,Large,Mid-end,4.0,1024
HP,367465.0,Intel,Yes,16,LP4,LED,Intel,0,Intel I7,Small,Low-end,4.5,1024
Lenovo,278141.5,AMD,No,16,4,LED,AMD,0,AMD Ryzen 7,Small,Entry-level,2.0,512
ASUS,507465.0,Intel,No,16,4,LCD,NVIDIA,0,Intel I7,Small,Mid-end,4.5,1024
ASUS,167965.0,AMD,No,8,4,LED,AMD,0,AMD Ryzen 5,Small,Entry-level,2.0,512
Lenovo,125965.0,Intel,No,8,4,LCD,Intel,1024,Intel I3,Small,Entry-level,4.0,0
HP,381496.5,Intel,No,16,LP4,LED,Intel,0,Intel I7,Small,Low-end,4.5,512
Lenovo,103215.0,AMD,Yes,8,4,LCD,AMD,0,AMD Ryzen 3,Small,Entry-level,2.5,256
Lenovo,216930.0,Intel,Yes,16,4,LCD,Intel,0,Intel I5,Small,Low-end,2.5,512
Acer,129465.0,AMD,No,16,4,LCD,AMD,0,AMD Ryzen 5,Small,Entry-level,3.0,512
Acer,122115.0,AMD,No,8,4,LCD,AMD,0,AMD Ryzen 5,Small,Entry-level,3.0,512
ASUS,150465.0,Intel,Yes,8,4,LCD,Intel,0,Intel I3,Small,Entry-level,1.0,512
ASUS,150465.0,Intel,Yes,8,4,LCD,Intel,0,Intel I3,Small,Entry-level,1.0,512
ASUS,150465.0,Intel,Yes,8,4,LCD,Intel,0,Intel I3,Small,Entry-level,1.0,512
MSI,227465.0,Intel,No,8,4,LCD,Intel,0,Intel I7,Small,Low-end,3.5,512
Acer,97965.0,Intel,Yes,8,4,LCD,Intel,0,Intel I3,Small,Entry-level,4.0,256
Lenovo,178500.0,Intel,Yes,8,4,LCD,Intel,0,Intel I5,Small,Entry-level,1.5,512
HP,384965.0,Intel,Yes,16,4,LCD,NVIDIA,0,Intel I7,Large,Mid-end,4.5,512
ASUS,139650.0,Intel,Yes,8,4,LCD,Intel,0,Intel I3,Small,Entry-level,1.0,512
Acer,104965.0,Intel,Yes,8,4,LCD,Intel,0,Intel I3,Small,Entry-level,4.0,512
Dell,311496.5,Intel,Yes,16,4,LED,Intel,0,Intel I7,Small,Low-end,2.5,512
MSI,272965.0,Intel,Yes,8,4,LCD,NVIDIA,0,Intel I7,Small,Mid-end,4.5,512
Acer,216965.0,Intel,No,16,LP4,LCD,Intel,0,Intel I5,Small,Low-end,1.5,512
HP,181296.5,Intel,Yes,16,4,LCD,Intel,0,Intel I5,Small,Entry-level,2.5,512
Dell,124215.0,AMD,Yes,8,4,LCD,AMD,0,AMD Ryzen 3,Small,Entry-level,2.5,512
Lenovo,164465.0,Intel,Yes,8,4,LCD,Intel,0,Intel I3,Small,Entry-level,3.0,512
HP,349965.0,Intel,No,16,4,LCD,NVIDIA,0,Intel I7,Small,Mid-end,3.5,512
ASUS,181965.0,Intel,No,16,4,LCD,Intel,0,Intel I5,Large,Low-end,2.5,512
ASUS,577430.0,Intel,Yes,16,5,LCD,NVIDIA,0,Intel I7,Small,High-end,2.5,1024
Acer,229215.0,AMD,Yes,8,5,LCD,NVIDIA,0,AMD Ryzen 5,Small,Mid-end,3.5,512
Lenovo,262465.0,Intel,Yes,16,5,LCD,NVIDIA,0,Intel I5,Small,Mid-end,1.5,512
ASUS,152250.0,Intel,No,8,4,LCD,Intel,0,Intel I5,Small,Entry-level,1.0,256
Lenovo,225746.5,Intel,No,8,4,LCD,NVIDIA,0,Intel I5,Small,Mid-end,3.5,512
ASUS,300965.0,AMD,Yes,8,4,LCD,NVIDIA,0,AMD Ryzen 7,Large,Mid-end,4.0,512
ASUS,238000.0,Intel,No,16,4,LCD,NVIDIA,0,Intel I5,Small,Mid-end,2.5,512
Lenovo,71939.0,AMD,No,4,4,LED,AMD,1024,AMD A-Series,Small,Entry-level,3.0,0
MSI,251965.0,Intel,Yes,8,4,LED,NVIDIA,1024,Intel I7,Small,Mid-end,2.0,0
ASUS,243215.0,AMD,No,16,4,LCD,AMD,0,AMD Ryzen 7,Large,Low-end,3.0,512
Lenovo,222757.5,AMD,Yes,8,4,LCD,NVIDIA,0,AMD Ryzen 7,Small,Mid-end,4.0,512
Lenovo,185465.0,AMD,Yes,16,4,LCD,AMD,0,AMD Ryzen 5,Small,Entry-level,2.0,512
Lenovo,83821.5,Intel,No,4,4,LCD,Intel,0,Intel Celeron,Small,Entry-level,3.0,256
Acer,214599.0,Intel,No,8,4,LCD,NVIDIA,0,Intel I5,Small,Entry-level,3.5,512
Lenovo,272965.0,AMD,Yes,16,5,LCD,NVIDIA,0,AMD Ryzen 7,Small,Mid-end,3.5,512
Other,463123.5,Intel,No,16,LP5,LCD,Intel,0,Intel I7,Large,Low-end,3.5,512
Lenovo,202965.0,AMD,No,16,4,LCD,AMD,0,AMD Ryzen 5,Small,Entry-level,2.0,512
Acer,113046.5,Intel,No,4,4,LED,Intel,0,Intel I3,Small,Entry-level,5.0,256
Lenovo,185465.0,Intel,No,8,4,LCD,Intel,0,Intel I5,Small,Low-end,2.5,512
Other,521500.0,Intel,No,16,LP5,LCD,Intel,0,Intel I7,Small,Low-end,3.5,512
HP,286996.5,Intel,No,16,4,LED,NVIDIA,0,Intel I5,Small,Low-end,4.0,512
Lenovo,90965.0,Intel,No,4,4,LED,Intel,0,Intel Celeron,Small,Entry-level,1.0,256
ASUS,257250.0,AMD,Yes,16,4,LED,NVIDIA,0,AMD Ryzen 5,Small,Mid-end,3.5,512
HP,152246.5,AMD,Yes,8,LP5,LCD,AMD,0,AMD Ryzen 5,Small,Entry-level,4.0,512
HP,83996.5,AMD,No,8,4,LCD,AMD,0,AMD Ryzen 3,Small,Entry-level,2.5,512
Samsung,342965.0,Intel,No,16,4,LED,Intel,0,Intel I7,Small,Low-end,4.5,512
Other,248465.0,Intel,Yes,16,4,LCD,NVIDIA,0,Intel I7,Small,Mid-end,3.0,512
ASUS,329000.0,Intel,No,8,4,LCD,Intel,0,Intel I5,Small,Low-end,3.5,512
Lenovo,416850.0,AMD,Yes,16,4,LCD,NVIDIA,0,AMD Ryzen 7,Small,Mid-end,3.5,512
ASUS,453561.5,Intel,No,16,4,LCD,NVIDIA,0,Intel I7,Large,Mid-end,4.5,1024
Samsung,314965.0,Intel,No,16,LP4,LED,Intel,0,Intel I5,Small,Low-end,4.0,512
Lenovo,182665.0,AMD,Yes,16,4,LED,AMD,0,AMD Ryzen 5,Small,Entry-level,2.0,512
HP,297465.0,AMD,No,16,5,LCD,NVIDIA,0,AMD Ryzen 7,Large,Mid-end,5.0,512
Other,202965.0,Intel,No,16,LP4,LCD,Intel,0,Intel I7,Small,Low-end,5.0,512
HP,299600.0,Intel,No,16,4,LCD,Intel,0,Intel I7,Small,Low-end,1.5,512
ASUS,89211.5,AMD,No,8,4,LCD,AMD,0,AMD Ryzen 3,Small,Entry-level,2.5,256
Dell,137550.0,Intel,Yes,8,4,LED,Intel,0,Intel I3,Small,Entry-level,1.0,256
Lenovo,135450.0,Intel,Yes,8,LP5,LCD,Intel,0,Intel I3,Small,Entry-level,1.5,512
Other,195965.0,Intel,No,8,LP3,LCD,Intel,0,Intel Pentium,Small,Entry-level,3.5,128
HP,325465.0,Intel,No,16,4,LED,Intel,0,Intel I7,Small,Entry-level,3.0,1024
Lenovo,227465.0,AMD,Yes,16,LP4,LCD,AMD,0,AMD Ryzen 7,Small,Entry-level,2.0,512
MSI,181965.0,Intel,No,16,4,LCD,Intel,0,Intel I5,Small,Low-end,4.5,512
ASUS,314965.0,Intel,Yes,16,4,LCD,NVIDIA,0,Intel I7,Small,Mid-end,2.5,1024
ASUS,255465.0,AMD,No,16,LP4,LED,AMD,0,AMD Ryzen 5,Small,Entry-level,2.0,512
HP,244996.5,Intel,No,16,4,LCD,Intel,0,Intel I5,Small,Low-end,4.5,512
MSI,209965.0,Intel,Yes,16,4,LCD,Intel,0,Intel I7,Small,Low-end,5.0,512
Lenovo,171465.0,AMD,No,16,4,LCD,AMD,0,AMD Ryzen 7,Small,Entry-level,2.0,512
MSI,316715.0,Intel,Yes,16,4,LCD,NVIDIA,0,Intel I7,Large,Mid-end,4.5,512
Acer,251650.0,AMD,Yes,16,5,LCD,NVIDIA,0,AMD Ryzen 7,Small,Mid-end,3.0,512
ASUS,136465.0,AMD,Yes,8,5,LCD,AMD,0,AMD Ryzen 3,Small,Entry-level,4.0,512
Dell,523250.0,Intel,Yes,16,4,LCD,NVIDIA,0,Intel I7,Small,Mid-end,3.0,512
Dell,185465.0,Intel,Yes,8,4,LCD,Intel,0,Intel I5,Small,Entry-level,4.0,256
Acer,122465.0,Intel,No,4,4,LED,Intel,0,Intel I3,Small,Entry-level,2.0,256
ASUS,111996.5,Intel,No,4,4,LED,Intel,0,Intel I3,Small,Entry-level,2.0,512
HP,178850.0,AMD,No,8,4,LED,AMD,0,AMD Ryzen 5,Small,Entry-level,2.0,512
Dell,311465.0,Intel,No,16,5,LCD,NVIDIA,0,Intel I7,Small,Low-end,3.5,512
Acer,223975.5,Intel,No,8,4,LED,Intel,0,Intel I5,Small,Low-end,4.0,512
Lenovo,563465.0,AMD,Yes,32,5,LCD,NVIDIA,0,AMD Ryzen 7,Large,High-end,3.0,1024
Samsung,402465.0,Intel,No,16,LP5,LED,Intel,0,Intel I7,Small,Low-end,4.5,512
Lenovo,108465.0,Intel,No,4,4,LED,Intel,1024,Intel Celeron,Small,Entry-level,1.0,0
ASUS,279965.0,AMD,No,16,LP4,LED,AMD,0,AMD Ryzen 5,Small,Entry-level,2.0,1024
Lenovo,286965.0,AMD,No,16,4,LCD,NVIDIA,0,AMD Ryzen 7,Small,Mid-end,3.5,512
Acer,110946.5,Intel,Yes,8,4,LCD,Intel,0,Intel I3,Small,Entry-level,1.5,256
ASUS,227465.0,Intel,Yes,16,4,LCD,Intel,0,Intel I5,Small,Low-end,4.5,512
Dell,130000.5,Intel,Yes,8,4,LCD,Intel,0,Intel I3,Small,Entry-level,1.0,1024
HP,134221.5,AMD,No,8,4,LED,AMD,1024,AMD Ryzen 5,Small,Low-end,2.0,0
HP,244996.5,Intel,No,16,4,LCD,Intel,0,Intel I5,Small,Low-end,4.5,512
Dell,195965.0,Intel,No,8,5,LCD,Intel,0,Intel I3,Small,Entry-level,3.5,512
Dell,158200.0,Intel,Yes,8,4,LCD,Intel,0,Intel I3,Small,Entry-level,1.5,256
Dell,279996.5,Intel,Yes,16,4,LCD,Intel,0,Intel I5,Small,Entry-level,3.5,512
Dell,216615.0,Intel,No,8,LP5,LCD,Intel,0,Intel I5,Small,Low-end,3.5,1024
Dell,244965.0,Intel,No,16,LP5,LCD,Intel,0,Intel I5,Small,Low-end,3.5,1024
Dell,227465.0,Intel,No,16,LP5,LCD,Intel,0,Intel I5,Small,Low-end,3.5,512
Acer,577465.0,Intel,Yes,16,5,LCD,NVIDIA,0,Intel I7,Large,Mid-end,3.0,512
ASUS,333900.0,Intel,No,16,LP5,LED,Intel,0,Intel I5,Small,Low-end,3.5,512
Dell,277126.5,Intel,Yes,8,4,LCD,Intel,0,Intel I5,Small,Low-end,4.5,512
Acer,115465.0,Intel,No,8,LP5,LCD,Intel,0,Intel I3,Small,Entry-level,2.0,512
Dell,314996.5,Intel,No,16,4,LED,Intel,0,Intel I7,Small,Low-end,3.0,512
Lenovo,262500.0,AMD,No,16,LP4,LCD,AMD,0,AMD Ryzen 7,Small,Entry-level,2.0,512
ASUS,321965.0,AMD,Yes,16,5,LCD,NVIDIA,0,AMD Ryzen 7,Large,Mid-end,4.5,1024
MSI,367465.0,Intel,No,16,5,LCD,NVIDIA,0,Intel I7,Large,Mid-end,3.5,1024
Dell,279996.5,Intel,Yes,16,4,LED,Intel,0,Intel I5,Small,Low-end,2.5,512
HP,265965.0,Intel,Yes,8,4,LCD,NVIDIA,0,Intel I5,Small,Mid-end,4.0,512
Other,357000.0,AMD,Yes,8,LP4,LCD,AMD,0,AMD Ryzen 5,Small,Entry-level,2.0,256
Lenovo,146965.0,Intel,Yes,8,4,LCD,Intel,0,Intel I3,Small,Entry-level,3.0,256
ASUS,192465.0,AMD,No,16,4,LCD,AMD,0,AMD Ryzen 7,Large,Entry-level,2.0,512
Acer,93765.0,Intel,No,8,4,LCD,Intel,0,Intel Celeron,Small,Entry-level,1.0,256
Dell,454965.0,Intel,Yes,16,5,LCD,NVIDIA,0,Intel I7,Small,Mid-end,3.5,512
HP,262465.0,Intel,No,16,4,LCD,Intel,0,Intel I5,Small,Low-end,4.5,512
Acer,174965.0,AMD,No,8,LP4,LCD,AMD,0,AMD Ryzen 5,Small,Entry-level,2.0,512
Lenovo,160965.0,Intel,No,8,4,LED,Intel,0,Intel I5,Small,Low-end,2.5,512
ASUS,521465.0,AMD,Yes,16,5,LCD,NVIDIA,0,AMD Ryzen 7,Large,Mid-end,4.5,1024
HP,367465.0,AMD,Yes,16,4,LCD,NVIDIA,0,AMD Ryzen 7,Large,Mid-end,4.0,512
Lenovo,115465.0,Intel,No,8,4,LCD,Intel,0,Intel I3,Small,Entry-level,2.0,256
MSI,318748.5,Intel,Yes,16,4,LED,NVIDIA,0,Intel I7,Small,Mid-end,2.0,512
ASUS,142380.0,Intel,Yes,8,4,LCD,Intel,0,Intel I3,Small,Entry-level,1.0,512
ASUS,118965.0,Intel,Yes,8,4,LED,Intel,0,Intel I3,Small,Entry-level,3.0,512
Dell,232746.5,Intel,No,16,4,LCD,Intel,0,Intel I5,Large,Entry-level,2.5,512
MSI,361291.0,Intel,Yes,16,4,LCD,NVIDIA,0,Intel I5,Small,Mid-end,4.5,512
Dell,346465.0,Intel,Yes,16,5,LCD,NVIDIA,0,Intel I7,Small,Mid-end,3.5,1024
Dell,178465.0,Intel,Yes,8,4,LCD,Intel,1024,Intel I5,Small,Entry-level,3.5,256
Lenovo,301000.0,Intel,Yes,8,4,LCD,Intel,0,Intel I5,Small,Low-end,2.5,512
ASUS,173736.5,Intel,Yes,8,4,LCD,Intel,0,Intel I5,Small,Low-end,2.5,512
Lenovo,272965.0,Intel,No,16,4,LCD,Intel,0,Intel I7,Small,Low-end,3.0,512
Acer,260015.0,Intel,No,8,LP4,LCD,Intel,0,Intel I5,Small,Low-end,4.0,512
Samsung,430465.0,Intel,No,16,4,LED,Intel,0,Intel I7,Small,Low-end,2.0,512
Samsung,384965.0,Intel,No,16,4,LED,Intel,0,Intel I5,Small,Low-end,2.0,512
Other,1256496.5,Intel,Yes,16,5,LCD,NVIDIA,0,Intel I7,Small,High-end,2.0,1024
Samsung,384965.0,Intel,Yes,16,4,LED,Intel,0,Intel I7,Small,Low-end,2.0,512
Samsung,297465.0,Intel,No,16,LP4,LCD,Intel,0,Intel I7,Small,Low-end,2.0,512
Samsung,384965.0,Intel,No,16,4,LED,Intel,0,Intel I5,Small,Low-end,2.0,512
Samsung,374500.0,Intel,No,16,4,LED,Intel,0,Intel I7,Small,Low-end,2.0,1024
Samsung,468965.0,Intel,Yes,16,LP4,LED,Intel,0,Intel I7,Small,Low-end,2.0,1024
Dell,403515.0,Intel,Yes,16,5,LCD,NVIDIA,0,Intel I7,Small,Mid-end,3.5,512
Samsung,419965.0,Intel,No,16,4,LED,Intel,0,Intel I7,Large,Low-end,2.0,1024
Lenovo,83965.0,Intel,No,4,4,LCD,Intel,0,Intel Celeron,Small,Entry-level,2.0,256
Dell,116088.0,Intel,Yes,8,4,LCD,Intel,0,Intel Pentium,Small,Entry-level,2.0,256
Dell,129465.0,Intel,Yes,8,4,LCD,Intel,0,Intel I3,Small,Entry-level,4.0,512
ASUS,290465.0,AMD,Yes,8,4,LCD,NVIDIA,0,AMD Ryzen 7,Small,Mid-end,4.0,512
Lenovo,326165.0,Intel,Yes,16,LP5,LED,Intel,0,Intel I7,Small,Low-end,2.5,512
ASUS,106711.5,Intel,No,4,4,LCD,Intel,0,Intel Pentium,Small,Entry-level,1.0,256
ASUS,311465.0,AMD,Yes,16,5,LCD,NVIDIA,0,AMD Ryzen 7,Large,Mid-end,4.5,512
ASUS,601965.0,Intel,No,16,LP5,LCD,NVIDIA,0,Intel I7,Small,Mid-end,2.5,512
MSI,321965.0,Intel,No,8,5,LCD,NVIDIA,0,Intel I7,Small,Mid-end,3.0,512
ASUS,238248.5,Intel,Yes,8,4,LED,NVIDIA,0,Intel I5,Large,Mid-end,2.5,512
ASUS,360465.0,Intel,Yes,16,4,LED,NVIDIA,0,Intel I9,Small,Mid-end,2.5,1024
Samsung,573965.0,Intel,No,16,4,LED,Intel,0,Intel I7,Large,Low-end,2.0,512
Lenovo,286965.0,Intel,No,16,LP4,LCD,Intel,0,Intel I7,Small,Low-end,3.5,512
HP,132965.0,AMD,No,8,LP5,LCD,AMD,0,AMD Ryzen 3,Small,Low-end,4.0,512
Samsung,545965.0,Intel,No,16,4,LED,Intel,0,Intel I5,Large,Low-end,2.0,512
Lenovo,244965.0,AMD,Yes,16,LP4,LCD,AMD,0,AMD Ryzen 7,Small,Entry-level,2.0,512
HP,230615.0,Intel,No,16,4,LCD,NVIDIA,0,Intel I5,Small,Low-end,4.5,512
MSI,297465.0,Intel,Yes,16,5,LCD,NVIDIA,0,Intel I7,Small,Mid-end,4.5,1024
ASUS,262465.0,Intel,Yes,16,4,LED,Intel,0,Intel I5,Small,Low-end,2.5,512
ASUS,248636.5,Intel,No,16,LP5,LED,NVIDIA,0,Intel I5,Small,Mid-end,2.0,512
Dell,137550.0,Intel,No,8,4,LCD,Intel,0,Intel I3,Small,Entry-level,4.0,512
ASUS,265965.0,Intel,No,16,4,LED,NVIDIA,0,Intel I5,Small,Mid-end,2.0,512
Dell,148393.0,Intel,Yes,8,4,LCD,Intel,0,Intel I3,Small,Entry-level,1.5,256
ASUS,279965.0,Intel,No,16,4,LED,NVIDIA,0,Intel I5,Small,Mid-end,2.5,512
Lenovo,178496.5,Intel,Yes,8,4,LCD,Intel,0,Intel I5,Small,Low-end,4.0,512
MSI,220465.0,Intel,No,16,LP4,LED,Intel,0,Intel I5,Small,Low-end,2.5,512
Lenovo,129465.0,Intel,Yes,8,4,LCD,Intel,0,Intel I3,Small,Entry-level,3.0,256
ASUS,265825.0,Intel,No,16,4,LCD,NVIDIA,0,Intel I5,Large,Mid-end,2.5,512
ASUS,440965.0,Intel,No,16,5,LCD,NVIDIA,0,Intel I7,Large,Mid-end,5.0,1024
Lenovo,286965.0,Intel,No,16,LP5,LED,Intel,0,Intel I5,Small,Low-end,2.5,512
HP,298900.0,AMD,Yes,16,5,LCD,AMD,0,AMD Ryzen 7,Small,Entry-level,4.5,1024
Dell,129465.0,AMD,Yes,8,4,LCD,AMD,0,AMD Ryzen 3,Small,Entry-level,2.5,256
Lenovo,328965.0,Intel,Yes,16,4,LCD,Intel,0,Intel I7,Small,Low-end,1.5,512
Lenovo,115465.0,Intel,No,8,4,LED,Intel,0,Intel I3,Small,Entry-level,1.0,256
HP,262150.0,Intel,No,16,4,LCD,Intel,0,Intel I7,Small,Low-end,2.5,1024
Other,261065.0,Intel,No,16,LP4,LCD,Intel,0,Intel I5,Small,Low-end,2.5,512
ASUS,118296.5,AMD,Yes,8,LP5,LCD,AMD,0,AMD Ryzen 3,Small,Entry-level,2.5,512
ASUS,187565.0,AMD,Yes,16,4,LCD,NVIDIA,0,AMD Ryzen 5,Small,Mid-end,4.0,512
ASUS,173215.0,Intel,No,16,4,LCD,Intel,0,Intel I5,Small,Entry-level,1.0,512
Lenovo,259665.0,AMD,No,16,LP4,LCD,AMD,0,AMD Ryzen 5,Small,Entry-level,2.0,512
ASUS,169365.0,Intel,No,8,4,LCD,Intel,0,Intel I3,Small,Low-end,1.5,512
Acer,248465.0,Intel,Yes,16,5,LCD,NVIDIA,0,Intel I5,Small,Mid-end,2.5,512
Acer,248465.0,Intel,Yes,16,5,LCD,NVIDIA,0,Intel I5,Small,Mid-end,2.5,512
ASUS,132996.5,Intel,No,4,4,LED,Intel,0,Intel I3,Small,Entry-level,4.0,256
Lenovo,178496.5,Intel,Yes,8,4,LCD,Intel,0,Intel I3,Small,Entry-level,2.0,256
Acer,157465.0,Intel,No,16,4,LCD,Intel,0,Intel I5,Small,Low-end,2.5,512
Lenovo,159215.0,Intel,No,8,4,LED,Intel,0,Intel I5,Small,Low-end,2.5,256
ASUS,202965.0,Intel,No,8,4,LCD,NVIDIA,1024,Intel I5,Small,Mid-end,2.5,256
HP,472528.0,AMD,No,8,4,LED,AMD,0,AMD Ryzen 5,Small,Low-end,2.0,512
Acer,150465.0,Intel,Yes,8,5,LCD,Intel,0,Intel I5,Small,Low-end,4.0,512
Lenovo,118965.0,Intel,No,4,4,LED,Intel,0,Intel I3,Small,Entry-level,3.0,256
HP,316715.0,Intel,No,16,4,LED,Intel,0,Intel I5,Small,Low-end,4.0,512
Dell,367465.0,AMD,Yes,16,4,LCD,NVIDIA,0,AMD Ryzen 7,Small,Mid-end,3.5,512
HP,505750.0,Intel,No,16,LP4,LED,Intel,0,Intel I7,Small,Low-end,4.5,512
MSI,262465.0,Intel,No,16,4,LCD,NVIDIA,0,Intel I7,Large,Mid-end,4.5,512
Dell,229250.0,Intel,Yes,8,4,LCD,NVIDIA,1024,Intel I5,Small,Low-end,3.0,256
Acer,134715.0,Intel,No,8,LP5,LCD,Intel,0,Intel I3,Small,Entry-level,4.0,512
Lenovo,115465.0,Intel,No,4,4,LED,Intel,0,Intel I3,Small,Entry-level,1.0,256
ASUS,335996.5,AMD,No,16,4,LED,AMD,0,AMD Ryzen 7,Small,Entry-level,2.0,512
HP,438900.0,AMD,Yes,16,5,LCD,NVIDIA,0,AMD Ryzen 7,Large,Mid-end,4.5,512
Other,349965.0,Intel,Yes,8,LP5,LCD,Intel,0,Intel I5,Small,Entry-level,4.0,256
ASUS,216965.0,Intel,No,8,4,LCD,NVIDIA,0,Intel I5,Large,Mid-end,2.0,512
Other,64620.5,Intel,No,4,LP4,LCD,Intel,0,Intel Celeron,Small,Entry-level,1.0,128
ASUS,122465.0,Intel,No,8,4,LCD,Intel,0,Intel I3,Small,Entry-level,1.0,512
Dell,223996.5,Intel,Yes,16,4,LED,NVIDIA,0,Intel I5,Small,Low-end,2.5,512
Dell,314965.0,Intel,No,16,LP5,LCD,Intel,0,Intel I7,Small,Entry-level,3.5,512
HP,152246.5,Intel,No,4,4,LED,Intel,1024,Intel I3,Small,Entry-level,1.0,0
Dell,174965.0,Intel,No,8,4,LCD,Intel,0,Intel I5,Small,Entry-level,2.5,512
Lenovo,272965.0,AMD,Yes,16,LP4,LCD,AMD,0,AMD Ryzen 7,Small,Entry-level,2.0,512
ASUS,598465.0,Intel,Yes,16,5,LCD,NVIDIA,0,Intel I9,Large,Mid-end,5.0,1024
HP,309400.0,AMD,No,16,4,LED,AMD,0,AMD Ryzen 7,Small,Entry-level,2.0,512
Dell,153965.0,Intel,No,8,4,LED,Intel,0,Intel I5,Small,Entry-level,2.5,512
ASUS,311465.0,Intel,Yes,16,LP5,LED,Intel,0,Intel I5,Small,Entry-level,1.5,512
ASUS,402500.0,AMD,No,16,5,LED,NVIDIA,0,AMD Ryzen 9,Small,Mid-end,3.5,1024
Other,279965.0,Intel,No,16,LP5,LCD,NVIDIA,0,Intel I5,Large,Mid-end,2.0,512
Other,349965.0,Intel,Yes,8,LP5,LCD,Intel,0,Intel I5,Small,Entry-level,4.0,256
Dell,117246.5,Intel,No,16,4,LED,Intel,1024,Intel I3,Small,Entry-level,4.0,256
MSI,220496.5,Intel,No,8,4,LCD,NVIDIA,0,Intel I7,Small,Low-end,5.0,512
HP,124418.0,Intel,No,8,4,LCD,Intel,0,Intel I3,Small,Entry-level,1.5,512
Samsung,339465.0,Intel,No,16,4,LED,Intel,0,Intel I7,Large,Low-end,3.0,512
Samsung,489965.0,Intel,No,16,4,LED,Intel,0,Intel I7,Small,Low-end,2.0,512
Samsung,580965.0,Intel,No,16,4,LED,Intel,0,Intel I7,Large,Low-end,2.0,1024
Samsung,332430.0,Intel,No,16,4,LED,Intel,0,Intel I5,Small,Low-end,2.0,512
Samsung,545965.0,Intel,No,16,4,LED,Intel,0,Intel I7,Small,Low-end,2.0,1024
ASUS,241500.0,AMD,No,8,4,LCD,AMD,0,AMD Ryzen 5,Small,Entry-level,3.5,512
HP,447646.5,Intel,No,16,5,LCD,NVIDIA,0,Intel I7,Large,High-end,4.5,1024
ASUS,304465.0,Intel,No,8,LP3,LED,Intel,0,Intel I5,Small,Entry-level,1.5,512
ASUS,601965.0,AMD,Yes,16,5,LCD,NVIDIA,0,AMD Ryzen 7,Large,Mid-end,4.5,1024
Dell,304573.5,AMD,No,16,5,LCD,NVIDIA,0,AMD Ryzen 7,Small,Mid-end,4.5,512
ASUS,530915.0,AMD,No,16,5,LCD,NVIDIA,0,AMD Ryzen 7,Small,Mid-end,3.5,1024
Lenovo,243215.0,Intel,Yes,16,LP5,LED,Intel,0,Intel I5,Small,Entry-level,2.0,512
Dell,234465.0,Intel,No,8,4,LED,Intel,0,Intel I5,Small,Entry-level,1.5,256
Lenovo,390215.0,Intel,Yes,16,LP5,LED,Intel,0,Intel I7,Small,Low-end,2.0,512
Dell,316746.5,AMD,No,16,4,LCD,NVIDIA,0,AMD Ryzen 7,Small,Mid-end,4.0,512
ASUS,636965.0,Intel,No,16,LP5,LCD,NVIDIA,0,Intel I9,Small,Mid-end,2.5,1024
ASUS,122465.0,Intel,No,4,4,LED,Intel,1024,Intel I3,Small,Entry-level,2.0,0
Acer,173775.0,Intel,Yes,8,4,LCD,Intel,0,Intel I5,Small,Low-end,2.5,512
Lenovo,314965.0,Intel,Yes,16,LP5,LED,Intel,0,Intel I5,Small,Low-end,2.0,1024
Other,279965.0,Intel,No,8,LP5,LCD,Intel,0,Intel I5,Small,Low-end,3.5,256
Lenovo,122465.0,AMD,Yes,8,4,LCD,AMD,0,AMD Ryzen 5,Small,Entry-level,3.5,512
ASUS,384965.0,Intel,Yes,16,LP5,LED,Intel,0,Intel I7,Small,Low-end,1.5,1024
Dell,174965.0,Intel,Yes,8,4,LCD,Intel,0,Intel I5,Small,Entry-level,2.5,512
Other,150465.0,Intel,No,16,LP4,LCD,Intel,0,Intel I7,Small,Low-end,5.0,1024
MSI,155746.5,Intel,Yes,8,4,LCD,Intel,0,Intel I5,Small,Low-end,4.0,512
Dell,143430.0,Intel,Yes,8,4,LCD,Intel,0,Intel I3,Small,Entry-level,3.5,512
ASUS,131596.5,Intel,No,8,4,LED,Intel,1024,Intel I3,Small,Entry-level,3.0,0
Lenovo,118965.0,Intel,No,4,4,LED,Intel,0,Intel I3,Small,Entry-level,1.0,256
Dell,874965.0,Intel,No,32,4,LED,NVIDIA,0,Intel I5,Small,Mid-end,2.0,1024
ASUS,587965.0,AMD,No,16,5,LCD,AMD,0,AMD Ryzen 7,Small,High-end,4.5,1024
Acer,139996.5,Intel,Yes,8,4,LCD,Intel,0,Intel Celeron,Small,Entry-level,1.0,128
Dell,259665.0,Intel,No,8,4,LCD,Intel,0,Intel I5,Small,Entry-level,5.0,512
ASUS,1154965.0,Intel,No,16,LP5,LED,Intel,0,Intel I7,Large,Low-end,1.0,1024
ASUS,419965.0,Intel,Yes,16,5,LCD,NVIDIA,0,Intel I7,Small,Mid-end,2.5,1024
Dell,150465.0,Intel,Yes,8,4,LCD,Intel,1024,Intel I5,Small,Entry-level,3.0,256
Dell,360465.0,Intel,Yes,16,4,LCD,NVIDIA,0,Intel I7,Small,Mid-end,2.5,512
ASUS,227465.0,AMD,Yes,16,LP5,LCD,NVIDIA,0,AMD Ryzen 7,Small,Mid-end,3.0,512
HP,202996.5,AMD,No,8,5,LCD,NVIDIA,0,AMD Ryzen 5,Small,Mid-end,4.5,512
Dell,197365.0,Intel,Yes,8,4,LCD,NVIDIA,0,Intel I5,Small,Low-end,3.5,512
ASUS,336000.0,Intel,No,16,4,LED,Intel,0,Intel I7,Small,Low-end,2.5,512
ASUS,367062.5,Intel,No,16,4,LCD,Intel,0,Intel I7,Small,Low-end,2.5,512
HP,404246.5,Intel,Yes,8,4,LCD,Intel,0,Intel I7,Small,Entry-level,3.0,512
Apple,1224650.0,Apple,No,32,5,LCD,Apple,0,Apple M-series,Large,High-end,3.5,1024
ASUS,244688.5,Intel,No,8,LP3,LED,Intel,0,Intel I5,Small,Entry-level,1.5,512
ASUS,539000.0,AMD,No,16,4,LCD,NVIDIA,0,AMD Ryzen 7,Large,Mid-end,3.0,1024
Dell,239746.5,Intel,Yes,16,4,LCD,NVIDIA,0,Intel I5,Small,Mid-end,4.5,512
ASUS,367465.0,AMD,No,16,LP4,LED,AMD,0,AMD Ryzen 7,Small,Entry-level,2.0,1024
HP,598465.0,Intel,No,16,5,LCD,NVIDIA,0,Intel I7,Large,High-end,4.5,1024
HP,360710.0,Intel,Yes,16,4,LCD,NVIDIA,0,Intel I5,Small,Mid-end,4.5,512
Dell,216825.0,Intel,Yes,8,4,LCD,Intel,0,Intel I5,Small,Low-end,2.5,512
ASUS,402465.0,AMD,No,16,LP5,LED,AMD,0,AMD Ryzen 7,Small,Entry-level,2.5,1024
ASUS,77350.0,Intel,No,4,4,LCD,Intel,0,Intel Celeron,Small,Entry-level,1.0,256
Acer,111965.0,AMD,No,8,4,LED,AMD,0,AMD Ryzen 3,Small,Entry-level,3.5,512
HP,128796.5,AMD,Yes,8,4,LCD,AMD,0,AMD Ryzen 5,Small,Low-end,2.0,512
ASUS,206465.0,AMD,No,16,4,LED,AMD,0,AMD Ryzen 5,Small,Entry-level,4.0,1024
ASUS,136815.0,AMD,Yes,8,LP5,LCD,AMD,0,AMD Ryzen 5,Small,Entry-level,4.0,512
HP,271250.0,AMD,Yes,16,5,LCD,AMD,0,AMD Ryzen 7,Small,Entry-level,4.5,1024
Other,570465.0,Intel,No,16,LP5,LCD,Intel,0,Intel I7,Small,Low-end,4.5,256
ASUS,145250.0,AMD,No,4,4,LED,AMD,0,AMD Ryzen 5,Small,Low-end,2.0,256
Lenovo,475996.5,Intel,No,8,4,LED,NVIDIA,1024,Intel I7,Small,Mid-end,2.5,256
HP,469315.0,Intel,Yes,16,4,LCD,NVIDIA,0,Intel I7,Large,Mid-end,2.5,1024
Dell,284865.0,Intel,No,16,LP5,LCD,Intel,0,Intel I7,Small,Low-end,5.0,512
HP,582746.5,Intel,No,16,4,LED,NVIDIA,0,Intel I7,Large,High-end,3.0,1024
ASUS,752500.0,AMD,Yes,16,5,LCD,NVIDIA,0,AMD Ryzen 9,Small,High-end,5.0,1024
HP,507496.5,Intel,No,32,LP4,LED,Intel,0,Intel I7,Small,Low-end,5.0,1024
Dell,199496.5,Intel,Yes,8,LP5,LCD,Intel,0,Intel I5,Small,Low-end,3.5,512
Other,311391.5,Intel,Yes,8,LP5,LCD,Intel,0,Intel I5,Small,Low-end,4.0,256
Lenovo,167965.0,Intel,Yes,8,4,LCD,Intel,0,Intel I5,Small,Entry-level,1.5,512
ASUS,244996.5,Intel,No,16,4,LCD,Intel,0,Intel I5,Small,Low-end,1.5,512
Lenovo,97615.0,Intel,No,8,4,LCD,Intel,0,Intel Celeron,Small,Entry-level,1.0,256
HP,319375.0,Intel,No,16,4,LCD,Intel,0,Intel I7,Small,Low-end,4.5,512
Lenovo,115465.0,Intel,Yes,8,4,LCD,Intel,0,Intel I3,Small,Entry-level,3.0,512
ASUS,127225.0,Intel,No,8,4,LCD,Intel,0,Intel I3,Small,Entry-level,3.0,256
Acer,349965.0,AMD,No,16,LP4,LCD,NVIDIA,0,AMD Ryzen 7,Small,Mid-end,2.5,1024
ASUS,115150.0,AMD,Yes,8,5,LCD,AMD,0,AMD Ryzen 3,Small,Entry-level,4.0,512
HP,260466.5,Intel,No,8,LP4,LED,Intel,0,Intel I5,Small,Low-end,1.0,512
Dell,464765.0,Intel,Yes,16,5,LCD,NVIDIA,0,Intel I9,Small,High-end,4.0,1024
Other,230965.0,Intel,No,8,4,LCD,NVIDIA,0,Intel I5,Small,Mid-end,2.5,512
Acer,332496.5,Intel,Yes,16,5,LCD,NVIDIA,0,Intel I7,Small,Mid-end,3.0,512
ASUS,412965.0,Intel,Yes,16,LP5,LED,Intel,0,Intel I7,Small,Low-end,2.0,512
HP,381150.0,Intel,No,16,4,LED,Intel,0,Intel I7,Small,Low-end,4.5,512
HP,594996.5,Intel,Yes,16,5,LCD,NVIDIA,0,Intel I7,Large,Mid-end,4.5,1024
ASUS,307965.0,Intel,Yes,16,LP5,LED,Intel,0,Intel I5,Small,Low-end,4.5,512
MSI,320565.0,Intel,Yes,16,4,LCD,NVIDIA,0,Intel I7,Small,Mid-end,4.5,512
MSI,332465.0,AMD,Yes,16,5,LCD,NVIDIA,0,AMD Ryzen 7,Large,Mid-end,4.5,1024
ASUS,207865.0,AMD,No,8,4,LCD,AMD,0,AMD Ryzen 5,Small,Entry-level,4.0,512
Dell,374465.0,Intel,Yes,16,5,LCD,NVIDIA,0,Intel I7,Small,Mid-end,3.5,512
Dell,343000.0,Intel,No,16,4,LCD,NVIDIA,0,Intel I7,Large,Low-end,4.5,512
ASUS,309715.0,AMD,Yes,16,5,LCD,NVIDIA,0,AMD Ryzen 7,Small,Mid-end,4.5,1024
Lenovo,320250.0,Intel,No,16,4,LCD,Intel,0,Intel I7,Small,Low-end,3.0,512
Other,675465.0,Intel,No,16,LP5,LCD,Intel,0,Intel I7,Small,Low-end,4.5,512
Lenovo,194946.5,Intel,No,4,4,LED,NVIDIA,1024,Intel I5,Small,Low-end,2.5,0
HP,92715.0,AMD,No,8,4,LCD,AMD,0,AMD Ryzen 3,Small,Entry-level,2.5,512
ASUS,335615.0,Intel,No,16,4,LED,NVIDIA,0,Intel I5,Small,Mid-end,4.0,1024
ASUS,216965.0,Intel,No,8,4,LED,Intel,1024,Intel I5,Small,Entry-level,2.5,256
Lenovo,783996.5,Intel,Yes,16,LP4,LCD,Intel,0,Intel I7,Small,Entry-level,3.0,1024
Lenovo,250071.5,Intel,Yes,8,4,LCD,Intel,0,Intel I5,Small,Entry-level,4.0,512
Other,721875.0,Intel,Yes,16,4,LCD,NVIDIA,0,Intel I7,Small,Mid-end,2.5,1024
Dell,594965.0,Intel,Yes,16,LP5,LCD,NVIDIA,0,Intel I7,Small,Mid-end,3.5,512
ASUS,230965.0,Intel,No,8,4,LCD,NVIDIA,0,Intel I7,Small,Mid-end,2.0,512
Acer,119000.0,Intel,No,4,4,LCD,Intel,1024,Intel I3,Small,Entry-level,2.0,0
Other,360465.0,Intel,No,8,LP5,LCD,Intel,0,Intel I5,Small,Low-end,4.0,128
Dell,251615.0,Intel,Yes,8,4,LCD,NVIDIA,0,Intel I5,Small,Mid-end,2.5,512
ASUS,419965.0,AMD,No,16,5,LCD,AMD,0,AMD Ryzen 7,Small,High-end,4.5,1024
Lenovo,111996.5,Intel,No,8,4,LCD,Intel,0,Intel I3,Small,Entry-level,3.0,256
HP,320250.0,Intel,No,16,4,LCD,NVIDIA,0,Intel I7,Small,Mid-end,4.5,1024
Lenovo,192325.0,Intel,Yes,16,4,LCD,NVIDIA,0,Intel I5,Small,Mid-end,3.0,512
MSI,143465.0,Intel,No,16,4,LCD,Intel,0,Intel I5,Small,Low-end,2.5,512
ASUS,227465.0,Intel,No,16,4,LED,Intel,0,Intel I5,Small,Low-end,4.5,512
Acer,370996.5,AMD,Yes,16,4,LCD,NVIDIA,1024,AMD Ryzen 5,Small,Mid-end,3.5,512
ASUS,385000.0,AMD,No,16,LP5,LED,AMD,0,AMD Ryzen 5,Small,Entry-level,3.0,512
Other,640465.0,Intel,No,16,LP5,LCD,Intel,0,Intel I7,Small,Low-end,4.5,512
HP,355491.5,AMD,No,8,4,LCD,AMD,0,AMD Ryzen 7,Small,Entry-level,4.5,512
ASUS,337750.0,Intel,No,16,LP5,LED,NVIDIA,0,Intel I5,Small,Mid-end,2.5,512
ASUS,279965.0,AMD,No,16,5,LCD,AMD,0,AMD Ryzen 7,Small,Entry-level,4.0,512
ASUS,612500.0,AMD,Yes,16,5,LCD,NVIDIA,0,AMD Ryzen 9,Small,Mid-end,5.0,1024
ASUS,220465.0,Intel,No,16,4,LED,Intel,0,Intel I5,Small,Entry-level,4.5,512
HP,124635.0,Intel,Yes,8,4,LCD,Intel,0,Intel I3,Small,Entry-level,4.0,512
HP,223965.0,Intel,No,16,4,LED,NVIDIA,0,Intel I5,Small,Mid-end,2.5,512
Acer,174965.0,AMD,Yes,8,LP4,LCD,AMD,0,AMD Ryzen 5,Small,Entry-level,2.0,512
Dell,343000.0,Intel,Yes,16,4,LCD,Intel,0,Intel I5,Large,Entry-level,3.0,512
HP,509215.0,Intel,No,16,4,LCD,Intel,0,Intel I7,Large,Low-end,4.5,512
Lenovo,500465.0,AMD,No,16,4,LCD,NVIDIA,0,AMD Ryzen 7,Small,Mid-end,4.0,1024
Lenovo,304496.5,Intel,No,16,4,LED,Intel,0,Intel I5,Small,Low-end,2.5,512
ASUS,244965.0,Intel,No,16,4,LCD,NVIDIA,0,Intel I5,Small,Mid-end,2.5,512
ASUS,437482.5,Intel,No,16,5,LCD,NVIDIA,0,Intel I7,Small,Mid-end,2.5,512
ASUS,734965.0,AMD,Yes,16,5,LCD,NVIDIA,0,AMD Ryzen 9,Large,Mid-end,5.0,1024
MSI,262465.0,Intel,Yes,8,4,LCD,NVIDIA,0,Intel I5,Small,Mid-end,4.0,512
HP,531965.0,Intel,No,16,5,LCD,NVIDIA,0,Intel I7,Large,Mid-end,5.0,512
ASUS,332360.0,Intel,Yes,8,3,LCD,Intel,0,Intel I7,Small,Entry-level,2.5,512
Dell,384965.0,Intel,No,8,4,LCD,NVIDIA,0,Intel I7,Small,Mid-end,2.5,512
Other,447965.0,Intel,No,16,4,LCD,Intel,0,Intel I7,Small,Low-end,2.0,256
Dell,181965.0,Intel,Yes,8,4,LCD,Intel,0,Intel I5,Small,Entry-level,2.5,512
Lenovo,187481.0,AMD,Yes,16,4,LCD,AMD,0,AMD Ryzen 5,Small,Entry-level,2.5,512
Lenovo,451496.5,Intel,No,16,LP4,LED,Intel,0,Intel I7,Small,Low-end,3.0,1024
Lenovo,247100.0,Intel,Yes,16,4,LCD,Intel,0,Intel I5,Small,Low-end,3.5,512
Lenovo,614915.0,Intel,Yes,16,LP5,LED,Intel,0,Intel I7,Small,Low-end,3.5,1024
HP,265650.0,Intel,Yes,8,4,LCD,Intel,0,Intel I5,Small,Low-end,4.0,512
Other,581696.5,Intel,No,16,4,LCD,NVIDIA,0,Intel I7,Small,High-end,2.5,1024
HP,531965.0,Intel,No,16,LP4,LED,Intel,0,Intel I7,Small,Low-end,4.5,1024
Other,916965.0,Intel,No,32,LP5,LCD,Intel,0,Intel I7,Small,Low-end,4.5,1024
HP,202646.5,Intel,Yes,8,4,LCD,Intel,0,Intel I5,Small,Entry-level,4.0,512
Lenovo,153965.0,Intel,Yes,8,5,LCD,Intel,0,Intel I3,Small,Entry-level,4.0,512
Dell,241258.5,AMD,No,16,4,LCD,AMD,0,AMD Ryzen 7,Small,Entry-level,3.5,512
Lenovo,279965.0,Intel,Yes,16,LP5,LED,Intel,0,Intel I5,Small,Low-end,3.5,512
MSI,438861.5,Intel,No,16,LP5,LCD,Intel,0,Intel I7,Large,Low-end,5.0,1024
ASUS,332150.0,AMD,No,16,4,LED,NVIDIA,0,AMD Ryzen 7,Small,Mid-end,3.5,1024
Lenovo,605465.0,Intel,Yes,32,5,LCD,NVIDIA,0,Intel I7,Large,High-end,1.5,1024
ASUS,507465.0,Intel,No,16,LP5,LED,Intel,0,Intel I7,Small,Low-end,2.5,1024
MSI,132965.0,Intel,Yes,8,4,LCD,Intel,0,Intel I3,Small,Entry-level,4.0,512
ASUS,220430.0,Intel,Yes,16,4,LCD,Intel,0,Intel I5,Small,Entry-level,1.5,512
ASUS,99627.5,Intel,No,4,4,LCD,Intel,0,Intel Celeron,Small,Entry-level,3.0,256
Other,524965.0,Intel,Yes,16,LP4,LCD,NVIDIA,0,Intel I7,Small,Low-end,4.0,1024
HP,195996.5,AMD,Yes,8,4,LCD,NVIDIA,0,AMD Ryzen 5,Large,Mid-end,4.0,512
ASUS,283465.0,AMD,Yes,8,4,LCD,NVIDIA,0,AMD Ryzen 7,Small,Mid-end,3.0,1024
Dell,594965.0,Intel,No,16,LP5,LCD,Intel,0,Intel I7,Small,Low-end,3.5,1024
MSI,630000.0,Intel,Yes,16,4,LED,NVIDIA,1024,Intel I7,Large,High-end,2.5,512
HP,131250.0,Intel,No,8,4,LED,Intel,0,Intel I3,Small,Entry-level,4.0,256
ASUS,125965.0,Intel,No,16,4,LCD,Intel,0,Intel I3,Small,Entry-level,3.0,512
Acer,305224.5,Intel,No,8,LP3,LED,Intel,0,Intel I7,Small,Entry-level,1.5,256
Other,97965.0,Intel,No,8,LP4,LCD,Intel,0,Intel I3,Small,Entry-level,1.0,256
HP,140875.0,Intel,Yes,16,4,LCD,Intel,0,Intel I3,Small,Entry-level,1.0,512
HP,258965.0,Intel,No,16,4,LCD,NVIDIA,0,Intel I5,Small,Low-end,4.5,512
ASUS,125965.0,AMD,No,8,LP5,LCD,AMD,0,AMD Ryzen 3,Small,Entry-level,2.5,512
ASUS,188965.0,Intel,No,16,4,LCD,NVIDIA,0,Intel I5,Small,Mid-end,3.0,512
Samsung,188965.0,Intel,Yes,16,4,LED,Intel,0,Intel I5,Small,Low-end,4.0,512
ASUS,125965.0,AMD,No,8,LP5,LCD,AMD,0,AMD Ryzen 3,Small,Entry-level,4.0,512
HP,129465.0,Intel,Yes,8,4,LCD,Intel,0,Intel I3,Small,Entry-level,1.0,512
Lenovo,173215.0,Intel,Yes,8,4,LED,NVIDIA,1024,Intel I5,Small,Entry-level,2.5,0
ASUS,146965.0,Intel,No,16,4,LCD,Intel,0,Intel I3,Small,Entry-level,1.0,512
ASUS,167965.0,AMD,No,8,4,LCD,AMD,1024,AMD Ryzen 5,Small,Entry-level,4.0,256
ASUS,110250.0,Intel,Yes,8,4,LCD,Intel,0,Intel I3,Small,Entry-level,1.5,256
ASUS,132965.0,Intel,Yes,8,4,LCD,Intel,0,Intel I3,Small,Entry-level,1.0,512
Other,101465.0,Intel,No,8,4,LCD,Intel,0,Intel I5,Small,Entry-level,2.5,512
ASUS,69965.0,Intel,No,4,4,LCD,Intel,0,Intel Celeron,Small,Entry-level,3.0,256
Other,104965.0,Intel,Yes,8,LP4,LCD,Intel,0,Intel I3,Small,Entry-level,4.0,512
MSI,183715.0,Intel,No,16,4,LCD,Intel,0,Intel I5,Small,Mid-end,3.5,512
ASUS,122465.0,Intel,Yes,8,4,LCD,Intel,0,Intel I3,Small,Entry-level,2.0,512
Lenovo,244965.0,AMD,Yes,16,5,LCD,NVIDIA,0,AMD Ryzen 7,Small,Mid-end,3.0,512
HP,241465.0,Intel,Yes,16,4,LCD,Intel,0,Intel I5,Small,Low-end,4.0,512
Other,185465.0,Intel,No,16,LP4,LCD,Intel,0,Intel I5,Small,Low-end,4.0,512
ASUS,290496.5,Intel,Yes,16,4,LCD,NVIDIA,0,Intel I7,Small,Mid-end,2.5,1024
Other,101465.0,Intel,No,8,LP4,LCD,Intel,0,Intel I5,Small,Low-end,4.5,512
ASUS,272650.0,AMD,Yes,16,4,LCD,NVIDIA,0,AMD Ryzen 7,Small,Mid-end,4.0,512
MSI,205065.0,Intel,No,16,4,LCD,NVIDIA,0,Intel I5,Small,Mid-end,4.0,512
Lenovo,199465.0,Intel,Yes,16,LP5,LCD,Intel,0,Intel I5,Small,Entry-level,2.0,512
ASUS,209965.0,Intel,Yes,8,4,LCD,NVIDIA,0,Intel I5,Small,Mid-end,2.5,512
ASUS,213465.0,AMD,No,16,4,LCD,NVIDIA,0,AMD Ryzen 7,Small,Mid-end,3.0,512
HP,230965.0,AMD,Yes,8,5,LCD,NVIDIA,0,AMD Ryzen 5,Small,Mid-end,3.5,512
ASUS,174965.0,AMD,No,16,4,LCD,AMD,0,AMD Ryzen 5,Large,Entry-level,2.0,512
HP,140462.0,Intel,Yes,8,4,LCD,Intel,0,Intel I3,Small,Entry-level,4.0,512
HP,305550.0,Intel,No,16,4,LCD,Intel,0,Intel I7,Small,Entry-level,3.5,512
Lenovo,118965.0,AMD,Yes,8,LP5,LCD,AMD,0,AMD Ryzen 3,Small,Low-end,2.5,512
ASUS,223996.5,Intel,No,8,4,LCD,Intel,0,Intel I5,Small,Low-end,2.5,512
HP,129465.0,Intel,Yes,8,4,LCD,Intel,0,Intel I3,Small,Entry-level,3.5,512
HP,185496.5,Intel,Yes,8,4,LCD,Intel,0,Intel I5,Small,Low-end,4.0,512
Lenovo,115465.0,Intel,No,4,4,LED,Intel,0,Intel I3,Small,Entry-level,3.0,256
ASUS,271425.0,Intel,No,16,LP5,LED,NVIDIA,0,Intel I5,Small,Mid-end,2.0,512
ASUS,265965.0,Intel,No,16,4,LED,Intel,0,Intel I7,Small,Low-end,3.0,512
HP,192465.0,Intel,No,8,4,LCD,Intel,0,Intel I3,Small,Entry-level,4.0,512
ASUS,230965.0,AMD,Yes,16,4,LCD,NVIDIA,0,AMD Ryzen 5,Small,Mid-end,3.5,512
ASUS,80465.0,Intel,No,8,4,LCD,Intel,0,Intel Celeron,Small,Entry-level,1.0,256
ASUS,213465.0,Intel,Yes,8,4,LCD,NVIDIA,0,Intel I5,Small,Mid-end,2.5,512
Lenovo,237965.0,Intel,Yes,8,4,LCD,Intel,0,Intel I5,Small,Entry-level,1.5,512
Lenovo,335965.0,Intel,Yes,16,5,LCD,NVIDIA,0,Intel I7,Small,Mid-end,2.5,512
MSI,227465.0,Intel,No,16,4,LCD,NVIDIA,0,Intel I5,Small,Mid-end,3.5,512
Lenovo,342965.0,AMD,No,16,4,LCD,NVIDIA,0,AMD Ryzen 7,Small,Mid-end,3.0,512
Lenovo,254800.0,Intel,No,16,4,LCD,Intel,0,Intel I5,Small,Low-end,3.5,1024
MSI,209965.0,Intel,No,8,4,LCD,NVIDIA,0,Intel I5,Small,Mid-end,3.5,512
MSI,179865.0,AMD,No,8,5,LCD,AMD,0,AMD Ryzen 5,Small,Mid-end,4.0,512
Lenovo,115115.0,AMD,Yes,8,LP5,LCD,AMD,0,AMD Ryzen 3,Small,Low-end,2.5,512
MSI,114065.0,Intel,Yes,8,LP4,LCD,Intel,0,Intel I3,Small,Entry-level,3.5,512
Acer,150465.0,Intel,Yes,8,4,LCD,Intel,0,Intel I5,Small,Low-end,2.5,512
MSI,384965.0,Intel,No,16,5,LCD,NVIDIA,0,Intel I7,Large,Mid-end,4.5,1024
HP,136766.0,Intel,No,4,4,LED,Intel,1024,Intel I3,Small,Entry-level,2.0,0
HP,486465.0,Intel,Yes,16,5,LCD,NVIDIA,0,Intel I7,Large,Mid-end,5.5,1024
ASUS,192465.0,AMD,No,16,4,LCD,AMD,0,AMD Ryzen 7,Large,Entry-level,2.0,512
Dell,190746.5,Intel,Yes,8,4,LCD,Intel,1024,Intel I5,Small,Entry-level,3.5,256
HP,219971.5,Intel,No,16,4,LCD,NVIDIA,0,Intel I5,Small,Mid-end,5.0,512
ASUS,314965.0,AMD,No,16,4,LCD,NVIDIA,0,AMD Ryzen 7,Small,Mid-end,4.5,512
Lenovo,250215.0,Intel,Yes,16,4,LCD,Intel,0,Intel I5,Small,Entry-level,1.5,512
Other,153965.0,Intel,No,16,LP5,LCD,Intel,0,Intel I7,Small,Low-end,2.5,512
MSI,451465.0,Intel,No,8,5,LCD,NVIDIA,0,Intel I7,Large,Mid-end,5.0,1024
ASUS,392805.0,AMD,Yes,16,4,LCD,NVIDIA,0,AMD Ryzen 7,Large,Mid-end,3.5,512
HP,395465.0,Intel,No,16,5,LCD,NVIDIA,0,Intel I7,Large,Mid-end,5.0,1024
HP,196350.0,Intel,Yes,16,4,LCD,Intel,0,Intel I5,Small,Low-end,4.0,512
MSI,115465.0,Intel,No,8,4,LCD,Intel,0,Intel I3,Small,Entry-level,1.0,256
ASUS,706965.0,AMD,No,16,5,LCD,NVIDIA,0,AMD Ryzen 9,Small,High-end,5.0,1024
HP,122465.0,AMD,Yes,8,4,LCD,AMD,0,AMD Ryzen 5,Small,Entry-level,2.5,512
Lenovo,172865.0,AMD,Yes,8,4,LCD,AMD,0,AMD Ryzen 7,Small,Entry-level,2.0,512
ASUS,118965.0,AMD,Yes,8,LP5,LCD,AMD,0,AMD Ryzen 3,Small,Entry-level,4.0,1024
MSI,524996.5,Intel,No,16,4,LCD,NVIDIA,0,Intel I9,Large,Mid-end,4.5,1024
Lenovo,399665.0,Intel,Yes,16,LP5,LED,Intel,0,Intel I7,Small,Entry-level,3.0,1024
ASUS,369250.0,AMD,Yes,16,LP4,LED,NVIDIA,0,AMD Ryzen 9,Small,Mid-end,3.0,1024
ASUS,706965.0,AMD,No,16,5,LCD,NVIDIA,0,AMD Ryzen 9,Small,High-end,5.0,1024
Lenovo,125996.5,Intel,Yes,8,4,LCD,Intel,0,Intel I3,Small,Entry-level,3.0,256
Samsung,461965.0,Intel,Yes,16,LP4,LED,Intel,0,Intel Ultra 7,Small,Low-end,5.0,512
Lenovo,157465.0,AMD,Yes,16,4,LCD,AMD,0,AMD Ryzen 7,Small,Entry-level,2.0,512
HP,114271.5,Intel,Yes,8,4,LCD,Intel,0,Intel I3,Small,Low-end,4.0,512
MSI,276465.0,Intel,No,16,5,LCD,NVIDIA,0,Intel I5,Small,Mid-end,3.5,1024
MSI,475965.0,Intel,No,16,5,LCD,NVIDIA,0,Intel I9,Small,Mid-end,5.0,1024
Samsung,507465.0,Intel,Yes,16,LP5,LED,Intel,0,Intel Ultra 7,Large,Low-end,5.0,512
ASUS,269465.0,AMD,No,8,4,LCD,NVIDIA,0,AMD Ryzen 7,Large,Mid-end,4.0,512
HP,118996.5,AMD,Yes,8,4,LCD,AMD,0,AMD Ryzen 5,Small,Entry-level,2.0,512
MSI,160965.0,Intel,No,8,4,LCD,Intel,0,Intel I3,Small,Entry-level,1.0,512
ASUS,381465.0,Intel,Yes,16,4,LCD,NVIDIA,0,Intel I7,Small,Mid-end,1.5,512
Dell,244965.0,Intel,Yes,16,4,LCD,Intel,0,Intel I7,Small,Entry-level,1.5,512
HP,195965.0,AMD,No,16,4,LCD,AMD,0,AMD Ryzen 5,Small,Entry-level,4.0,1024
ASUS,363265.0,AMD,No,8,4,LED,NVIDIA,0,AMD Ryzen 7,Small,Mid-end,3.0,1024
HP,311465.0,Intel,Yes,16,4,LCD,NVIDIA,0,Intel I7,Small,Mid-end,4.5,512
HP,183886.5,AMD,No,16,4,LCD,AMD,0,AMD Ryzen 5,Small,Mid-end,4.0,512
HP,118965.0,Intel,No,8,4,LCD,Intel,0,Intel I3,Small,Entry-level,4.0,512
Lenovo,287665.0,AMD,Yes,16,5,LCD,NVIDIA,0,AMD Ryzen 7,Small,Mid-end,4.5,512
Lenovo,294665.0,Intel,Yes,16,LP5,LCD,Intel,0,Intel I7,Large,Low-end,2.5,1024
ASUS,759465.0,AMD,Yes,16,5,LCD,NVIDIA,0,AMD Ryzen 9,Large,High-end,5.0,1024
Other,297360.0,Intel,Yes,8,4,LCD,Intel,0,Intel I7,Small,Entry-level,2.0,512
ASUS,741965.0,AMD,No,16,5,LCD,NVIDIA,0,AMD Ryzen 9,Small,High-end,5.0,1024
ASUS,992561.5,Intel,No,32,5,LCD,NVIDIA,0,Intel I9,Small,High-end,2.5,1024
ASUS,139965.0,Intel,Yes,8,4,LED,Intel,0,Intel I5,Small,Entry-level,2.5,512
ASUS,281715.0,AMD,No,8,4,LED,NVIDIA,0,AMD Ryzen 7,Small,Mid-end,3.0,512
ASUS,248465.0,AMD,No,16,4,LCD,NVIDIA,0,AMD Ryzen 7,Small,Mid-end,3.0,1024
HP,594965.0,Intel,No,32,LP5,LED,Intel,0,Intel Ultra 7,Small,Low-end,5.0,1024
HP,580755.0,Intel,Yes,32,LP5,LED,Intel,0,Intel Ultra 7,Small,Low-end,5.0,1024
MSI,433965.0,Intel,Yes,16,5,LED,NVIDIA,0,Intel I7,Small,Mid-end,3.5,1024
ASUS,370965.0,AMD,Yes,8,4,LCD,NVIDIA,0,AMD Ryzen 7,Small,Mid-end,3.0,1024
Samsung,258965.0,Intel,No,16,LP4,LCD,Intel,0,Intel I7,Small,Low-end,1.5,512
MSI,769965.0,Intel,Yes,32,5,LCD,NVIDIA,0,Intel I7,Large,Mid-end,5.0,1024
ASUS,594930.0,AMD,No,16,5,LCD,AMD,0,AMD Ryzen 9,Small,Entry-level,5.0,1024
ASUS,664965.0,AMD,No,16,5,LCD,NVIDIA,0,AMD Ryzen 9,Small,High-end,5.0,1024
ASUS,705064.5,AMD,Yes,32,5,LCD,NVIDIA,0,AMD Ryzen 9,Small,Mid-end,5.0,1024
ASUS,377968.5,AMD,No,16,5,LCD,NVIDIA,0,AMD Ryzen 7,Small,Mid-end,4.5,1024
Acer,104996.5,AMD,Yes,8,4,LCD,Intel,1024,AMD Ryzen 3,Small,Entry-level,3.0,0
Lenovo,167965.0,Intel,No,8,4,LCD,Intel,0,Intel I5,Small,Entry-level,1.5,512
ASUS,573965.0,AMD,No,16,5,LCD,AMD,0,AMD Ryzen 9,Large,Low-end,5.0,1024
ASUS,349965.0,AMD,No,16,4,LED,NVIDIA,0,AMD Ryzen 9,Small,Mid-end,3.0,1024
Lenovo,112000.0,AMD,Yes,8,4,LCD,AMD,0,AMD Ryzen 3,Small,Entry-level,3.5,512
ASUS,671965.0,Intel,No,16,LP5,LCD,NVIDIA,0,Intel I9,Small,Mid-end,2.5,1024
HP,169715.0,AMD,Yes,8,4,LCD,AMD,0,AMD Ryzen 7,Small,Entry-level,4.0,512
Lenovo,355215.0,Intel,No,16,5,LCD,NVIDIA,0,Intel I7,Small,Mid-end,3.5,512
Other,309365.0,Intel,No,16,LP5,LCD,Intel,0,Intel I5,Small,Low-end,3.5,256
HP,311465.0,AMD,No,16,LP4,LED,AMD,0,AMD Ryzen 5,Small,Entry-level,4.0,512
Lenovo,356615.0,AMD,No,16,5,LCD,NVIDIA,0,AMD Ryzen 7,Small,Mid-end,3.5,512
ASUS,183225.0,Intel,No,16,4,LCD,Intel,0,Intel I5,Small,Low-end,2.5,512
Dell,381465.0,AMD,Yes,16,5,LCD,NVIDIA,0,AMD Ryzen 9,Small,Mid-end,3.5,1024
HP,545678.0,Intel,Yes,16,5,LED,Intel,0,Intel I7,Large,Mid-end,4.5,512
Lenovo,297150.0,AMD,Yes,16,LP4,LCD,AMD,0,AMD Ryzen 5,Small,Entry-level,2.0,512
ASUS,500115.0,AMD,Yes,16,5,LCD,NVIDIA,0,AMD Ryzen 9,Large,Mid-end,5.0,1024
Dell,286615.0,Intel,Yes,16,LP5,LCD,Intel,0,Intel I7,Small,Entry-level,3.5,512
ASUS,729715.0,Intel,Yes,32,5,LCD,NVIDIA,0,Intel I9,Large,High-end,2.5,1024
HP,439054.0,AMD,Yes,16,5,LCD,NVIDIA,0,AMD Ryzen 7,Large,Mid-end,4.5,512
ASUS,451465.0,AMD,Yes,16,4,LCD,NVIDIA,0,AMD Ryzen 9,Small,Mid-end,3.0,1024
Other,531996.5,Intel,Yes,16,LP4,LCD,Intel,0,Intel I5,Small,Entry-level,1.5,512
Other,218270.5,Intel,Yes,8,4,LCD,Intel,0,Intel I5,Small,Entry-level,1.0,512
Lenovo,227465.0,Intel,Yes,16,5,LCD,Intel,0,Intel I5,Small,Entry-level,1.5,512
Lenovo,367465.0,AMD,Yes,32,LP5,LCD,AMD,0,AMD Ryzen 7,Small,Entry-level,3.5,1024
Other,339871.0,Intel,Yes,16,5,LCD,NVIDIA,0,Intel I7,Large,Mid-end,5.0,512
Other,372732.5,Intel,Yes,16,5,LCD,NVIDIA,0,Intel I7,Large,Mid-end,2.5,512
MSI,272965.0,Intel,Yes,16,5,LCD,Intel,0,Intel Ultra 7,Small,Low-end,5.0,512
Dell,554715.0,Intel,No,16,5,LCD,NVIDIA,0,Intel I7,Large,Mid-end,5.0,1024
MSI,244965.0,Intel,Yes,16,5,LCD,Intel,0,Intel Ultra 7,Small,Low-end,5.0,512
Lenovo,376215.0,AMD,Yes,32,LP5,LCD,AMD,0,AMD Ryzen 7,Large,Low-end,5.0,1024
Dell,125965.0,Intel,Yes,8,4,LCD,Intel,0,Intel I3,Small,Entry-level,4.0,512
Samsung,241496.5,Intel,No,16,LP4,LCD,Intel,0,Intel I5,Small,Entry-level,1.5,512
HP,381612.0,Intel,Yes,16,4,LCD,NVIDIA,0,Intel I7,Small,Mid-end,5.0,1024
MSI,402465.0,AMD,Yes,16,5,LCD,NVIDIA,0,AMD Ryzen 9,Large,Mid-end,5.0,1024
Samsung,279996.5,Intel,No,16,LP4,LCD,Intel,0,Intel I7,Small,Low-end,2.0,512
Other,374139.5,Intel,Yes,16,5,LCD,NVIDIA,0,Intel I7,Small,Mid-end,5.0,512
Samsung,241465.0,Intel,No,8,LP4,LCD,Intel,0,Intel I5,Small,Low-end,1.5,512
Samsung,237965.0,Intel,No,8,LP4,LCD,Intel,0,Intel I5,Small,Low-end,1.5,512
ASUS,262465.0,Intel,Yes,16,4,LCD,NVIDIA,0,Intel I5,Large,Mid-end,2.5,1024
ASUS,507465.0,Intel,Yes,32,LP5,LED,Intel,0,Intel Ultra 9,Small,Low-end,2.5,1024
MSI,185465.0,AMD,No,8,5,LCD,NVIDIA,0,AMD Ryzen 5,Small,Mid-end,3.5,512
ASUS,267715.0,Intel,No,16,4,LED,NVIDIA,0,Intel I5,Small,Mid-end,2.5,512
HP,181398.0,Intel,Yes,16,4,LCD,Intel,0,Intel I5,Small,Low-end,4.0,512
Dell,156765.0,AMD,Yes,8,LP5,LCD,AMD,0,AMD Ryzen 5,Small,Entry-level,4.0,512
MSI,202965.0,Intel,Yes,16,4,LCD,Intel,0,Intel I7,Small,Low-end,1.0,1024
HP,150157.0,Intel,Yes,8,4,LCD,Intel,0,Intel I3,Small,Entry-level,4.0,256
Dell,232365.0,Intel,No,16,LP5,LCD,Intel,0,Intel I5,Small,Low-end,4.5,512
Samsung,293965.0,Intel,No,16,LP4,LCD,Intel,0,Intel I7,Small,Low-end,1.5,512
MSI,209965.0,Intel,Yes,16,5,LCD,Intel,0,Intel Ultra 5,Small,Low-end,1.0,512
Dell,520415.0,Intel,No,16,5,LCD,NVIDIA,0,Intel I9,Small,Mid-end,5.5,1024
MSI,144221.0,Intel,Yes,8,4,LCD,Intel,0,Intel I5,Small,Entry-level,4.0,512
ASUS,150465.0,AMD,Yes,8,LP5,LCD,AMD,0,AMD Ryzen 5,Small,Entry-level,4.0,512
Dell,524965.0,Intel,No,16,5,LCD,NVIDIA,0,Intel I7,Small,Mid-end,5.0,1024
Lenovo,124215.0,Intel,Yes,8,4,LCD,Intel,0,Intel I3,Small,Entry-level,3.5,512
Lenovo,138876.5,AMD,Yes,8,5,LCD,AMD,0,AMD Ryzen 5,Small,Low-end,3.0,512
ASUS,204834.0,Intel,No,16,4,LCD,Intel,0,Intel I5,Large,Low-end,2.5,512
ASUS,244965.0,Intel,Yes,16,4,LCD,NVIDIA,0,Intel I7,Small,Mid-end,2.5,1024
Lenovo,227465.0,AMD,Yes,16,5,LCD,NVIDIA,0,AMD Ryzen 5,Small,Mid-end,3.5,512
HP,276370.5,Intel,No,16,LP5,LCD,Intel,0,Intel Ultra 5,Large,Entry-level,4.0,512
Dell,181965.0,Intel,Yes,8,4,LCD,Intel,0,Intel I5,Small,Entry-level,4.5,512
Lenovo,185115.0,Intel,Yes,16,LP5,LCD,Intel,0,Intel I5,Small,Entry-level,2.0,512
ASUS,244965.0,Intel,No,16,4,LCD,NVIDIA,0,Intel I5,Large,Mid-end,2.5,512
MSI,220465.0,Intel,Yes,16,5,LCD,Intel,0,Intel Ultra 5,Small,Low-end,4.0,512
ASUS,234465.0,AMD,Yes,16,5,LCD,NVIDIA,0,AMD Ryzen 7,Small,Mid-end,3.0,512
Dell,125965.0,Intel,No,16,4,LCD,Intel,0,Intel I5,Small,Low-end,4.0,512
MSI,489965.0,Intel,Yes,32,LP5,LCD,Intel,0,Intel Ultra 7,Large,Low-end,1.5,1024
Samsung,636965.0,Intel,No,32,LP5,LED,Intel,0,Intel Ultra 7,Small,Low-end,5.0,1024
Samsung,241496.5,Intel,No,16,LP5,LED,Intel,0,Intel Ultra 7,Large,Low-end,5.0,512
Samsung,258965.0,Intel,No,16,LP4,LCD,Intel,0,Intel I5,Small,Low-end,1.5,512
MSI,199465.0,Intel,Yes,16,5,LCD,Intel,0,Intel Ultra 5,Small,Low-end,1.0,1024
Lenovo,125965.0,AMD,Yes,8,4,LCD,AMD,0,AMD Ryzen 3,Small,Entry-level,2.5,512
ASUS,339465.0,Intel,No,16,LP5,LED,Intel,0,Intel Ultra 5,Large,Low-end,1.0,1024
MSI,524965.0,Intel,No,32,LP5,LCD,Intel,0,Intel Ultra 7,Small,Low-end,1.5,1024
ASUS,360465.0,Intel,Yes,16,LP5,LED,Intel,0,Intel Ultra 5,Large,Low-end,1.0,1024
Lenovo,173215.0,Intel,No,8,4,LCD,Intel,0,Intel I3,Large,Entry-level,4.5,512
ASUS,339465.0,Intel,No,16,LP5,LED,Intel,0,Intel Ultra 5,Small,Low-end,1.0,1024
HP,184096.5,Intel,Yes,8,4,LCD,Intel,0,Intel I5,Small,Entry-level,4.0,512
Lenovo,118965.0,Intel,Yes,8,4,LCD,Intel,0,Intel I3,Small,Entry-level,3.0,256
HP,398965.0,AMD,No,16,5,LCD,AMD,0,AMD Ryzen 7,Large,Entry-level,5.0,1024
Lenovo,220850.0,AMD,No,16,LP4,LCD,AMD,0,AMD Ryzen 5,Small,Entry-level,2.0,512
Lenovo,295715.0,Intel,Yes,16,5,LCD,NVIDIA,0,Intel I5,Small,Mid-end,2.5,512
HP,358715.0,Intel,No,16,4,LCD,NVIDIA,0,Intel I7,Small,Mid-end,5.0,1024
MSI,223965.0,Intel,Yes,8,4,LCD,NVIDIA,0,Intel I5,Small,Mid-end,4.0,512
Lenovo,171465.0,Intel,No,8,4,LCD,Intel,0,Intel I3,Small,Entry-level,4.0,512
MSI,286965.0,Intel,Yes,16,4,LCD,NVIDIA,0,Intel I5,Small,Mid-end,4.5,512
Lenovo,188296.5,Intel,Yes,8,4,LCD,Intel,0,Intel I5,Small,Entry-level,4.0,512
ASUS,244965.0,Intel,No,16,4,LCD,NVIDIA,0,Intel I5,Large,Mid-end,2.5,512
MSI,559965.0,Intel,Yes,16,5,LCD,NVIDIA,0,Intel I9,Large,High-end,2.0,1024
MSI,524965.0,Intel,Yes,16,5,LCD,NVIDIA,0,Intel I7,Large,High-end,2.0,1024
MSI,255465.0,Intel,Yes,16,5,LCD,NVIDIA,0,Intel I5,Small,Mid-end,1.5,512
Lenovo,353465.0,Intel,Yes,16,LP5,LED,Intel,0,Intel Ultra 5,Small,Low-end,2.5,1024
MSI,279965.0,Intel,No,16,5,LCD,NVIDIA,0,Intel I7,Small,Mid-end,1.5,512
MSI,216965.0,Intel,Yes,16,4,LCD,NVIDIA,0,Intel I5,Small,Mid-end,1.5,512
HP,251965.0,Intel,No,16,5,LCD,Intel,0,Intel Ultra 5,Small,Low-end,4.0,512
MSI,293965.0,Intel,Yes,16,4,LCD,NVIDIA,0,Intel I5,Small,Mid-end,1.5,1024
MSI,290465.0,Intel,Yes,16,4,LCD,NVIDIA,0,Intel I5,Small,Mid-end,1.5,512
MSI,279615.0,Intel,Yes,16,4,LCD,NVIDIA,0,Intel I7,Small,Mid-end,2.0,512
MSI,248465.0,Intel,Yes,16,4,LCD,NVIDIA,0,Intel I5,Small,Mid-end,1.5,512
MSI,283465.0,Intel,Yes,16,4,LCD,NVIDIA,0,Intel I7,Small,Mid-end,1.5,512
MSI,269465.0,Intel,Yes,16,4,LCD,NVIDIA,0,Intel I5,Small,Mid-end,1.5,512
MSI,286965.0,Intel,Yes,16,4,LCD,NVIDIA,0,Intel I7,Small,Mid-end,2.0,512
MSI,304465.0,Intel,Yes,16,4,LCD,NVIDIA,0,Intel I7,Small,Mid-end,1.5,512
Lenovo,300965.0,Intel,No,16,4,LCD,Intel,0,Intel I7,Small,Low-end,4.5,1024
Lenovo,353465.0,AMD,No,16,5,LCD,NVIDIA,0,AMD Ryzen 7,Small,Mid-end,3.5,512
Dell,305445.0,Intel,No,16,LP5,LCD,Intel,0,Intel Ultra 5,Small,Low-end,4.0,512
Lenovo,391475.0,AMD,No,16,5,LCD,NVIDIA,0,AMD Ryzen 7,Small,Mid-end,3.5,1024
MSI,363965.0,Intel,Yes,16,4,LCD,NVIDIA,0,Intel I7,Small,Mid-end,2.0,1024
Acer,157465.0,AMD,Yes,16,4,LCD,AMD,0,AMD Ryzen 7,Small,Entry-level,3.5,1024
ASUS,699965.0,Intel,Yes,16,5,LCD,NVIDIA,0,Intel I9,Large,High-end,1.5,1024
HP,437465.0,Intel,No,16,5,LCD,NVIDIA,0,Intel I7,Large,Mid-end,5.0,1024
ASUS,769965.0,Intel,Yes,32,LP5,LCD,NVIDIA,0,Intel Ultra 9,Large,High-end,2.5,1024
ASUS,500465.0,AMD,Yes,16,5,LCD,NVIDIA,0,AMD Ryzen 9,Small,High-end,4.0,1024
ASUS,314965.0,AMD,No,16,LP5,LED,AMD,0,AMD Ryzen 5,Small,Entry-level,3.5,1024
Lenovo,206465.0,Intel,Yes,16,5,LCD,Intel,0,Intel I5,Large,Entry-level,4.5,512
Lenovo,440615.0,Intel,Yes,16,5,LCD,NVIDIA,0,Intel I7,Small,Mid-end,2.5,512
Lenovo,321996.5,Intel,No,16,4,LCD,Intel,0,Intel I7,Small,Low-end,4.0,512
Lenovo,169680.0,AMD,Yes,16,4,LCD,AMD,0,AMD Ryzen 7,Small,Entry-level,2.0,512
Lenovo,437115.0,Intel,No,16,LP5,LED,Intel,0,Intel I7,Small,Low-end,3.5,1024
Lenovo,118965.0,Intel,Yes,8,4,LCD,Intel,0,Intel I3,Small,Entry-level,3.5,512
Lenovo,377965.0,Intel,Yes,32,LP5,LED,Intel,0,Intel Ultra 9,Small,Low-end,3.5,1024
MSI,559965.0,Intel,No,16,5,LCD,NVIDIA,0,Intel I7,Large,Mid-end,5.5,1024
Lenovo,1303715.0,Intel,Yes,32,5,LCD,NVIDIA,0,Intel I9,Large,Entry-level,2.0,1024
MSI,664965.0,Intel,No,32,5,LCD,NVIDIA,0,Intel I7,Large,High-end,5.5,1024
Lenovo,209965.0,Intel,Yes,16,4,LCD,Intel,0,Intel I7,Small,Low-end,1.5,512
Lenovo,251965.0,AMD,No,16,LP5,LCD,AMD,0,AMD Ryzen 5,Small,Low-end,4.0,512
ASUS,265965.0,Intel,No,16,4,LCD,NVIDIA,0,Intel I5,Large,Mid-end,2.5,512
Dell,745465.0,Intel,Yes,32,5,LCD,NVIDIA,0,Intel Ultra 9,Large,High-end,5.0,1024
Lenovo,260715.0,AMD,Yes,16,4,LED,AMD,0,AMD Ryzen 7,Small,Entry-level,2.0,1024
ASUS,839965.0,Intel,Yes,32,LP5,LED,Intel,0,Intel Ultra 9,Small,Low-end,2.5,1024
ASUS,185115.0,Intel,Yes,8,4,LCD,NVIDIA,0,Intel I5,Large,Mid-end,2.5,512
ASUS,138250.0,Intel,No,8,4,LCD,Intel,0,Intel I3,Small,Entry-level,1.0,512
Lenovo,277350.5,Intel,Yes,16,LP5,LED,Intel,0,Intel Ultra 5,Small,Low-end,3.5,1024
Dell,671965.0,Intel,Yes,16,5,LCD,NVIDIA,0,Intel Ultra 9,Large,High-end,5.0,1024
Acer,297465.0,Intel,No,16,LP5,LED,Intel,0,Intel Ultra 5,Small,Low-end,1.0,512
Acer,465496.5,Intel,Yes,16,5,LCD,NVIDIA,0,Intel I7,Large,Mid-end,1.5,1024
Lenovo,152215.0,Intel,Yes,8,4,LCD,Intel,0,Intel I5,Small,Low-end,4.0,512
Lenovo,276465.0,Intel,Yes,16,5,LCD,NVIDIA,0,Intel I5,Small,Mid-end,2.5,512
Lenovo,339465.0,Intel,No,16,4,LCD,Intel,0,Intel I7,Small,Low-end,5.0,512
MSI,349965.0,AMD,Yes,16,5,LCD,NVIDIA,0,AMD Ryzen 7,Small,Mid-end,3.0,1024
MSI,272965.0,AMD,Yes,16,5,LCD,NVIDIA,0,AMD Ryzen 5,Small,Mid-end,3.5,512
MSI,209965.0,AMD,Yes,16,5,LCD,NVIDIA,0,AMD Ryzen 5,Small,Mid-end,3.5,512
MSI,251965.0,AMD,Yes,16,5,LCD,NVIDIA,0,AMD Ryzen 5,Small,Mid-end,3.5,512
Lenovo,194215.0,Intel,Yes,8,4,LCD,Intel,0,Intel I5,Small,Low-end,4.0,512
Lenovo,542465.0,Intel,No,16,5,LCD,NVIDIA,0,Intel I7,Large,Mid-end,3.5,1024
MSI,307965.0,AMD,Yes,16,5,LCD,NVIDIA,0,AMD Ryzen 7,Small,Mid-end,3.0,1024
MSI,272965.0,Intel,Yes,16,LP5,LCD,Intel,0,Intel I5,Small,Low-end,4.0,512
ASUS,97965.0,Intel,No,8,4,LCD,Intel,0,Intel Pentium,Small,Entry-level,2.0,512
Lenovo,612465.0,Intel,No,16,5,LCD,NVIDIA,0,Intel I9,Large,Mid-end,4.0,1024
Acer,552996.5,Intel,Yes,16,5,LCD,NVIDIA,0,Intel I7,Large,Entry-level,1.5,1024
Lenovo,594923.0,Intel,Yes,16,5,LCD,NVIDIA,0,Intel I7,Large,Mid-end,2.5,1024
HP,129465.0,Intel,Yes,8,4,LCD,Intel,0,Intel I3,Small,Entry-level,4.0,512
Lenovo,694715.0,Intel,No,32,5,LCD,NVIDIA,0,Intel I9,Large,High-end,4.0,1024
Acer,629996.5,Intel,Yes,16,5,LCD,NVIDIA,0,Intel I9,Large,High-end,1.5,1024
Acer,157496.5,AMD,Yes,16,4,LCD,AMD,0,AMD Ryzen 7,Small,Entry-level,2.0,512
Other,197715.0,Intel,Yes,8,LP4,LCD,Intel,0,Intel I5,Large,Entry-level,2.0,512
ASUS,629965.0,Intel,No,16,LP5,LED,Intel,0,Intel Ultra 5,Small,Low-end,1.0,1024
Other,206465.0,Intel,Yes,16,LP4,LCD,Intel,0,Intel I5,Large,Entry-level,2.0,512
Other,197715.0,Intel,Yes,16,LP4,LCD,Intel,0,Intel I5,Small,Entry-level,2.0,512
Lenovo,127746.5,Intel,Yes,8,4,LCD,Intel,0,Intel I3,Small,Entry-level,3.5,512
Lenovo,507465.0,Intel,No,16,5,LCD,NVIDIA,0,Intel I7,Large,Mid-end,3.5,1024
Acer,332465.0,Intel,Yes,16,LP5,LED,Intel,0,Intel Ultra 7,Small,Low-end,1.5,1024
Lenovo,370296.5,Intel,No,32,LP5,LED,Intel,0,Intel Ultra 7,Small,Low-end,3.5,1024
ASUS,279965.0,Intel,No,16,4,LCD,Intel,0,Intel I5,Small,Entry-level,1.5,512
ASUS,535465.0,Intel,Yes,16,LP5,LED,Intel,0,Intel Ultra 7,Small,Entry-level,1.5,1024
MSI,664965.0,Intel,Yes,32,LP5,LED,NVIDIA,0,Intel Ultra 9,Large,Mid-end,5.0,1024
Lenovo,587965.0,Intel,No,16,5,LCD,NVIDIA,0,Intel I7,Large,High-end,3.5,1024
HP,146965.0,AMD,No,16,4,LCD,AMD,0,AMD Ryzen 5,Small,Entry-level,3.0,512
Other,190715.0,Intel,Yes,8,LP4,LCD,Intel,0,Intel I5,Small,Entry-level,2.0,512
Lenovo,384965.0,Intel,No,16,5,LCD,Intel,0,Intel I7,Small,Entry-level,2.0,512
Lenovo,440996.5,Intel,Yes,16,LP5,LCD,NVIDIA,0,Intel I7,Small,High-end,2.0,512
HP,145250.0,Intel,Yes,8,4,LCD,Intel,0,Intel I3,Small,Entry-level,4.0,512
MSI,419965.0,Intel,No,16,LP5,LCD,Intel,0,Intel Ultra 7,Large,Low-end,5.0,1024
Acer,111996.5,Intel,Yes,8,4,LCD,Intel,0,Intel I3,Small,Entry-level,4.0,512
Acer,150465.0,Intel,Yes,8,LP5,LCD,Intel,0,Intel I3,Small,Entry-level,2.0,256
HP,274715.0,AMD,Yes,8,LP4,LCD,AMD,0,AMD Ryzen 5,Small,Entry-level,4.0,512
Lenovo,248465.0,Intel,No,16,5,LCD,NVIDIA,0,Intel I5,Small,Mid-end,3.0,512
Lenovo,329665.0,AMD,No,16,LP5,LED,AMD,0,AMD Ryzen 7,Small,Low-end,2.5,1024
MSI,262500.0,Intel,Yes,16,4,LCD,Intel,0,Intel I7,Small,Low-end,5.0,1024
ASUS,598465.0,Intel,Yes,32,LP5,LED,Intel,0,Intel Ultra 7,Small,Entry-level,1.5,1024
Lenovo,223965.0,Intel,No,16,5,LCD,NVIDIA,0,Intel I5,Small,Mid-end,3.5,512
ASUS,605465.0,Intel,Yes,32,LP5,LED,Intel,0,Intel Ultra 7,Small,Entry-level,1.5,1024
HP,237996.5,AMD,Yes,16,4,LCD,AMD,0,AMD Ryzen 7,Small,Entry-level,4.0,512
ASUS,556465.0,Intel,Yes,16,LP5,LED,Intel,0,Intel Ultra 7,Small,Entry-level,1.5,1024
Samsung,381465.0,Intel,No,16,LP5,LED,Intel,0,Intel I5,Small,Entry-level,1.5,512
HP,251296.5,Intel,No,8,4,LCD,Intel,0,Intel I5,Small,Low-end,4.0,512
Samsung,461965.0,Intel,No,16,LP5,LED,Intel,0,Intel Ultra 5,Small,Low-end,4.0,512
Acer,332465.0,AMD,Yes,8,5,LCD,NVIDIA,0,AMD Ryzen 7,Large,Mid-end,3.5,512
Acer,132965.0,Intel,No,8,LP5,LCD,Intel,0,Intel I3,Small,Entry-level,2.0,512
Acer,113711.5,Intel,No,8,LP5,LCD,Intel,0,Intel I3,Small,Entry-level,2.0,512
Lenovo,178465.0,AMD,No,16,4,LCD,AMD,0,AMD Ryzen 7,Small,Entry-level,2.0,512
Lenovo,90996.5,Intel,Yes,8,4,LCD,Intel,0,Intel Celeron,Small,Entry-level,1.0,512
Samsung,384965.0,Intel,Yes,16,LP5,LED,Intel,0,Intel Ultra 5,Large,Low-end,4.0,512
HP,197620.5,AMD,Yes,16,4,LCD,AMD,0,AMD Ryzen 5,Small,Entry-level,4.5,512
Dell,227496.5,Intel,No,8,LP5,LCD,Intel,0,Intel I3,Small,Low-end,1.5,1024
Lenovo,346500.0,Intel,Yes,8,LP4,LED,Intel,0,Intel I5,Small,Entry-level,1.5,1024
HP,685965.0,Intel,No,32,LP5,LED,Intel,0,Intel Ultra 7,Large,Low-end,5.0,1024
ASUS,269496.5,Intel,No,16,4,LCD,NVIDIA,0,Intel I7,Small,Mid-end,2.5,1024
ASUS,241150.0,Intel,No,16,4,LCD,NVIDIA,0,Intel I5,Large,Mid-end,2.5,512
Dell,124215.0,Intel,No,8,4,LCD,Intel,0,Intel I3,Small,Entry-level,4.0,512
ASUS,664965.0,Intel,Yes,16,LP5,LCD,NVIDIA,0,Intel Ultra 7,Large,High-end,1.5,1024
ASUS,279300.0,Intel,Yes,16,4,LCD,NVIDIA,0,Intel I5,Large,Mid-end,2.0,512
HP,227465.0,AMD,No,8,4,LCD,AMD,0,AMD Ryzen 5,Small,Entry-level,2.5,512
Dell,360115.0,Intel,No,16,5,LCD,NVIDIA,0,Intel I7,Small,Mid-end,4.5,1024
HP,206150.0,AMD,No,8,5,LCD,AMD,0,AMD Ryzen 5,Small,Entry-level,4.0,512
HP,411596.5,AMD,No,16,5,LCD,NVIDIA,0,AMD Ryzen 7,Large,Mid-end,5.0,1024
MSI,332465.0,AMD,Yes,16,5,LCD,NVIDIA,0,AMD Ryzen 7,Small,Mid-end,3.0,1024
Lenovo,171465.0,Intel,Yes,16,4,LCD,Intel,0,Intel I5,Small,Low-end,2.5,512
HP,181125.0,AMD,Yes,8,4,LCD,NVIDIA,0,AMD Ryzen 5,Small,Mid-end,3.5,512
Dell,281365.0,Intel,Yes,8,LP5,LCD,Intel,0,Intel I5,Small,Low-end,3.5,512
HP,342300.0,Intel,No,16,LP5,LED,Intel,0,Intel I7,Small,Low-end,5.0,1024
HP,339150.0,Intel,Yes,16,5,LCD,Intel,0,Intel I5,Small,Low-end,4.0,512
ASUS,262500.0,Intel,Yes,16,4,LCD,NVIDIA,0,Intel I5,Large,Mid-end,2.0,512
HP,439950.0,Intel,Yes,16,5,LCD,Intel,0,Intel I7,Small,Entry-level,4.0,1024
ASUS,150465.0,AMD,No,16,LP5,LCD,AMD,0,AMD Ryzen 5,Small,Entry-level,3.0,512
Lenovo,119350.0,AMD,No,8,LP5,LCD,AMD,0,AMD Ryzen 3,Small,Low-end,2.5,512
MSI,279965.0,Intel,Yes,16,LP5,LCD,NVIDIA,0,Intel I5,Small,Mid-end,3.5,512
Lenovo,311465.0,AMD,Yes,16,LP5,LCD,NVIDIA,0,AMD Ryzen 7,Large,Mid-end,3.0,512
ASUS,167296.5,Intel,Yes,8,4,LCD,Intel,0,Intel I5,Small,Low-end,1.5,512
HP,341246.5,Intel,Yes,8,4,LCD,Intel,0,Intel I7,Small,Low-end,4.5,512
Acer,199465.0,Intel,Yes,16,4,LCD,NVIDIA,0,Intel I5,Small,Mid-end,4.5,512
MSI,524965.0,Intel,Yes,16,LP5,LCD,NVIDIA,0,Intel I7,Large,Mid-end,5.0,1024
ASUS,269150.0,Intel,Yes,16,4,LCD,Intel,0,Intel I5,Small,Entry-level,1.5,512
Lenovo,242165.0,AMD,No,16,LP4,LCD,AMD,0,AMD Ryzen 5,Small,Entry-level,2.0,512
HP,97965.0,Intel,Yes,8,4,LCD,Intel,0,Intel Celeron,Small,Entry-level,3.0,512
HP,192496.5,Intel,No,8,4,LCD,Intel,0,Intel I5,Small,Low-end,4.0,512
Dell,300965.0,Intel,Yes,16,4,LCD,Intel,0,Intel I7,Small,Entry-level,3.0,512
MSI,769965.0,Intel,Yes,32,5,LCD,NVIDIA,0,Intel I7,Large,Mid-end,5.0,1024
HP,174996.5,Intel,Yes,8,4,LCD,Intel,0,Intel I5,Small,Low-end,4.0,512
Lenovo,154665.0,Intel,No,8,LP5,LCD,Intel,0,Intel I3,Small,Entry-level,3.5,512
ASUS,297465.0,Intel,Yes,16,4,LCD,NVIDIA,0,Intel I5,Large,Mid-end,2.5,512
HP,391965.0,AMD,No,16,5,LCD,NVIDIA,0,AMD Ryzen 7,Large,Mid-end,5.0,512
Lenovo,216965.0,Intel,No,16,LP5,LCD,Intel,0,Intel I5,Large,Entry-level,3.5,512
Acer,207900.0,Intel,No,16,LP5,LCD,Intel,0,Intel I5,Small,Low-end,4.5,512
Lenovo,150465.0,Intel,Yes,8,4,LCD,Intel,0,Intel I5,Small,Low-end,2.5,512
Lenovo,598500.0,Intel,No,16,5,LCD,NVIDIA,0,Intel I9,Large,Mid-end,4.0,1024
HP,153615.0,AMD,Yes,8,LP5,LCD,AMD,0,AMD Ryzen 3,Small,Entry-level,4.0,512
ASUS,230965.0,AMD,No,16,4,LCD,NVIDIA,0,AMD Ryzen 5,Small,Mid-end,3.5,1024
Lenovo,241465.0,Intel,No,16,LP5,LCD,Intel,0,Intel I5,Small,Entry-level,3.5,512
ASUS,290465.0,Intel,No,16,4,LCD,NVIDIA,0,Intel I7,Large,Mid-end,3.5,1024
Other,279965.0,Intel,No,8,4,LCD,NVIDIA,0,Intel I5,Small,Mid-end,2.5,512
Lenovo,156800.0,AMD,No,8,LP5,LCD,AMD,0,AMD Ryzen 5,Small,Low-end,3.0,512
Dell,134715.0,Intel,No,8,4,LCD,Intel,0,Intel I3,Small,Entry-level,1.0,512
Other,230965.0,Intel,No,8,4,LCD,NVIDIA,0,Intel I5,Small,Mid-end,3.5,512
Lenovo,197361.5,AMD,Yes,16,5,LCD,AMD,0,AMD Ryzen 5,Small,Entry-level,2.0,512
Lenovo,279965.0,AMD,No,16,4,LCD,NVIDIA,0,AMD Ryzen 7,Small,Mid-end,3.0,512
Lenovo,206465.0,Intel,Yes,8,4,LCD,Intel,0,Intel I3,Small,Entry-level,1.0,512
HP,430465.0,Intel,No,16,5,LCD,NVIDIA,0,Intel I7,Large,Mid-end,3.5,1024
ASUS,227465.0,Intel,No,16,4,LCD,NVIDIA,0,Intel I5,Large,Mid-end,3.5,512
ASUS,441189.0,Intel,Yes,16,4,LCD,NVIDIA,0,Intel I7,Large,Mid-end,2.5,512
ASUS,594965.0,Intel,Yes,16,4,LCD,NVIDIA,0,Intel I9,Large,Mid-end,2.5,1024
HP,138246.5,Intel,No,8,4,LCD,Intel,0,Intel I3,Small,Low-end,4.0,512
Dell,150500.0,Intel,No,8,LP5,LCD,Intel,0,Intel I3,Small,Entry-level,1.0,256
Other,346496.5,Intel,Yes,16,LP5,LCD,Intel,0,Intel I5,Small,Low-end,3.5,512
MSI,262465.0,Intel,No,8,LP5,LCD,Intel,0,Intel I5,Small,Low-end,1.0,512
ASUS,272965.0,Intel,No,16,4,LCD,NVIDIA,0,Intel I5,Small,Mid-end,4.5,512
Acer,117946.5,Intel,No,8,LP5,LCD,Intel,0,Intel I3,Small,Entry-level,2.0,256
HP,272860.0,Intel,Yes,16,4,LCD,Intel,0,Intel I5,Small,Low-end,4.0,512
HP,165515.0,AMD,Yes,8,4,LCD,AMD,0,AMD Ryzen 7,Small,Entry-level,4.0,512
HP,136150.0,Intel,Yes,8,4,LCD,Intel,0,Intel I3,Small,Entry-level,4.0,512
MSI,255465.0,Intel,No,8,4,LCD,NVIDIA,0,Intel I5,Small,Mid-end,3.5,512
ASUS,248465.0,Intel,No,16,4,LED,Intel,0,Intel I5,Small,Low-end,4.5,1024
ASUS,976465.0,Intel,No,32,LP5,LED,NVIDIA,0,Intel I9,Small,Mid-end,2.5,1024
MSI,419965.0,Intel,No,16,LP5,LCD,Intel,0,Intel I7,Small,Low-end,5.0,1024
HP,515196.5,Intel,No,16,4,LCD,Intel,0,Intel I7,Large,Entry-level,5.0,1024
ASUS,376250.0,AMD,Yes,16,5,LCD,NVIDIA,0,AMD Ryzen 7,Small,Mid-end,4.5,1024
ASUS,384965.0,Intel,No,16,LP5,LED,Intel,0,Intel I9,Small,Low-end,5.0,1024
MSI,500465.0,Intel,No,16,LP5,LCD,Intel,0,Intel I7,Small,Low-end,5.0,1024
HP,465465.0,Intel,No,16,4,LCD,Intel,0,Intel I7,Small,Low-end,4.5,512
HP,626850.0,Intel,No,32,4,LED,Intel,0,Intel I7,Large,Mid-end,5.0,1024
Acer,313274.5,Intel,Yes,16,LP4,LCD,NVIDIA,0,Intel I7,Large,Mid-end,3.0,1024
ASUS,150465.0,Intel,Yes,8,4,LCD,Intel,0,Intel I3,Small,Entry-level,1.5,512
Samsung,986965.0,Intel,No,32,4,LED,NVIDIA,0,Intel I9,Large,High-end,3.0,1024
ASUS,395465.0,Intel,Yes,16,LP5,LED,Intel,0,Intel I5,Small,Low-end,2.0,512
ASUS,349965.0,AMD,No,16,LP4,LED,AMD,0,AMD Ryzen 7,Small,Entry-level,2.0,512
HP,220146.5,Intel,Yes,8,4,LCD,Intel,0,Intel I5,Small,Low-end,4.0,512
Lenovo,216650.0,AMD,No,8,4,LCD,AMD,0,AMD Ryzen 5,Small,Entry-level,2.0,512
Dell,210245.0,Intel,Yes,8,4,LCD,Intel,0,Intel I5,Small,Entry-level,3.5,512
HP,265965.0,AMD,Yes,8,4,LCD,AMD,0,AMD Ryzen 5,Small,Entry-level,4.0,512
Dell,180246.5,AMD,Yes,8,4,LCD,AMD,0,AMD Ryzen 5,Small,Entry-level,2.5,512
Dell,220815.0,Intel,Yes,16,4,LCD,Intel,0,Intel I5,Small,Entry-level,3.5,512
Lenovo,1763615.0,Intel,Yes,32,5,LCD,NVIDIA,0,Intel I9,Large,High-end,2.5,1024
Dell,163975.0,Intel,Yes,8,4,LCD,Intel,0,Intel I3,Small,Entry-level,1.0,512
Dell,284550.0,Intel,No,16,4,LCD,Intel,0,Intel I5,Small,Low-end,1.0,512
ASUS,157465.0,Intel,Yes,8,4,LED,Intel,1024,Intel I3,Small,Entry-level,3.0,256
ASUS,227465.0,AMD,No,8,4,LCD,NVIDIA,0,AMD Ryzen 5,Small,Mid-end,4.0,512
Lenovo,306946.5,Intel,No,16,4,LCD,NVIDIA,0,Intel I7,Small,Low-end,3.0,512
Lenovo,300996.5,AMD,No,8,4,LCD,AMD,0,AMD Ryzen 7,Small,Entry-level,4.0,512
Lenovo,580965.0,Intel,Yes,16,LP5,LCD,Intel,0,Intel I7,Small,Low-end,2.0,512
Acer,437496.5,AMD,Yes,16,LP5,LED,AMD,0,AMD Ryzen 7,Large,Entry-level,2.5,1024
Dell,194355.0,AMD,Yes,16,4,LCD,AMD,0,AMD Ryzen 5,Small,Entry-level,2.5,512
HP,293965.0,Intel,Yes,16,4,LCD,Intel,0,Intel I5,Small,Low-end,2.5,512
Dell,129496.5,Intel,No,8,4,LCD,Intel,0,Intel I3,Large,Entry-level,4.0,512
Lenovo,699996.5,Intel,Yes,16,LP4,LCD,Intel,0,Intel I7,Small,Low-end,3.0,1024
ASUS,125996.5,Intel,Yes,8,4,LCD,Intel,1024,Intel I3,Small,Entry-level,2.0,0
HP,720650.0,Intel,Yes,16,5,LCD,NVIDIA,0,Intel I7,Large,High-end,4.5,1024
HP,80465.0,AMD,No,4,4,LCD,AMD,1024,AMD Athlon,Small,Entry-level,2.5,0
MSI,367465.0,Intel,Yes,8,4,LCD,NVIDIA,0,Intel I7,Small,Mid-end,4.5,512
Dell,182875.0,Intel,No,8,4,LCD,Intel,0,Intel I3,Small,Entry-level,4.0,512
MSI,607659.5,Intel,No,16,LP4,LCD,NVIDIA,0,Intel I7,Large,Mid-end,5.0,1024
HP,775246.5,Intel,No,32,4,LCD,NVIDIA,0,Intel I9,Small,Entry-level,2.5,1024
MSI,580965.0,Intel,Yes,16,4,LCD,NVIDIA,0,Intel I7,Large,Mid-end,1.5,1024
ASUS,699965.0,Intel,No,32,4,LCD,NVIDIA,0,Intel I7,Large,High-end,2.5,1024
ASUS,472465.0,AMD,Yes,16,5,LCD,NVIDIA,0,AMD Ryzen 9,Small,High-end,5.0,1024
Dell,194176.5,AMD,No,8,4,LCD,AMD,0,AMD Ryzen 5,Small,Entry-level,3.0,512
ASUS,682500.0,Intel,No,32,4,LCD,NVIDIA,0,Intel I7,Small,High-end,2.5,1024
Lenovo,175000.0,Intel,Yes,8,4,LCD,Intel,0,Intel I3,Small,Entry-level,3.0,512
HP,867650.0,Intel,Yes,32,4,LCD,NVIDIA,0,Intel I7,Small,High-end,2.5,1024
Acer,241146.5,Intel,No,16,LP4,LCD,NVIDIA,0,Intel I5,Large,Mid-end,2.5,512
Lenovo,155746.5,Intel,Yes,4,4,LCD,Intel,0,Intel I3,Small,Entry-level,3.0,256
ASUS,111996.5,Intel,Yes,4,4,LCD,Intel,0,Intel I3,Small,Entry-level,1.5,256
Lenovo,384965.0,Intel,No,16,4,LCD,Intel,0,Intel I7,Small,Low-end,3.0,1024
MSI,608965.0,Intel,Yes,16,4,LCD,NVIDIA,0,Intel I7,Small,High-end,4.5,1024
HP,248496.5,AMD,No,8,4,LCD,AMD,0,AMD Ryzen 5,Small,Entry-level,4.0,512
Acer,279996.5,Intel,Yes,8,4,LCD,NVIDIA,0,Intel I5,Small,Mid-end,4.5,512
Dell,874965.0,Intel,Yes,32,5,LCD,NVIDIA,0,Intel I7,Small,Mid-end,3.5,1024
ASUS,454965.0,Intel,No,16,4,LCD,NVIDIA,0,Intel I7,Small,Mid-end,2.0,1024
Acer,115465.0,AMD,No,4,4,LCD,AMD,0,AMD Ryzen 3,Small,Low-end,3.5,128
Dell,204746.5,AMD,Yes,16,4,LCD,AMD,0,AMD Ryzen 5,Large,Entry-level,4.0,512
Other,464065.0,Intel,No,16,4,LCD,Intel,0,Intel I7,Small,Entry-level,2.0,512
Acer,154721.0,Intel,Yes,8,3,LCD,Intel,1024,Intel I5,Small,Low-end,4.0,0
ASUS,532003.5,AMD,No,16,4,LCD,NVIDIA,0,AMD Ryzen 7,Small,Mid-end,3.5,1024
MSI,488946.5,Intel,No,16,4,LCD,NVIDIA,0,Intel I7,Large,Mid-end,3.0,1024
ASUS,213465.0,Intel,No,8,4,LCD,NVIDIA,0,Intel I5,Small,Mid-end,2.0,1024
HP,143146.5,Intel,No,8,4,LCD,Intel,0,Intel I3,Small,Entry-level,3.5,512
HP,182875.0,Intel,No,8,4,LED,Intel,0,Intel I5,Small,Low-end,2.5,512
Lenovo,235896.5,AMD,Yes,8,4,LED,NVIDIA,1024,AMD Ryzen 5,Small,Mid-end,4.0,0
Dell,132965.0,AMD,No,8,4,LED,AMD,1024,AMD Ryzen 3,Small,Low-end,2.5,0
Acer,325465.0,AMD,Yes,16,4,LCD,NVIDIA,1024,AMD Ryzen 7,Small,Mid-end,4.0,256
Lenovo,117250.0,Intel,No,4,4,LED,Intel,1024,Intel I3,Small,Entry-level,3.0,0
Dell,864465.0,Intel,Yes,16,4,LCD,NVIDIA,0,Intel I7,Small,Mid-end,4.5,1024
Lenovo,122465.0,Intel,No,4,4,LED,Intel,0,Intel I3,Small,Entry-level,3.0,256
Lenovo,304496.5,Intel,No,16,4,LED,NVIDIA,0,Intel I7,Small,High-end,3.0,512
Lenovo,115465.0,Intel,No,4,4,LED,Intel,0,Intel I3,Small,Entry-level,3.0,256
ASUS,276465.0,AMD,Yes,8,4,LED,NVIDIA,0,AMD Ryzen 7,Small,Mid-end,3.0,512
ASUS,314965.0,AMD,No,8,4,LED,NVIDIA,0,AMD Ryzen 7,Small,Mid-end,3.0,1024
Lenovo,308000.0,AMD,No,8,4,LED,AMD,0,AMD Ryzen 5,Small,Entry-level,2.5,512
ASUS,255465.0,AMD,No,8,LP4,LED,NVIDIA,0,AMD Ryzen 7,Small,Mid-end,3.0,1024
Dell,325496.5,Intel,Yes,8,4,LED,Intel,0,Intel I5,Small,Entry-level,1.5,512
Lenovo,122496.5,Intel,No,4,4,LED,Intel,1024,Intel I3,Small,Entry-level,1.0,0
Lenovo,543938.5,Intel,No,16,4,LED,Intel,0,Intel I5,Small,Entry-level,1.5,512
ASUS,234465.0,AMD,No,8,4,LED,AMD,0,AMD Ryzen 5,Small,Entry-level,2.0,1024
Lenovo,122465.0,Intel,No,8,4,LED,Intel,0,Intel I3,Small,Entry-level,2.0,256
ASUS,524965.0,AMD,Yes,32,LP4,LED,NVIDIA,0,AMD Ryzen 9,Small,Mid-end,3.0,1024
HP,212800.0,Intel,No,16,4,LCD,NVIDIA,0,Intel I5,Large,Mid-end,4.0,512
ASUS,206465.0,Intel,No,16,4,LCD,Intel,0,Intel I5,Small,Low-end,1.5,512
Lenovo,419965.0,Intel,No,16,LP5,LCD,Intel,0,Intel I7,Small,Low-end,3.5,1024
MSI,262496.5,Intel,Yes,8,4,LCD,NVIDIA,0,Intel I5,Small,Mid-end,2.5,512
HP,374500.0,AMD,Yes,8,4,LCD,AMD,0,AMD Ryzen 5,Small,Entry-level,4.0,512
ASUS,850465.0,Intel,No,16,LP5,LED,NVIDIA,0,Intel I5,Small,Mid-end,2.5,1024
Lenovo,139965.0,Intel,No,4,4,LED,Intel,0,Intel I5,Small,Entry-level,1.0,256
HP,269150.0,Intel,No,16,4,LCD,NVIDIA,0,Intel I5,Small,Mid-end,4.0,512
ASUS,608597.5,AMD,No,16,5,LCD,AMD,0,AMD Ryzen 9,Small,High-end,5.0,1024
Other,241465.0,Intel,Yes,16,LP5,LCD,Intel,0,Intel I7,Small,Low-end,3.5,512
MSI,290465.0,Intel,No,16,4,LCD,NVIDIA,0,Intel I7,Small,Mid-end,3.5,512
Lenovo,159215.0,Intel,Yes,8,4,LCD,Intel,0,Intel I5,Small,Low-end,2.5,512
MSI,262115.0,Intel,No,16,4,LED,NVIDIA,0,Intel I7,Small,Low-end,2.0,512
Lenovo,122493.0,Intel,No,4,4,LCD,Intel,0,Intel I3,Small,Entry-level,2.0,512
HP,383215.0,Intel,Yes,16,LP5,LCD,Intel,0,Intel I7,Small,Low-end,5.0,1024
Dell,454965.0,Intel,No,16,4,LCD,NVIDIA,0,Intel I7,Small,Mid-end,4.5,512
ASUS,206465.0,Intel,No,16,4,LCD,Intel,0,Intel I5,Small,Low-end,1.5,512
HP,156096.5,Intel,Yes,8,4,LCD,Intel,0,Intel I5,Small,Low-end,4.0,512
HP,365396.5,Intel,No,16,4,LCD,Intel,0,Intel I7,Small,Low-end,4.5,512
ASUS,323750.0,AMD,Yes,16,4,LED,NVIDIA,0,AMD Ryzen 7,Small,Mid-end,3.0,1024
Dell,266000.0,AMD,Yes,16,4,LCD,AMD,0,AMD Ryzen 7,Large,Entry-level,2.0,512
Dell,572915.0,Intel,No,16,LP5,LCD,Intel,0,Intel I5,Small,Low-end,1.0,512
Dell,813015.0,Intel,Yes,16,4,LCD,NVIDIA,0,Intel I7,Small,Mid-end,4.5,512
ASUS,822465.0,Intel,Yes,16,4,LCD,NVIDIA,0,Intel I7,Small,Mid-end,4.5,1024
Lenovo,539000.0,Intel,No,16,4,LED,NVIDIA,0,Intel I7,Small,Entry-level,2.5,1024
Lenovo,466651.5,Intel,No,16,LP5,LCD,Intel,0,Intel I7,Small,Low-end,5.0,1024
ASUS,378000.0,AMD,Yes,16,5,LCD,NVIDIA,0,AMD Ryzen 7,Small,Mid-end,3.5,1024
Dell,241465.0,Intel,Yes,8,4,LCD,Intel,0,Intel I5,Large,Entry-level,3.5,512
Lenovo,122465.0,Intel,No,8,4,LCD,Intel,0,Intel I3,Small,Entry-level,3.0,256
Lenovo,139965.0,Intel,No,4,4,LED,Intel,1024,Intel I5,Small,Entry-level,2.5,0
Dell,328965.0,Intel,No,16,LP3,LED,Intel,0,Intel I7,Small,Entry-level,2.0,512
Other,332661.0,Intel,Yes,8,LP5,LCD,Intel,0,Intel I5,Small,Entry-level,4.0,256
ASUS,276465.0,Intel,No,8,4,LED,NVIDIA,1024,Intel I7,Small,Low-end,2.0,256
ASUS,188965.0,AMD,Yes,16,4,LCD,AMD,0,AMD Ryzen 7,Small,Entry-level,4.0,512
Other,472465.0,Intel,No,8,LP5,LCD,Intel,0,Intel I7,Small,Low-end,4.5,256
Dell,139965.0,Intel,Yes,8,4,LED,Intel,1024,Intel I3,Small,Entry-level,4.0,256
ASUS,220465.0,AMD,Yes,16,4,LCD,AMD,0,AMD Ryzen 5,Small,Entry-level,4.0,512
HP,298585.0,AMD,Yes,8,5,LCD,NVIDIA,0,AMD Ryzen 5,Large,Mid-end,3.5,512
Lenovo,664650.0,Intel,Yes,32,5,LCD,NVIDIA,0,Intel I7,Small,High-end,5.0,1024
Lenovo,132965.0,Intel,No,8,4,LCD,Intel,0,Intel I3,Small,Entry-level,3.0,512
Dell,1159865.0,Intel,No,32,5,LCD,NVIDIA,0,Intel I9,Large,Mid-end,5.0,1024
Other,258996.5,Intel,No,8,LP4,LCD,Intel,0,Intel I5,Small,Low-end,2.5,128
ASUS,531965.0,AMD,No,16,5,LCD,AMD,0,AMD Ryzen 7,Small,High-end,4.5,1024
Lenovo,77990.5,AMD,Yes,4,4,LCD,AMD,1024,AMD Athlon,Small,Entry-level,2.5,0
ASUS,107765.0,Intel,Yes,4,4,LCD,Intel,1024,Intel Pentium,Small,Entry-level,1.0,0
Other,283496.5,Intel,No,8,LP4,LCD,Intel,0,Intel I5,Small,Low-end,2.5,256
Other,788679.5,Intel,Yes,16,4,LCD,NVIDIA,0,Intel I7,Small,High-end,2.5,1024
Lenovo,122465.0,Intel,Yes,8,4,LCD,Intel,0,Intel I3,Small,Entry-level,3.0,512
HP,101398.5,Intel,No,4,4,LED,Intel,0,Intel I3,Small,Entry-level,1.0,512
Dell,258615.0,AMD,Yes,8,4,LCD,NVIDIA,0,AMD Ryzen 5,Small,Mid-end,3.5,512
Apple,374465.0,Intel,No,8,LP3,LED,Intel,0,Intel I5,Small,Entry-level,1.5,128
ASUS,230965.0,Intel,Yes,8,4,LED,NVIDIA,0,Intel I7,Small,Low-end,2.0,512
ASUS,181615.0,AMD,No,16,4,LED,AMD,0,AMD Ryzen 5,Small,Entry-level,2.0,512
Lenovo,73465.0,AMD,No,4,4,LED,AMD,1024,AMD A-Series,Small,Entry-level,2.5,0
ASUS,206465.0,Intel,Yes,8,4,LED,NVIDIA,1024,Intel I5,Small,Low-end,1.5,256
Apple,314965.0,Intel,No,8,LP3,LED,Intel,0,Intel I5,Small,Entry-level,1.5,128
Apple,248500.0,Intel,No,8,LP3,LED,Intel,0,Intel I5,Small,Entry-level,1.5,128
Dell,311465.0,Intel,No,8,4,LED,NVIDIA,1024,Intel I7,Small,Mid-end,2.0,128
Apple,381465.0,Intel,No,8,LP3,LED,Intel,0,Intel I5,Small,Entry-level,1.5,128
HP,374465.0,AMD,Yes,16,4,LED,NVIDIA,0,AMD Ryzen 7,Small,Mid-end,3.5,1024
HP,157748.5,Intel,No,8,4,LED,Intel,0,Intel I5,Small,Entry-level,1.5,512
Lenovo,157465.0,Intel,No,8,4,LED,NVIDIA,1024,Intel I5,Small,Low-end,1.5,0
MSI,164465.0,Intel,No,8,4,LED,Intel,0,Intel I3,Small,Entry-level,1.5,512
Dell,272475.0,Intel,Yes,8,4,LED,NVIDIA,0,Intel I7,Small,Low-end,3.0,512
HP,262465.0,Intel,No,8,4,LED,Intel,0,Intel I7,Small,Entry-level,2.0,512
HP,152215.0,Intel,No,8,4,LED,Intel,0,Intel I3,Small,Entry-level,3.0,512
HP,123165.0,Intel,No,4,4,LED,Intel,1024,Intel I3,Small,Entry-level,2.5,0
MSI,248465.0,Intel,No,16,4,LCD,NVIDIA,0,Intel I5,Small,Mid-end,2.5,512
Dell,101465.0,Intel,Yes,4,4,LED,Intel,1024,Intel I3,Small,Entry-level,2.0,0
HP,169715.0,Intel,Yes,8,4,LCD,Intel,0,Intel I3,Small,Entry-level,4.0,256
HP,361357.5,Intel,No,8,4,LED,NVIDIA,1024,Intel I7,Small,Mid-end,3.0,128
Dell,301000.0,Intel,No,8,4,LED,NVIDIA,1024,Intel I7,Small,Mid-end,3.0,0
ASUS,322224.0,Intel,No,8,LP3,LED,NVIDIA,0,Intel I5,Small,Low-end,1.5,512
Acer,349965.0,Intel,Yes,16,4,LED,NVIDIA,0,Intel I7,Small,Mid-end,3.0,1024
Acer,262465.0,Intel,Yes,8,4,LED,NVIDIA,0,Intel I5,Small,Mid-end,2.5,512
Acer,132996.5,AMD,Yes,8,4,LED,AMD,0,AMD Ryzen 5,Small,Low-end,3.5,512
ASUS,281697.5,Intel,Yes,8,4,LCD,Intel,0,Intel I5,Small,Entry-level,3.5,512
HP,227115.0,AMD,No,16,4,LCD,NVIDIA,0,AMD Ryzen 7,Small,Mid-end,4.0,512
HP,384965.0,Intel,No,16,4,LED,NVIDIA,1024,Intel I7,Large,Mid-end,2.5,256
Acer,85715.0,Intel,Yes,4,3,LED,Intel,1024,Intel I3,Small,Entry-level,2.0,0
Lenovo,185465.0,Intel,Yes,8,4,LED,NVIDIA,1024,Intel I5,Small,Mid-end,2.5,0
Lenovo,77000.0,AMD,No,4,4,LED,AMD,1024,AMD A-Series,Small,Entry-level,2.0,0
ASUS,269465.0,Intel,Yes,16,LP5,LED,Intel,0,Intel I5,Small,Low-end,2.5,512
HP,160965.0,Intel,No,4,4,LED,Intel,0,Intel I3,Small,Entry-level,2.0,256
ASUS,227465.0,AMD,Yes,8,4,LED,NVIDIA,0,AMD Ryzen 5,Large,Mid-end,3.0,512
Lenovo,160646.5,Intel,No,4,4,LED,NVIDIA,0,Intel I5,Small,Low-end,1.5,256
Lenovo,118979.0,Intel,Yes,8,4,LCD,Intel,1024,Intel I3,Small,Entry-level,2.0,0
ASUS,209615.0,AMD,No,8,4,LED,AMD,0,AMD Ryzen 5,Small,Low-end,2.0,512
HP,185465.0,Intel,No,8,4,LED,Intel,0,Intel I5,Small,Entry-level,1.5,128
Lenovo,220465.0,Intel,No,8,4,LED,NVIDIA,1024,Intel I5,Small,Mid-end,2.5,256
Lenovo,192500.0,Intel,Yes,8,4,LED,Intel,0,Intel I5,Small,Entry-level,1.0,512
HP,80465.0,Intel,No,4,3,LED,Intel,1024,Intel Pentium,Small,Entry-level,1.5,0
ASUS,136465.0,AMD,Yes,8,4,LED,AMD,1024,AMD Ryzen 5,Small,Low-end,2.0,0
Dell,153646.5,Intel,Yes,4,4,LED,Intel,1024,Intel I3,Small,Entry-level,1.0,256
HP,330715.0,Intel,No,8,LP3,LED,NVIDIA,0,Intel I7,Small,Low-end,2.0,256
ASUS,262465.0,Intel,No,8,LP4,LED,Intel,0,Intel I5,Small,Low-end,2.5,512
HP,274323.0,Intel,No,8,LP3,LED,Intel,0,Intel I7,Small,Entry-level,2.0,256
Acer,191523.5,Intel,No,8,4,LED,Intel,0,Intel I5,Small,Low-end,4.0,512
Dell,402465.0,Intel,Yes,16,4,LED,NVIDIA,1024,Intel I7,Small,Mid-end,3.0,256
Lenovo,249112.5,Intel,Yes,8,4,LED,Intel,1024,Intel I5,Small,Entry-level,2.5,0
Lenovo,241808.0,Intel,No,8,4,LED,AMD,1024,Intel I5,Small,Entry-level,2.5,0
ASUS,377965.0,Intel,Yes,8,4,LED,NVIDIA,1024,Intel I7,Small,Mid-end,3.0,0
Lenovo,217406.0,Intel,No,8,4,LED,Intel,1024,Intel I5,Small,Entry-level,2.5,128
HP,146965.0,Intel,No,8,4,LCD,Intel,1024,Intel I3,Small,Entry-level,1.5,256
HP,99183.0,Intel,Yes,4,4,LED,AMD,1024,Intel I3,Small,Low-end,2.0,0
HP,100625.0,Intel,No,4,4,LED,Intel,1024,Intel I3,Small,Entry-level,2.5,0
ASUS,244996.5,Intel,No,8,4,LED,Intel,0,Intel I5,Small,Low-end,2.5,512
Lenovo,391615.0,Intel,Yes,8,4,LED,NVIDIA,1024,Intel I7,Small,Low-end,2.0,256
HP,81354.0,Intel,Yes,4,3,LED,Intel,1024,Intel Celeron,Small,Entry-level,1.5,0
HP,216965.0,Intel,No,8,4,LED,NVIDIA,1024,Intel I5,Small,Low-end,1.5,256
HP,202965.0,Intel,No,8,4,LED,AMD,1024,Intel I5,Small,Low-end,1.5,256
Dell,339465.0,Intel,No,16,4,LED,Intel,0,Intel I7,Small,Entry-level,2.0,512
HP,279965.0,Intel,No,8,4,LED,NVIDIA,0,Intel I5,Small,Low-end,1.5,512
ASUS,314965.0,Intel,No,16,4,LED,NVIDIA,0,Intel I7,Large,Mid-end,2.5,1024
HP,135033.5,Intel,No,4,4,LED,Intel,1024,Intel I3,Small,Entry-level,2.5,0
ASUS,185465.0,Intel,Yes,8,4,LED,NVIDIA,1024,Intel I5,Small,Mid-end,1.5,0
HP,367465.0,AMD,No,16,4,LED,NVIDIA,0,AMD Ryzen 5,Small,Mid-end,3.0,512
Lenovo,105794.5,AMD,Yes,8,4,LED,AMD,1024,AMD A-Series,Small,Entry-level,3.0,0
Apple,314965.0,Intel,No,8,LP3,LED,Intel,0,Intel Other,Small,Entry-level,1.0,256
ASUS,145565.0,Intel,Yes,8,4,LED,NVIDIA,1024,Intel I5,Small,Low-end,1.5,0
Other,146996.5,Intel,No,8,3,LED,Intel,0,Intel I5,Small,Entry-level,1.5,512
Lenovo,107800.0,Intel,No,4,4,LED,Intel,1024,Intel I3,Small,Entry-level,2.0,0
ASUS,407750.0,Intel,Yes,16,4,LCD,NVIDIA,0,Intel I7,Small,Mid-end,5.0,1024
HP,96215.0,AMD,No,4,4,LED,AMD,1024,AMD Ryzen 3,Small,Low-end,2.5,0
HP,300965.0,AMD,No,8,4,LED,NVIDIA,0,AMD Ryzen 7,Small,Mid-end,3.0,512
ASUS,122465.0,Intel,Yes,4,4,LED,Intel,0,Intel I3,Small,Entry-level,2.0,256
MSI,402465.0,Intel,Yes,16,4,LCD,NVIDIA,0,Intel I7,Small,Mid-end,4.5,1024
Lenovo,140665.0,Intel,No,4,3,LED,Intel,1024,Intel I3,Small,Entry-level,2.0,0
HP,276496.5,AMD,No,16,4,LED,NVIDIA,0,AMD Ryzen 7,Small,Mid-end,3.5,512
Acer,94465.0,AMD,Yes,4,4,LED,AMD,1024,AMD Athlon,Small,Entry-level,2.5,0
ASUS,137347.0,Intel,No,8,4,LED,NVIDIA,1024,Intel I5,Small,Low-end,1.5,256
HP,104965.0,Intel,No,8,4,LED,AMD,1024,Intel I3,Small,Low-end,2.0,0
ASUS,183365.0,Intel,No,8,4,LED,Intel,0,Intel I5,Small,Entry-level,1.0,512
HP,174965.0,Intel,No,8,4,LED,Intel,0,Intel I5,Small,Entry-level,1.0,512
Lenovo,101465.0,Intel,No,4,4,LED,Intel,1024,Intel I3,Small,Entry-level,2.5,0
Other,133098.0,Intel,No,8,3,LED,Intel,0,Intel I5,Small,Entry-level,1.0,256
Other,131565.0,Intel,No,8,4,LED,Intel,0,Intel I5,Small,Entry-level,1.5,512
Acer,202965.0,AMD,Yes,8,4,LED,NVIDIA,0,AMD Ryzen 7,Small,Mid-end,2.5,512
Acer,73465.0,Intel,Yes,4,4,LED,Intel,1024,Intel Pentium,Small,Entry-level,1.0,0
Acer,268194.5,Intel,Yes,16,4,LED,NVIDIA,1024,Intel I7,Small,Mid-end,2.5,256
ASUS,106715.0,Intel,No,4,4,LED,Intel,1024,Intel I3,Small,Entry-level,2.5,0
Apple,283150.0,Intel,No,8,3,LED,Intel,0,Intel I5,Small,Entry-level,1.5,128
Lenovo,132965.0,Intel,No,8,4,LED,NVIDIA,1024,Intel I3,Small,Low-end,2.0,0
Other,86247.0,Intel,No,8,4,LED,NVIDIA,0,Intel I5,Small,Low-end,1.5,512
HP,160965.0,Intel,No,8,4,LED,Intel,1024,Intel I3,Small,Entry-level,1.0,0
Lenovo,106715.0,AMD,Yes,4,4,LED,AMD,1024,AMD Ryzen 3,Small,Low-end,2.5,0
HP,118965.0,Intel,No,8,4,LED,Intel,0,Intel I3,Small,Entry-level,2.5,256
Dell,99431.5,Intel,Yes,4,4,LED,Intel,1024,Intel I3,Small,Entry-level,2.5,0
Lenovo,108430.0,Intel,Yes,4,4,LED,Intel,1024,Intel I3,Small,Entry-level,2.5,0
Lenovo,122006.5,Intel,No,8,4,LED,NVIDIA,1024,Intel I5,Small,Low-end,1.5,0
HP,71438.5,Intel,No,4,3,LED,Intel,1024,Intel Pentium,Small,Entry-level,1.5,0
ASUS,80465.0,Intel,No,4,4,LED,Intel,1024,Intel I3,Small,Entry-level,2.5,0
Other,157496.5,Intel,No,8,4,LED,Intel,0,Intel I5,Small,Entry-level,1.5,256
Acer,81431.0,Intel,Yes,4,4,LED,Intel,500,Intel Pentium,Small,Entry-level,2.5,0
ASUS,83044.5,Intel,No,4,4,LED,Intel,0,Intel I3,Small,Entry-level,1.0,512
Lenovo,108465.0,Intel,Yes,8,4,LED,Intel,1024,Intel I3,Small,Entry-level,1.0,0
Lenovo,77892.5,Intel,No,4,4,LED,Intel,1024,Intel I3,Small,Entry-level,2.5,0
Lenovo,87465.0,AMD,No,4,4,LED,AMD,1024,AMD A-Series,Small,Entry-level,2.5,0
HP,125615.0,Intel,No,8,4,LED,Intel,1024,Intel I3,Small,Entry-level,1.0,0
Dell,104965.0,Intel,Yes,4,4,LED,Intel,1024,Intel I3,Small,Entry-level,2.0,0
Dell,150496.5,Intel,No,8,3,LED,AMD,1024,Intel I5,Small,Mid-end,2.5,0
Acer,279965.0,Intel,Yes,8,4,LED,NVIDIA,1024,Intel I7,Small,Mid-end,2.0,128
HP,67588.5,AMD,No,4,4,LED,AMD,0,AMD A-Series,Small,Entry-level,2.5,256
Acer,209615.0,Intel,Yes,8,4,LED,NVIDIA,1024,Intel I5,Small,Mid-end,2.5,128
HP,172714.5,Intel,No,8,4,LED,Intel,0,Intel I3,Small,Entry-level,2.0,512
HP,108465.0,AMD,No,4,4,LED,AMD,1024,AMD Ryzen 3,Small,Low-end,2.5,0
MSI,174965.0,Intel,No,8,4,LED,NVIDIA,1024,Intel I5,Small,Mid-end,2.5,256
HP,70808.5,AMD,No,4,4,LED,AMD,1024,AMD A-Series,Small,Entry-level,2.5,0
Dell,200259.5,Intel,Yes,8,4,LED,Intel,1024,Intel I5,Small,Entry-level,1.0,256
ASUS,118965.0,AMD,No,8,LP5,LCD,AMD,0,AMD Ryzen 3,Small,Entry-level,2.5,512
Dell,177012.5,Intel,No,8,4,LED,AMD,1024,Intel I5,Small,Low-end,1.5,0
HP,87465.0,Intel,No,4,4,LED,Intel,1024,Intel Pentium,Small,Entry-level,1.0,0
Acer,188965.0,AMD,Yes,8,4,LED,AMD,1024,AMD Ryzen 5,Small,Mid-end,2.0,0
Lenovo,85298.5,AMD,No,8,4,LED,AMD,1024,AMD Ryzen 5,Small,Low-end,2.0,0
HP,170425.5,Intel,No,8,4,LED,Intel,0,Intel I5,Small,Entry-level,1.5,512
HP,75915.0,AMD,Yes,4,4,LED,AMD,1024,AMD A-Series,Small,Low-end,3.0,0
Acer,167615.0,AMD,Yes,8,4,LED,AMD,1024,AMD Ryzen 5,Small,Mid-end,2.0,0
HP,108465.0,AMD,No,8,4,LCD,AMD,0,AMD Athlon,Small,Entry-level,2.5,512
ASUS,111965.0,Intel,No,8,4,LCD,Intel,0,Intel I3,Small,Entry-level,3.0,512
Lenovo,62965.0,AMD,No,4,4,LED,AMD,1024,AMD A-Series,Small,Entry-level,2.5,0
ASUS,52465.0,Intel,No,4,4,LED,Intel,1024,Intel Pentium,Small,Entry-level,1.0,0
Lenovo,80468.5,Intel,Yes,4,4,LED,Intel,1024,Intel I3,Small,Entry-level,1.0,0
Acer,90965.0,Intel,Yes,4,3,LED,Intel,500,Intel Pentium,Small,Entry-level,1.0,0
Lenovo,118464.5,Intel,No,8,4,LED,Intel,1024,Intel I5,Small,Entry-level,1.0,0
Dell,73465.0,Intel,Yes,4,3,LED,Intel,500,Intel Pentium,Small,Entry-level,1.5,0
HP,99144.5,AMD,No,8,4,LED,AMD,0,AMD Ryzen 3,Small,Entry-level,2.5,512
Lenovo,76965.0,AMD,No,4,4,LED,AMD,1024,AMD A-Series,Small,Entry-level,2.5,0
ASUS,202506.5,Intel,Yes,8,4,LED,NVIDIA,0,Intel I5,Small,Mid-end,2.5,512
Lenovo,220150.0,Intel,No,16,4,LED,Intel,0,Intel I5,Small,Low-end,2.5,512
Lenovo,139965.0,AMD,No,8,4,LED,AMD,0,AMD Ryzen 5,Small,Low-end,2.0,512
HP,164188.5,Intel,No,8,4,LED,Intel,1024,Intel I5,Small,Entry-level,1.5,0
HP,103712.0,Intel,No,4,4,LED,Intel,1024,Intel Pentium,Small,Entry-level,2.5,0
Dell,109126.5,Intel,No,8,4,LED,Intel,1024,Intel I3,Small,Entry-level,1.5,0
Lenovo,144868.5,Intel,No,8,4,LED,Intel,1024,Intel I5,Small,Entry-level,1.0,0
Acer,101496.5,Intel,Yes,4,3,LED,Intel,500,Intel Pentium,Small,Entry-level,1.5,0
Acer,209965.0,Intel,Yes,8,4,LED,NVIDIA,1024,Intel I5,Small,Mid-end,2.5,256
ASUS,206465.0,Intel,Yes,8,4,LCD,Intel,0,Intel I5,Small,Low-end,2.5,512
ASUS,206465.0,Intel,No,8,4,LCD,Intel,0,Intel I5,Small,Low-end,2.5,512
ASUS,146965.0,Intel,No,8,4,LED,Intel,0,Intel I3,Small,Entry-level,3.0,256
Dell,108493.0,Intel,No,4,4,LED,Intel,1024,Intel I3,Small,Entry-level,2.5,0
ASUS,144868.5,Intel,No,8,4,LED,NVIDIA,0,Intel I5,Small,Mid-end,2.5,512
Lenovo,117250.0,Intel,Yes,4,4,LED,Intel,0,Intel I3,Small,Entry-level,2.0,256
Dell,94465.0,Intel,No,4,4,LED,Intel,1024,Intel I3,Small,Entry-level,2.0,0
Dell,104811.0,Intel,Yes,4,4,LED,Intel,1024,Intel I3,Small,Entry-level,2.0,0
Lenovo,137140.5,Intel,No,8,4,LED,NVIDIA,1024,Intel I5,Small,Mid-end,2.5,0
Acer,279650.0,Intel,No,16,4,LED,NVIDIA,1024,Intel I7,Small,Mid-end,3.0,256
Lenovo,185465.0,Intel,No,8,4,LED,NVIDIA,1024,Intel I5,Small,Mid-end,2.5,0
Lenovo,139394.5,Intel,No,8,4,LED,Intel,1024,Intel I5,Small,Entry-level,1.0,256
HP,80146.5,Intel,No,8,4,LED,Intel,0,Intel Pentium,Small,Entry-level,3.5,256
HP,108804.5,Intel,No,4,4,LED,Intel,1024,Intel I5,Small,Entry-level,2.5,0
Acer,94496.5,Intel,Yes,4,3,LED,Intel,500,Intel I3,Small,Entry-level,2.5,0
ASUS,102364.5,AMD,No,8,4,LED,AMD,0,AMD Ryzen 5,Small,Entry-level,2.5,512
ASUS,71746.5,Intel,Yes,4,4,LCD,Intel,1024,Intel Pentium,Small,Entry-level,2.0,0
ASUS,185465.0,Intel,Yes,8,4,LED,NVIDIA,1024,Intel I5,Small,Mid-end,2.5,0
HP,66465.0,AMD,Yes,4,3,LED,AMD,500,AMD Other,Small,Entry-level,2.0,0
HP,101496.5,AMD,No,4,4,LED,AMD,0,AMD Ryzen 3,Small,Low-end,2.5,256
Lenovo,213115.0,Intel,No,16,4,LED,Intel,0,Intel I5,Small,Low-end,2.5,512
Lenovo,151865.0,Intel,No,8,4,LED,Intel,1024,Intel I5,Small,Entry-level,1.0,0
HP,265965.0,AMD,Yes,16,4,LED,NVIDIA,1024,AMD Ryzen 7,Small,Mid-end,3.0,256
ASUS,265965.0,Intel,Yes,8,4,LED,NVIDIA,0,Intel I5,Small,Mid-end,2.5,512
HP,118965.0,Intel,No,8,4,LED,Intel,1024,Intel I3,Small,Entry-level,2.5,0
Other,127715.0,Intel,No,8,LP4,LCD,Intel,0,Intel I5,Small,Entry-level,1.0,512
Dell,206048.5,Intel,No,8,4,LED,NVIDIA,1024,Intel I5,Small,Mid-end,2.5,128
Lenovo,101146.5,Intel,No,4,4,LED,Intel,0,Intel Celeron,Small,Entry-level,1.0,256
MSI,155365.0,AMD,No,8,4,LED,AMD,0,AMD Ryzen 5,Small,Entry-level,3.0,512
Lenovo,124250.0,Intel,No,8,4,LED,Intel,0,Intel I3,Small,Entry-level,3.0,512
HP,175266.0,Intel,No,8,4,LED,Intel,1024,Intel I5,Small,Entry-level,1.0,256
MSI,188965.0,Intel,No,8,4,LED,NVIDIA,1024,Intel I5,Small,Mid-end,2.5,0
Lenovo,80115.0,AMD,Yes,4,4,LED,AMD,1024,AMD A-Series,Small,Entry-level,3.0,0
Other,110215.0,Intel,No,8,3,LED,Intel,0,Intel I5,Small,Entry-level,1.5,256
Dell,78214.5,Intel,Yes,4,4,LED,Intel,0,Intel I3,Small,Entry-level,1.0,256
ASUS,311465.0,Intel,Yes,16,4,LED,NVIDIA,0,Intel I7,Small,Mid-end,2.5,512
Acer,224724.5,Intel,Yes,16,4,LED,NVIDIA,1024,Intel I5,Small,Mid-end,2.5,256
Dell,105791.0,Intel,No,4,4,LED,Intel,1024,Intel I3,Small,Entry-level,2.5,0
ASUS,209965.0,AMD,No,16,LP4,LED,AMD,0,AMD Ryzen 5,Small,Entry-level,3.5,512
ASUS,76965.0,AMD,No,4,3,LED,AMD,1024,AMD A-Series,Small,Entry-level,2.0,0
HP,121443.0,Intel,No,8,4,LED,Intel,1024,Intel I3,Small,Entry-level,2.0,0
Dell,110421.5,Intel,Yes,4,4,LED,Intel,1024,Intel I3,Small,Entry-level,2.0,0
HP,63437.5,AMD,No,4,4,LED,AMD,0,AMD A-Series,Small,Entry-level,2.5,256
Lenovo,85620.5,Intel,No,4,4,LED,Intel,0,Intel I3,Small,Entry-level,1.0,256
HP,426996.5,Intel,Yes,8,4,LCD,NVIDIA,0,Intel I5,Small,Mid-end,2.5,256
Lenovo,236215.0,AMD,Yes,8,4,LED,NVIDIA,0,AMD Ryzen 5,Small,Mid-end,3.0,512
ASUS,188965.0,AMD,Yes,8,4,LCD,NVIDIA,0,AMD Ryzen 5,Small,Mid-end,4.0,1024
Lenovo,146965.0,Intel,No,8,4,LED,Intel,0,Intel I3,Small,Entry-level,1.0,256
Apple,382865.0,Apple,Yes,16,4,LCD,Apple,0,Apple M-series,Small,High-end,3.0,256
ASUS,349965.0,Intel,Yes,16,4,LED,NVIDIA,1024,Intel I7,Small,Mid-end,2.0,256
ASUS,87496.5,AMD,Yes,4,3,LED,AMD,1024,AMD A-Series,Small,Entry-level,2.0,0
Dell,323337.0,Intel,Yes,8,4,LED,NVIDIA,1024,Intel I7,Small,Low-end,2.0,256
Acer,192465.0,AMD,Yes,8,4,LED,NVIDIA,1024,AMD Ryzen 5,Small,Mid-end,2.0,0
ASUS,139965.0,AMD,No,8,LP5,LCD,AMD,0,AMD Ryzen 5,Small,Entry-level,3.0,512
Lenovo,75638.5,AMD,No,4,4,LED,AMD,1024,AMD Athlon,Small,Entry-level,2.5,0
Lenovo,120022.0,AMD,No,8,4,LED,AMD,0,AMD Ryzen 3,Small,Low-end,2.5,256
HP,82400.5,AMD,No,4,4,LED,AMD,1024,AMD Ryzen 3,Small,Entry-level,2.5,0
Lenovo,80146.5,Intel,Yes,4,4,LED,Intel,1024,Intel I3,Small,Entry-level,2.0,0
HP,132965.0,Intel,No,8,4,LED,Intel,1024,Intel I3,Small,Entry-level,2.5,0
MSI,211844.5,Intel,No,16,4,LED,NVIDIA,0,Intel I7,Small,Mid-end,2.5,512
MSI,262465.0,Intel,No,16,4,LED,NVIDIA,0,Intel I7,Small,Mid-end,3.0,1024
ASUS,286965.0,Intel,No,8,4,LED,NVIDIA,1024,Intel I7,Small,Low-end,2.0,256
ASUS,286965.0,Intel,No,8,4,LED,NVIDIA,1024,Intel I7,Small,Low-end,2.0,256
Apple,332465.0,Intel,No,8,LP3,LED,Intel,0,Intel I5,Small,Entry-level,1.5,128
ASUS,132965.0,Intel,No,8,4,LED,Intel,1024,Intel I5,Small,Entry-level,1.0,0
ASUS,206500.0,Intel,Yes,8,4,LED,NVIDIA,1024,Intel I7,Small,Low-end,2.0,256
Acer,279965.0,Intel,Yes,16,4,LED,NVIDIA,1024,Intel I5,Small,Mid-end,2.5,256
ASUS,98178.5,Intel,Yes,4,4,LED,Intel,0,Intel I3,Small,Entry-level,2.0,512
Lenovo,225365.0,Intel,No,8,4,LED,NVIDIA,1024,Intel I5,Small,Mid-end,2.5,256
HP,112220.5,Intel,Yes,8,4,LED,Intel,1024,Intel I3,Small,Entry-level,2.5,0
Other,125527.5,Intel,No,8,4,LCD,Intel,0,Intel I3,Small,Entry-level,4.0,256
ASUS,363965.0,AMD,Yes,8,4,LED,NVIDIA,0,AMD Ryzen 5,Small,Mid-end,3.5,1024
Apple,293965.0,Intel,No,8,4,LED,Intel,0,Intel I3,Small,Low-end,1.0,256
Acer,186728.5,Intel,No,16,LP5,LED,Intel,0,Intel I5,Small,Low-end,2.5,512
Acer,192465.0,Intel,No,8,LP5,LED,Intel,0,Intel I5,Small,Low-end,2.5,512
ASUS,201722.5,Intel,No,8,4,LED,NVIDIA,0,Intel I5,Small,Low-end,1.0,512
Acer,232214.5,Intel,Yes,8,4,LED,NVIDIA,1024,Intel I7,Small,Mid-end,2.5,0
ASUS,202828.5,Intel,No,16,4,LED,NVIDIA,0,Intel I7,Small,Mid-end,2.5,512
Acer,86730.0,Intel,Yes,4,3,LED,Intel,1024,Intel Pentium,Small,Entry-level,1.0,0
Acer,211424.5,Intel,Yes,8,4,LED,NVIDIA,1024,Intel I5,Small,Mid-end,2.5,0
Lenovo,80465.0,AMD,No,4,4,LED,AMD,1024,AMD Ryzen 3,Small,Low-end,2.5,0
Lenovo,104965.0,Intel,Yes,4,4,LED,Intel,1024,Intel I3,Small,Entry-level,2.0,0
Lenovo,174965.0,Intel,Yes,16,4,LCD,Intel,0,Intel I7,Small,Low-end,4.5,512
HP,209646.5,Intel,Yes,8,4,LED,NVIDIA,1024,Intel I5,Small,Low-end,4.0,256
MSI,339465.0,Intel,Yes,16,4,LED,NVIDIA,1024,Intel I7,Small,Mid-end,2.0,128
HP,101465.0,Intel,No,4,4,LED,Intel,1024,Intel I3,Small,Entry-level,2.5,0
Acer,64610.0,Intel,Yes,4,3,LED,Intel,500,Intel Pentium,Small,Entry-level,1.5,0
Lenovo,171465.0,AMD,Yes,8,4,LCD,NVIDIA,0,AMD Ryzen 5,Small,Mid-end,3.5,512
ASUS,235865.0,AMD,Yes,8,4,LED,NVIDIA,0,AMD Ryzen 7,Large,Mid-end,2.5,512
HP,123109.0,AMD,No,4,4,LED,AMD,1024,AMD Ryzen 3,Small,Entry-level,2.5,256
MSI,262465.0,Intel,Yes,8,4,LED,NVIDIA,1024,Intel I7,Small,Mid-end,2.0,128
HP,187215.0,Intel,No,8,4,LED,Intel,1024,Intel I5,Small,Entry-level,4.0,0
ASUS,255465.0,Intel,No,16,4,LED,NVIDIA,0,Intel I7,Small,Mid-end,2.5,512
ASUS,75215.0,AMD,Yes,4,4,LED,AMD,1024,AMD A-Series,Small,Entry-level,2.5,0
ASUS,157430.0,AMD,No,16,4,LCD,AMD,0,AMD Ryzen 7,Small,Entry-level,4.0,512
HP,178465.0,Intel,No,8,4,LED,NVIDIA,1024,Intel I5,Small,Low-end,1.5,0
Dell,159250.0,Intel,Yes,8,4,LCD,Intel,1024,Intel I3,Small,Entry-level,1.0,256
HP,129496.5,Intel,No,4,4,LED,Intel,1024,Intel I3,Small,Entry-level,1.0,0
Dell,117498.5,AMD,Yes,8,4,LED,AMD,0,AMD Ryzen 5,Small,Low-end,2.0,256
Lenovo,161612.5,Intel,No,8,4,LED,NVIDIA,1024,Intel I5,Small,Mid-end,2.5,256
Lenovo,276465.0,Intel,Yes,8,4,LED,NVIDIA,1024,Intel I7,Small,Mid-end,2.5,256
HP,183715.0,AMD,No,8,4,LED,AMD,0,AMD Ryzen 5,Small,Entry-level,4.0,512
ASUS,122465.0,AMD,Yes,8,4,LED,AMD,1024,AMD Ryzen 5,Small,Low-end,2.0,0
MSI,402465.0,Intel,No,16,4,LED,NVIDIA,1024,Intel I7,Small,Mid-end,2.5,256
ASUS,272965.0,AMD,Yes,8,4,LED,NVIDIA,1024,AMD Ryzen 5,Small,Mid-end,2.0,256
HP,194362.0,Intel,Yes,8,4,LED,AMD,1024,Intel I5,Small,Low-end,1.5,0
ASUS,90265.0,Intel,Yes,4,3,LED,Intel,1024,Intel I3,Small,Entry-level,2.5,0
HP,118965.0,Intel,No,4,4,LED,Intel,1024,Intel I3,Small,Entry-level,2.5,128
HP,164500.0,Intel,No,4,4,LED,Intel,1024,Intel I3,Small,Entry-level,1.0,0
HP,76261.5,AMD,No,4,4,LED,AMD,1024,AMD A-Series,Small,Entry-level,2.5,0
Other,57715.0,AMD,No,4,4,LED,AMD,0,AMD A-Series,Small,Entry-level,2.5,128
Lenovo,117215.0,Intel,No,8,4,LED,Intel,0,Intel I3,Small,Entry-level,2.0,256
HP,121999.5,Intel,No,4,3,LED,Intel,1024,Intel I3,Small,Entry-level,2.0,0
ASUS,90965.0,Intel,Yes,4,4,LED,Intel,1024,Intel I3,Small,Entry-level,2.5,0
Lenovo,166250.0,Intel,Yes,8,4,LED,Intel,0,Intel I5,Small,Low-end,2.5,512
MSI,244965.0,Intel,Yes,8,4,LED,NVIDIA,1024,Intel I5,Small,Mid-end,2.5,0
HP,171272.5,Intel,No,16,4,LED,Intel,0,Intel I5,Small,Entry-level,4.0,512
HP,78715.0,Intel,Yes,4,4,LED,Intel,1024,Intel Celeron,Small,Entry-level,1.0,0
MSI,252875.0,Intel,No,16,4,LED,NVIDIA,0,Intel I5,Small,Mid-end,2.5,512
ASUS,109900.0,AMD,Yes,4,4,LED,AMD,1024,AMD Ryzen 5,Small,Low-end,2.0,0
ASUS,66944.5,Intel,No,4,4,LED,Intel,1024,Intel I3,Small,Entry-level,1.0,0
ASUS,118965.0,Intel,Yes,4,4,LED,Intel,0,Intel I3,Small,Entry-level,2.0,512
MSI,244965.0,AMD,No,16,4,LED,AMD,1024,AMD Ryzen 7,Small,Mid-end,2.5,256
Lenovo,133000.0,Intel,No,4,4,LED,Intel,1024,Intel I3,Small,Entry-level,2.5,0
Lenovo,192465.0,Intel,No,8,4,LED,Intel,0,Intel I3,Small,Entry-level,2.0,256
ASUS,220465.0,Intel,No,8,LP3,LED,Intel,0,Intel I5,Small,Entry-level,1.5,256
HP,101465.0,AMD,Yes,4,3,LED,AMD,1024,AMD A-Series,Small,Mid-end,2.0,0
HP,188965.0,Intel,No,8,4,LED,Intel,0,Intel I5,Small,Entry-level,1.0,512
Lenovo,139965.0,Intel,No,8,4,LED,NVIDIA,1024,Intel I5,Small,Low-end,1.5,0
ASUS,139965.0,AMD,Yes,8,4,LED,NVIDIA,0,AMD Ryzen 5,Large,Mid-end,3.0,512
ASUS,101850.0,Intel,No,8,4,LED,Intel,1024,Intel I3,Small,Entry-level,2.0,0
MSI,419965.0,Intel,Yes,16,4,LED,NVIDIA,1024,Intel I7,Small,Mid-end,3.0,128
Other,122465.0,Intel,No,8,4,LED,Intel,0,Intel I5,Small,Entry-level,1.5,512
Other,153615.0,AMD,Yes,16,4,LCD,AMD,0,AMD Ryzen 5,Small,Entry-level,2.0,512
Dell,130378.5,Intel,Yes,8,4,LED,Intel,0,Intel I3,Small,Entry-level,1.5,256
HP,128485.0,AMD,No,8,4,LCD,AMD,0,AMD Ryzen 3,Small,Entry-level,4.0,256
ASUS,94465.0,Intel,Yes,4,3,LED,Intel,1024,Intel Pentium,Small,Entry-level,1.0,0
MSI,337715.0,Intel,Yes,8,4,LED,NVIDIA,1024,Intel I7,Small,Mid-end,3.0,128
HP,97100.5,Intel,No,4,4,LED,Intel,1024,Intel Pentium,Small,Entry-level,2.5,0
HP,122150.0,Intel,Yes,4,4,LED,Intel,1024,Intel I3,Small,Entry-level,2.0,0
Lenovo,192465.0,AMD,Yes,8,4,LED,NVIDIA,1024,AMD Ryzen 5,Small,Mid-end,3.0,256
HP,100110.5,Intel,No,8,4,LED,Intel,1024,Intel I3,Small,Entry-level,1.0,0
ASUS,190750.0,AMD,No,8,4,LED,AMD,1024,AMD Ryzen 5,Large,Mid-end,2.0,0
Lenovo,141662.5,Intel,No,8,4,LCD,Intel,0,Intel I3,Small,Entry-level,1.5,512
HP,174965.0,Intel,No,8,4,LED,Intel,1024,Intel I5,Small,Entry-level,1.5,0
ASUS,217000.0,AMD,Yes,16,4,LED,NVIDIA,0,AMD Ryzen 7,Small,Mid-end,2.5,512
Acer,143465.0,Intel,Yes,8,4,LED,NVIDIA,1024,Intel I5,Small,Low-end,1.5,0
Dell,223615.0,Intel,Yes,8,4,LED,NVIDIA,0,Intel I5,Small,Low-end,1.0,512
ASUS,272965.0,Intel,Yes,16,4,LED,NVIDIA,0,Intel I7,Small,Mid-end,2.5,512
HP,104965.0,Intel,No,4,4,LED,Intel,1024,Intel I3,Small,Entry-level,2.5,0
HP,221900.0,AMD,No,16,4,LED,AMD,0,AMD Ryzen 5,Small,Entry-level,4.0,512
Acer,209965.0,Intel,Yes,8,4,LED,NVIDIA,1024,Intel I5,Small,Low-end,1.5,128
ASUS,279786.5,Intel,Yes,16,4,LED,NVIDIA,0,Intel I7,Small,Mid-end,4.5,1024
Acer,227465.0,Intel,Yes,8,4,LED,NVIDIA,1024,Intel I5,Small,Low-end,1.5,128
ASUS,188965.0,Intel,Yes,8,4,LED,Intel,1024,Intel I3,Small,Entry-level,2.0,0
ASUS,150465.0,Intel,No,8,4,LCD,Intel,0,Intel I3,Small,Entry-level,1.5,512
Lenovo,94150.0,Intel,No,4,4,LED,Intel,0,Intel Celeron,Small,Entry-level,3.0,256
Lenovo,139650.0,Intel,No,4,4,LED,Intel,0,Intel I3,Small,Entry-level,1.0,256
HP,131859.0,AMD,No,8,4,LED,AMD,1024,AMD Ryzen 5,Small,Low-end,2.0,0
Lenovo,157465.0,Intel,No,8,4,LED,Intel,1024,Intel I5,Small,Entry-level,1.5,256
Acer,124369.0,AMD,Yes,4,4,LED,AMD,1024,AMD Ryzen 5,Small,Low-end,2.0,0
ASUS,157465.0,Intel,Yes,8,4,LED,Intel,1024,Intel I3,Small,Entry-level,2.0,256
HP,174965.0,Intel,No,8,4,LED,Intel,0,Intel I5,Small,Entry-level,1.0,512
Lenovo,118615.0,Intel,No,8,4,LED,Intel,1024,Intel I3,Small,Entry-level,2.0,0
ASUS,122465.0,Intel,No,8,4,LCD,Intel,0,Intel I3,Small,Entry-level,4.0,512
HP,164465.0,AMD,No,8,4,LED,AMD,0,AMD Ryzen 5,Small,Entry-level,2.0,512
ASUS,167615.0,AMD,No,8,4,LED,AMD,1024,AMD Ryzen 5,Small,Low-end,2.0,256
Dell,97965.0,Intel,Yes,4,4,LED,Intel,1024,Intel I3,Small,Entry-level,2.0,0
ASUS,153965.0,Intel,No,4,4,LED,Intel,1024,Intel I5,Small,Entry-level,1.5,0
Apple,377965.0,Intel,No,8,LP3,LED,Intel,0,Intel I5,Small,Entry-level,1.5,256
Dell,132300.0,Intel,Yes,4,4,LED,Intel,1024,Intel I3,Small,Entry-level,2.0,0
ASUS,227465.0,Intel,No,8,4,LED,Intel,0,Intel I5,Small,Entry-level,1.0,512
Dell,94958.5,AMD,Yes,8,4,LCD,AMD,0,AMD Ryzen 3,Small,Entry-level,2.5,256
Apple,349965.0,Intel,No,8,LP4,LED,Intel,0,Intel I5,Small,Low-end,1.0,512
Lenovo,82078.5,Intel,Yes,4,4,LED,Intel,1024,Intel I3,Small,Entry-level,2.0,0
Lenovo,125548.5,Intel,No,8,4,LED,Intel,0,Intel I5,Small,Entry-level,1.5,512
Dell,144900.0,Intel,Yes,8,4,LED,Intel,1024,Intel I3,Small,Entry-level,1.0,0
ASUS,244965.0,Intel,Yes,8,4,LED,NVIDIA,0,Intel I5,Small,Mid-end,2.5,512
HP,201215.0,Intel,Yes,8,4,LED,NVIDIA,1024,Intel I5,Small,Low-end,2.5,0
Dell,100446.5,Intel,No,4,4,LED,Intel,1024,Intel I3,Small,Entry-level,2.5,0
HP,139650.0,Intel,Yes,4,4,LED,Intel,1024,Intel I3,Small,Entry-level,2.5,0
HP,125751.5,Intel,No,4,3,LED,AMD,1024,Intel I3,Small,Mid-end,2.0,0
Lenovo,129465.0,Intel,No,4,4,LED,Intel,1024,Intel I3,Small,Entry-level,2.5,0
HP,209965.0,AMD,No,16,4,LED,AMD,0,AMD Ryzen 5,Small,Entry-level,3.0,512
Dell,194362.0,Intel,Yes,8,4,LED,Intel,1024,Intel I5,Small,Entry-level,1.5,0
Lenovo,139965.0,Intel,No,4,4,LED,Intel,0,Intel I3,Small,Entry-level,2.0,256
HP,66465.0,AMD,No,4,4,LED,AMD,1024,AMD Other,Small,Entry-level,1.5,0
Lenovo,62965.0,AMD,No,4,4,LED,AMD,1024,AMD A-Series,Small,Entry-level,2.5,0
Acer,227496.5,Intel,Yes,8,4,LED,NVIDIA,1024,Intel I5,Small,Mid-end,2.5,128
Lenovo,237121.5,Intel,No,8,4,LED,Intel,1024,Intel I5,Small,Low-end,2.5,256
HP,234465.0,AMD,No,16,4,LCD,NVIDIA,0,AMD Ryzen 7,Small,Mid-end,3.0,512
MSI,129465.0,Intel,No,8,4,LED,Intel,0,Intel I3,Small,Entry-level,2.0,256
Acer,211676.5,AMD,No,16,4,LCD,NVIDIA,0,AMD Ryzen 5,Small,Mid-end,3.5,512
Dell,142170.0,Intel,No,8,4,LED,Intel,1024,Intel I3,Small,Entry-level,1.0,0
Dell,132965.0,Intel,Yes,4,3,LED,Intel,1024,Intel I3,Small,Entry-level,2.0,0
Apple,447965.0,Intel,No,8,LP3,LED,Intel,0,Intel I5,Small,Entry-level,1.5,256
Lenovo,202965.0,Intel,No,16,4,LCD,Intel,0,Intel I7,Small,Low-end,4.5,512
Lenovo,270515.0,Intel,No,8,4,LED,NVIDIA,0,Intel I5,Small,Mid-end,2.5,1024
HP,170905.0,Intel,Yes,8,4,LCD,Intel,0,Intel I5,Small,Low-end,4.5,512
ASUS,209965.0,Intel,No,8,LP4,LED,Intel,0,Intel I5,Small,Low-end,4.0,512
Lenovo,255465.0,Intel,No,8,4,LED,NVIDIA,1024,Intel I5,Small,Mid-end,2.5,256
ASUS,241465.0,AMD,Yes,8,4,LED,NVIDIA,0,AMD Ryzen 7,Large,Mid-end,3.0,512
Acer,115465.0,Intel,Yes,4,4,LED,Intel,1024,Intel I3,Small,Entry-level,1.0,0
Acer,143496.5,AMD,No,4,4,LED,AMD,1024,AMD Ryzen 3,Small,Low-end,2.0,0
ASUS,157465.0,Intel,No,8,4,LED,Intel,0,Intel I3,Small,Entry-level,4.0,256
Dell,83366.5,Intel,Yes,8,4,LCD,Intel,0,Intel Pentium,Small,Entry-level,1.0,256
ASUS,108465.0,Intel,Yes,4,4,LED,Intel,1024,Intel I3,Small,Entry-level,1.0,0
Lenovo,178465.0,Intel,Yes,8,4,LED,NVIDIA,1024,Intel I5,Small,Low-end,1.5,0
Lenovo,284669.0,Intel,Yes,8,4,LED,NVIDIA,1024,Intel I5,Small,Mid-end,2.5,128
Apple,367465.0,Intel,No,8,LP3,LED,Intel,0,Intel I5,Small,Entry-level,1.5,256
ASUS,80465.0,AMD,Yes,4,4,LED,AMD,1024,AMD Athlon,Small,Entry-level,2.5,0
ASUS,118965.0,Intel,Yes,8,4,LCD,Intel,0,Intel I3,Small,Entry-level,2.0,512
MSI,206465.0,Intel,Yes,8,4,LED,NVIDIA,0,Intel I5,Small,Mid-end,2.5,512
Lenovo,107765.0,Intel,No,4,4,LED,Intel,1024,Intel I3,Small,Entry-level,2.0,0
ASUS,88427.5,Intel,Yes,4,4,LED,Intel,1024,Intel I3,Small,Entry-level,2.5,0
MSI,367465.0,Intel,Yes,8,4,LED,NVIDIA,1024,Intel I7,Small,Mid-end,3.0,128
ASUS,272643.0,AMD,Yes,16,4,LCD,NVIDIA,0,AMD Ryzen 7,Large,Mid-end,4.0,512
Dell,157465.0,Intel,Yes,4,4,LED,Intel,0,Intel I3,Small,Entry-level,2.5,128
HP,130515.0,Intel,Yes,8,4,LED,AMD,1024,Intel I3,Small,Low-end,2.0,0
Acer,125965.0,Intel,Yes,4,4,LED,Intel,0,Intel I3,Small,Entry-level,2.0,512
HP,110215.0,AMD,No,4,4,LED,AMD,1024,AMD Ryzen 5,Small,Low-end,3.0,0
ASUS,227465.0,Intel,No,8,4,LED,NVIDIA,0,Intel I5,Small,Low-end,4.0,512
Lenovo,241465.0,Intel,No,16,4,LCD,NVIDIA,1024,Intel I5,Small,Mid-end,3.5,256
HP,97965.0,Intel,No,4,4,LED,Intel,1024,Intel I3,Small,Entry-level,2.0,0
ASUS,300965.0,Intel,No,16,LP3,LED,Intel,0,Intel I7,Small,Entry-level,2.0,512
ASUS,234465.0,AMD,Yes,8,4,LED,NVIDIA,1024,AMD Ryzen 7,Small,Mid-end,2.5,512
MSI,546315.0,Intel,No,32,4,LED,NVIDIA,1024,Intel I7,Small,High-end,3.0,512
HP,199325.0,Intel,No,8,4,LED,NVIDIA,1024,Intel I5,Small,Low-end,2.5,0
HP,253715.0,Intel,Yes,16,4,LED,Intel,0,Intel I5,Small,Low-end,2.5,512
ASUS,156429.0,Intel,No,8,LP4,LED,Intel,1024,Intel I5,Small,Entry-level,1.0,0
HP,203178.5,Intel,No,4,LP3,LED,Intel,0,Intel I3,Small,Entry-level,2.0,128
Acer,173596.5,Intel,No,8,4,LCD,Intel,0,Intel I5,Small,Low-end,4.0,512
MSI,219250.5,Intel,No,16,4,LCD,NVIDIA,0,Intel I7,Small,Mid-end,4.5,512
ASUS,259665.0,Intel,Yes,16,4,LED,NVIDIA,0,Intel I7,Small,Mid-end,2.0,1024
Acer,103736.5,Intel,Yes,4,4,LED,Intel,1024,Intel Pentium,Small,Entry-level,2.5,0
Dell,104965.0,Intel,Yes,4,4,LED,Intel,1024,Intel I3,Small,Entry-level,2.5,0
Lenovo,210665.0,Intel,Yes,16,4,LCD,Intel,0,Intel I7,Small,Low-end,3.0,512
Other,99221.5,Intel,No,4,4,LED,Intel,0,Intel I3,Small,Entry-level,2.0,256
Acer,118996.5,Intel,Yes,4,4,LED,Intel,1024,Intel I3,Small,Entry-level,2.5,0
HP,133000.0,Intel,No,8,4,LCD,Intel,0,Intel I3,Small,Entry-level,3.5,256
HP,87465.0,AMD,No,4,4,LED,AMD,1024,AMD Ryzen 5,Small,Low-end,2.0,0
HP,209685.0,AMD,No,8,4,LED,NVIDIA,0,AMD Ryzen 5,Small,Mid-end,3.5,512
Dell,102364.5,Intel,Yes,4,4,LED,Intel,1024,Intel I3,Small,Entry-level,1.0,0
ASUS,139965.0,Intel,Yes,4,4,LED,Intel,1024,Intel I5,Small,Entry-level,1.5,0
ASUS,402465.0,AMD,No,16,4,LED,AMD,0,AMD Ryzen 9,Small,High-end,3.5,1024
ASUS,144865.0,Intel,No,8,4,LED,Intel,0,Intel I3,Small,Entry-level,3.0,256
Lenovo,88200.0,Intel,No,4,4,LED,Intel,0,Intel Celeron,Small,Entry-level,3.0,256
ASUS,136465.0,Intel,Yes,4,4,LED,NVIDIA,1024,Intel I5,Small,Low-end,1.5,0
ASUS,209965.0,Intel,Yes,8,4,LED,Intel,0,Intel I5,Small,Entry-level,1.5,512
ASUS,220465.0,Intel,Yes,8,4,LED,NVIDIA,0,Intel I5,Small,Mid-end,2.5,512
HP,220465.0,Intel,Yes,8,4,LED,NVIDIA,1024,Intel I5,Small,Mid-end,2.5,128
Dell,112175.0,Intel,Yes,4,4,LED,Intel,1024,Intel I3,Small,Entry-level,2.0,0
HP,244965.0,Intel,No,8,LP3,LED,Intel,0,Intel I5,Small,Entry-level,1.5,256
ASUS,104965.0,Intel,No,8,4,LCD,Intel,0,Intel Pentium,Small,Entry-level,1.0,256
ASUS,118965.0,AMD,No,8,5,LCD,AMD,0,AMD Ryzen 3,Small,Low-end,2.5,256
HP,167996.5,AMD,No,8,4,LED,AMD,0,AMD Ryzen 5,Small,Low-end,2.0,512
Lenovo,174965.0,Intel,Yes,8,4,LED,Intel,0,Intel I5,Small,Entry-level,1.0,512
HP,92680.0,Intel,No,4,4,LED,Intel,1024,Intel I3,Small,Entry-level,2.5,0
Lenovo,205625.0,Intel,No,8,4,LED,NVIDIA,1024,Intel I5,Small,Low-end,1.0,256
HP,76965.0,Intel,No,4,4,LED,Intel,1024,Intel Celeron,Small,Entry-level,1.0,0
Apple,384965.0,Intel,No,8,LP4,LED,Intel,0,Intel I5,Small,Low-end,1.0,512
HP,181510.0,Intel,Yes,8,4,LED,Intel,1024,Intel I3,Small,Entry-level,4.0,0
ASUS,167965.0,AMD,No,16,4,LCD,AMD,0,AMD Ryzen 5,Large,Entry-level,4.0,512
ASUS,125965.0,AMD,No,8,4,LED,AMD,1024,AMD Ryzen 5,Small,Low-end,2.0,0
ASUS,125965.0,Intel,No,8,4,LED,Intel,1024,Intel I3,Small,Entry-level,1.0,0
ASUS,213465.0,Intel,No,8,4,LED,Intel,0,Intel I5,Small,Low-end,4.0,512
HP,234465.0,Intel,No,8,4,LED,NVIDIA,1024,Intel I5,Small,Entry-level,1.0,256
Dell,93275.0,Intel,No,4,4,LED,Intel,1024,Intel I3,Small,Entry-level,2.5,0
ASUS,325465.0,Intel,Yes,16,5,LCD,NVIDIA,0,Intel I7,Small,Mid-end,4.5,512
MSI,339465.0,Intel,No,16,4,LCD,NVIDIA,0,Intel I7,Small,Mid-end,4.5,1024
Lenovo,104965.0,Intel,Yes,4,4,LED,Intel,1024,Intel I3,Small,Entry-level,1.0,0
Lenovo,118965.0,Intel,Yes,4,4,LCD,Intel,1024,Intel I3,Small,Entry-level,2.0,0
HP,132265.0,AMD,No,8,4,LED,AMD,1024,AMD Ryzen 5,Small,Low-end,3.0,0
Lenovo,447965.0,AMD,No,16,4,LED,NVIDIA,0,AMD Ryzen 7,Small,Mid-end,3.5,1024
Dell,142439.5,Intel,Yes,4,4,LED,AMD,1024,Intel I5,Small,Mid-end,2.5,0
Dell,127802.5,Intel,Yes,8,4,LED,Intel,1024,Intel I5,Small,Low-end,4.0,0
ASUS,163065.0,AMD,Yes,8,4,LED,NVIDIA,1024,AMD Ryzen 5,Small,Mid-end,2.0,0
HP,272965.0,Intel,Yes,8,4,LED,NVIDIA,1024,Intel I7,Small,Mid-end,2.0,128
Other,323715.0,Intel,No,8,LP4,LED,Intel,0,Intel I5,Small,Low-end,1.0,128
HP,68215.0,AMD,No,4,4,LED,AMD,1024,AMD Other,Small,Entry-level,1.5,0
Dell,122465.0,Intel,Yes,4,4,LED,Intel,1024,Intel I3,Small,Entry-level,2.0,0
Dell,160965.0,Intel,No,8,4,LED,AMD,1024,Intel I5,Small,Low-end,1.5,0
ASUS,262465.0,Intel,Yes,8,4,LED,NVIDIA,1024,Intel I7,Small,Mid-end,2.0,128
Dell,215803.0,Intel,Yes,8,4,LED,AMD,1024,Intel I7,Small,Mid-end,2.5,0
Acer,110215.0,Intel,No,4,4,LED,Intel,0,Intel I3,Small,Entry-level,2.0,256
ASUS,220465.0,Intel,No,8,4,LED,Intel,1024,Intel I5,Small,Entry-level,1.5,256
Lenovo,209965.0,Intel,No,8,4,LED,Intel,1024,Intel I5,Small,Entry-level,1.5,128
HP,103215.0,Intel,No,4,4,LED,Intel,1024,Intel I3,Small,Entry-level,2.0,0
Lenovo,94465.0,AMD,No,4,4,LED,AMD,1024,AMD Athlon,Small,Entry-level,2.5,0
ASUS,227465.0,Intel,No,8,4,LED,Intel,1024,Intel I5,Small,Entry-level,1.5,256
ASUS,227465.0,Intel,No,8,4,LED,Intel,1024,Intel I5,Small,Entry-level,1.5,256
Lenovo,110215.0,Intel,No,4,4,LED,Intel,0,Intel I3,Small,Entry-level,1.0,256
ASUS,349265.0,Intel,No,16,4,LED,NVIDIA,0,Intel I7,Large,Mid-end,2.5,512
HP,167965.0,Intel,No,8,4,LED,Intel,0,Intel I5,Small,Entry-level,1.5,256
ASUS,227465.0,Intel,No,8,4,LED,Intel,1024,Intel I5,Small,Entry-level,1.5,256
Dell,150703.0,Intel,Yes,4,4,LED,Intel,1024,Intel I3,Small,Entry-level,2.5,0
Dell,197939.0,Intel,Yes,16,4,LCD,NVIDIA,0,Intel I5,Small,Mid-end,2.5,512
Acer,234465.0,Intel,Yes,8,4,LED,NVIDIA,1024,Intel I5,Small,Low-end,1.5,128
Dell,98500.5,Intel,No,4,4,LED,Intel,1024,Intel I3,Small,Entry-level,1.0,0
ASUS,174965.0,Intel,No,8,LP4,LCD,Intel,0,Intel I3,Small,Entry-level,3.0,512
Acer,111265.0,Intel,No,4,4,LED,Intel,0,Intel I3,Small,Entry-level,2.0,256
HP,140805.0,AMD,Yes,8,4,LCD,AMD,0,AMD Ryzen 3,Small,Entry-level,3.5,512
ASUS,201246.5,Intel,No,8,4,LED,Intel,1024,Intel I5,Small,Low-end,2.5,256
Acer,192465.0,AMD,Yes,8,4,LED,AMD,1024,AMD Ryzen 5,Small,Mid-end,2.0,256
Other,87465.0,Intel,No,4,LP4,LCD,Intel,0,Intel Celeron,Small,Entry-level,1.0,128
HP,183190.0,Intel,Yes,8,4,LCD,Intel,0,Intel I5,Small,Low-end,2.5,512
ASUS,178465.0,Intel,Yes,8,4,LCD,Intel,1024,Intel I5,Small,Low-end,2.5,256
HP,234496.5,Intel,Yes,16,4,LED,Intel,0,Intel I5,Small,Low-end,4.0,512
Lenovo,132965.0,AMD,Yes,16,4,LCD,AMD,0,AMD Ryzen 5,Small,Entry-level,2.0,512
HP,180246.5,Intel,Yes,16,4,LCD,Intel,0,Intel I5,Small,Low-end,4.0,512
Lenovo,122850.0,Intel,Yes,8,4,LCD,Intel,0,Intel I3,Small,Entry-level,3.0,512
Lenovo,104965.0,AMD,Yes,4,4,LED,AMD,1024,AMD Ryzen 5,Small,Low-end,2.0,0
MSI,142936.5,AMD,No,8,4,LED,AMD,0,AMD Ryzen 5,Small,Entry-level,4.0,512
MSI,132965.0,AMD,No,8,4,LCD,AMD,0,AMD Ryzen 5,Small,Entry-level,2.0,512
MSI,171465.0,AMD,No,8,4,LCD,AMD,0,AMD Ryzen 5,Small,Mid-end,3.5,512
HP,143465.0,Intel,No,8,4,LED,Intel,1024,Intel I3,Small,Entry-level,2.0,256
Other,87465.0,Intel,No,8,LP4,LCD,Intel,0,Intel Celeron,Small,Entry-level,1.0,256
Samsung,182665.0,Intel,No,8,LP4,LED,Intel,0,Intel I5,Small,Low-end,4.0,512
HP,127043.0,Intel,No,8,4,LED,Intel,0,Intel I3,Small,Entry-level,2.0,512
Other,87325.0,Intel,No,8,LP4,LCD,Intel,0,Intel Celeron,Small,Entry-level,1.0,512
ASUS,157115.0,Intel,No,8,4,LED,Intel,0,Intel I5,Small,Low-end,4.0,512
HP,127256.5,AMD,No,8,4,LCD,AMD,0,AMD Athlon,Small,Entry-level,2.5,256
HP,138075.0,AMD,Yes,8,4,LCD,AMD,0,AMD Ryzen 5,Small,Entry-level,2.0,512
HP,202125.0,AMD,Yes,8,4,LED,NVIDIA,0,AMD Ryzen 5,Small,Mid-end,3.0,512
Acer,167965.0,Intel,Yes,8,4,LCD,NVIDIA,0,Intel I5,Small,Mid-end,3.5,512
Lenovo,111965.0,Intel,Yes,8,4,LCD,Intel,0,Intel I3,Small,Entry-level,5.0,256
HP,162750.0,Intel,Yes,8,4,LCD,Intel,0,Intel I3,Small,Entry-level,3.5,512
Dell,157465.0,Intel,Yes,8,4,LED,AMD,1024,Intel I5,Small,Low-end,1.5,0
ASUS,223965.0,Intel,Yes,16,4,LCD,NVIDIA,0,Intel I5,Small,Mid-end,2.5,512
MSI,104300.0,Intel,Yes,8,4,LCD,Intel,0,Intel I3,Small,Entry-level,1.5,512
HP,109448.5,Intel,No,8,4,LED,Intel,0,Intel I3,Small,Entry-level,2.0,256
MSI,185118.5,Intel,No,8,4,LED,NVIDIA,0,Intel I5,Small,Mid-end,2.5,512
HP,188996.5,Intel,Yes,8,4,LCD,Intel,0,Intel I5,Small,Low-end,1.5,512
ASUS,87115.0,Intel,Yes,4,4,LCD,Intel,0,Intel Celeron,Small,Entry-level,1.0,256
ASUS,241465.0,AMD,No,8,4,LED,NVIDIA,0,AMD Ryzen 7,Small,Mid-end,3.0,512
Lenovo,92396.5,Intel,No,8,4,LCD,Intel,0,Intel Celeron,Small,Entry-level,1.0,256
HP,194215.0,AMD,No,8,4,LED,NVIDIA,0,AMD Ryzen 5,Small,Mid-end,2.0,512
ASUS,191625.0,AMD,Yes,8,4,LCD,NVIDIA,0,AMD Ryzen 5,Large,Mid-end,4.0,512
ASUS,97965.0,Intel,No,4,4,LED,Intel,1024,Intel I3,Small,Entry-level,1.0,0
HP,196875.0,Intel,No,8,4,LED,Intel,0,Intel I5,Small,Low-end,4.0,512
Lenovo,244261.5,AMD,Yes,8,4,LED,NVIDIA,1024,AMD Ryzen 5,Small,Mid-end,3.0,256
HP,237996.5,Intel,No,16,4,LED,Intel,0,Intel I5,Small,Low-end,2.5,512
Lenovo,80115.0,Intel,Yes,8,4,LCD,Intel,0,Intel Celeron,Small,Entry-level,1.0,256
HP,223839.0,Intel,No,16,4,LCD,Intel,0,Intel I5,Small,Low-end,4.0,512
Other,209996.5,Intel,No,8,4,LED,Intel,0,Intel I5,Small,Low-end,3.0,512
Lenovo,188965.0,Intel,Yes,8,4,LCD,NVIDIA,0,Intel I5,Small,Mid-end,3.0,512
Lenovo,118793.5,AMD,No,8,4,LCD,AMD,0,AMD Ryzen 5,Small,Entry-level,2.0,512
HP,181506.5,AMD,No,8,4,LCD,AMD,0,AMD Ryzen 5,Small,Mid-end,4.0,512
ASUS,202965.0,Intel,Yes,8,4,LCD,NVIDIA,0,Intel I5,Small,Mid-end,2.5,512
MSI,129465.0,Intel,No,8,4,LCD,Intel,0,Intel I5,Small,Low-end,2.5,512
ASUS,174965.0,AMD,No,16,4,LCD,AMD,0,AMD Ryzen 7,Small,Low-end,2.0,512
ASUS,262465.0,AMD,Yes,8,4,LED,NVIDIA,0,AMD Ryzen 7,Small,Mid-end,3.0,512
ASUS,78536.5,Intel,Yes,4,4,LCD,Intel,0,Intel Celeron,Small,Entry-level,3.0,256
HP,136500.0,AMD,Yes,8,4,LCD,AMD,0,AMD Ryzen 3,Small,Entry-level,3.5,512
Acer,181965.0,Intel,Yes,16,4,LED,NVIDIA,0,Intel I5,Small,Mid-end,3.5,512
Other,71015.0,Intel,No,4,LP4,LCD,Intel,0,Intel Celeron,Small,Entry-level,1.0,128
Dell,154350.0,Intel,Yes,4,4,LED,Intel,1024,Intel I3,Small,Entry-level,1.0,256
Lenovo,166250.0,Intel,Yes,8,4,LED,NVIDIA,0,Intel I5,Small,Mid-end,2.5,512
Lenovo,117775.0,Intel,Yes,8,4,LCD,Intel,0,Intel I3,Small,Entry-level,1.0,256
HP,188965.0,AMD,No,8,4,LED,AMD,0,AMD Ryzen 5,Small,Entry-level,4.0,512
Lenovo,244996.5,Intel,Yes,16,LP5,LCD,Intel,0,Intel I5,Small,Low-end,1.0,512
HP,132996.5,Intel,No,8,4,LCD,Intel,0,Intel I3,Small,Entry-level,1.5,512
Other,108465.0,Intel,No,8,LP4,LCD,Intel,0,Intel I3,Small,Low-end,1.0,512
Acer,261446.5,Intel,Yes,8,4,LED,NVIDIA,1024,Intel I5,Small,Mid-end,2.5,256
HP,136146.5,AMD,No,8,4,LED,AMD,0,AMD Ryzen 5,Small,Entry-level,4.0,512
ASUS,174965.0,Intel,No,8,4,LED,Intel,0,Intel I3,Small,Entry-level,3.0,512
Lenovo,106015.0,AMD,No,8,4,LCD,AMD,0,AMD Ryzen 3,Small,Entry-level,2.5,512
Samsung,279965.0,Intel,No,16,LP4,LCD,Intel,0,Intel I5,Small,Low-end,1.5,512
Dell,176155.0,Intel,Yes,8,4,LED,Intel,1024,Intel I5,Small,Low-end,4.0,256
Lenovo,122465.0,Intel,Yes,8,4,LCD,Intel,0,Intel I3,Small,Entry-level,3.5,512
ASUS,216965.0,AMD,Yes,8,4,LCD,NVIDIA,0,AMD Ryzen 5,Small,Mid-end,4.0,512
HP,139965.0,Intel,Yes,8,4,LCD,Intel,0,Intel I3,Small,Entry-level,2.0,512
HP,180246.5,Intel,No,4,4,LED,Intel,0,Intel I5,Small,Entry-level,1.5,512
Samsung,227465.0,Intel,No,8,LP4,LCD,Intel,0,Intel I5,Small,Low-end,1.5,512
Acer,113715.0,Intel,No,8,LP5,LCD,Intel,0,Intel I3,Small,Entry-level,2.0,512
ASUS,165861.5,AMD,Yes,8,4,LED,AMD,0,AMD Ryzen 5,Large,Low-end,4.0,512
Dell,170096.5,AMD,Yes,8,4,LCD,AMD,0,AMD Ryzen 5,Small,Low-end,2.0,256
Lenovo,134575.0,AMD,No,8,4,LCD,AMD,0,AMD Ryzen 5,Small,Entry-level,2.0,512
HP,143465.0,Intel,Yes,8,4,LCD,Intel,0,Intel I3,Small,Entry-level,4.0,512
Dell,134746.5,Intel,Yes,4,4,LED,Intel,0,Intel I3,Small,Entry-level,1.0,256
ASUS,101465.0,Intel,Yes,8,4,LCD,Intel,0,Intel Celeron,Small,Entry-level,1.0,512
HP,69615.0,AMD,Yes,4,4,LCD,AMD,0,AMD Athlon,Small,Entry-level,2.0,256
Acer,110215.0,Intel,No,8,LP5,LCD,Intel,0,Intel I3,Small,Entry-level,2.0,256
Lenovo,83366.5,Intel,Yes,4,4,LCD,Intel,0,Intel Celeron,Small,Entry-level,1.0,256
ASUS,103211.5,Intel,No,8,4,LCD,Intel,1024,Intel I3,Small,Entry-level,3.5,0
HP,73150.0,AMD,No,4,4,LED,AMD,1024,AMD A-Series,Small,Entry-level,2.5,0
Acer,115465.0,AMD,No,8,LP5,LCD,AMD,0,AMD Ryzen 3,Small,Entry-level,2.5,256
Acer,111615.0,Intel,No,8,LP5,LCD,Intel,0,Intel I3,Small,Entry-level,2.0,256
ASUS,199465.0,AMD,Yes,8,4,LCD,NVIDIA,0,AMD Ryzen 5,Small,Mid-end,4.0,512
ASUS,272965.0,AMD,Yes,16,5,LCD,NVIDIA,0,AMD Ryzen 7,Small,Mid-end,4.5,512
ASUS,297496.5,AMD,Yes,16,4,LCD,NVIDIA,0,AMD Ryzen 7,Small,Mid-end,4.5,1024
Lenovo,167965.0,AMD,No,8,4,LCD,NVIDIA,0,AMD Ryzen 5,Small,Mid-end,4.0,512
Lenovo,206496.5,Intel,Yes,8,4,LED,Intel,0,Intel I3,Small,Entry-level,1.0,512
HP,87465.0,AMD,Yes,8,4,LCD,Intel,1024,AMD Athlon,Small,Entry-level,3.5,0
HP,220209.5,Intel,Yes,16,4,LCD,Intel,0,Intel I5,Small,Low-end,4.0,512
HP,153965.0,Intel,Yes,8,4,LED,Intel,0,Intel I3,Small,Entry-level,4.0,512
Acer,274715.0,Intel,Yes,16,4,LED,NVIDIA,1024,Intel I7,Small,Mid-end,2.5,512
Lenovo,199496.5,AMD,Yes,8,4,LCD,NVIDIA,1024,AMD Ryzen 5,Small,Mid-end,3.5,256
Lenovo,94496.5,Intel,Yes,8,4,LCD,Intel,0,Intel Celeron,Small,Entry-level,1.0,256
HP,218750.0,Intel,No,16,4,LED,Intel,0,Intel I5,Small,Entry-level,4.0,512
HP,174965.0,Intel,No,8,4,LED,Intel,0,Intel I5,Small,Entry-level,2.5,512
Other,171465.0,Intel,Yes,8,LP4,LCD,Intel,0,Intel I5,Small,Entry-level,2.0,512
Other,181965.0,Intel,No,16,LP4,LCD,Intel,0,Intel I5,Small,Entry-level,2.0,512
ASUS,349965.0,Intel,No,16,LP4,LED,Intel,0,Intel I7,Small,Low-end,3.0,1024
Acer,269465.0,AMD,No,16,4,LED,NVIDIA,0,AMD Ryzen 7,Small,Mid-end,2.5,1024
Dell,117215.0,Intel,Yes,8,4,LCD,Intel,0,Intel I3,Small,Entry-level,1.5,256
Lenovo,222215.0,AMD,No,8,4,LED,NVIDIA,0,AMD Ryzen 5,Small,Mid-end,3.0,512
Dell,136465.0,Intel,Yes,8,4,LED,Intel,0,Intel I3,Small,Entry-level,1.5,256
HP,172900.0,Intel,No,8,4,LCD,Intel,0,Intel I5,Small,Low-end,4.0,512
Acer,181965.0,Intel,Yes,8,4,LCD,NVIDIA,0,Intel I5,Small,Mid-end,3.5,512
HP,174646.5,Intel,No,8,4,LED,Intel,0,Intel I5,Small,Entry-level,4.0,512
Other,97965.0,Intel,No,16,LP4,LCD,Intel,0,Intel I5,Small,Entry-level,1.0,512
Other,262115.0,Intel,No,32,LP5,LCD,Intel,0,Intel I9,Small,Low-end,5.0,1024
HP,101465.0,Intel,Yes,8,4,LCD,Intel,0,Intel Celeron,Small,Entry-level,3.0,512
ASUS,137861.5,AMD,No,8,4,LCD,AMD,0,AMD Ryzen 3,Small,Entry-level,2.5,512
Lenovo,195965.0,AMD,No,16,5,LCD,NVIDIA,0,AMD Ryzen 5,Small,Mid-end,4.0,512
Other,146965.0,Intel,Yes,8,4,LCD,Intel,0,Intel I5,Small,Entry-level,2.5,512
Acer,216996.5,Intel,No,8,4,LCD,Intel,0,Intel I5,Small,Low-end,1.5,512
Apple,454650.0,Apple,No,8,5,LCD,Apple,0,Apple M-series,Small,High-end,3.5,256
Lenovo,225750.0,Intel,No,16,4,LCD,NVIDIA,0,Intel I5,Small,Mid-end,3.0,512
Dell,189339.5,Intel,Yes,8,4,LED,Intel,1024,Intel I5,Small,Low-end,2.5,256
Lenovo,143465.0,Intel,Yes,8,4,LCD,Intel,0,Intel I3,Small,Entry-level,3.0,512
Dell,136115.0,Intel,Yes,8,4,LCD,Intel,0,Intel I3,Small,Entry-level,1.5,512
HP,255465.0,AMD,Yes,8,4,LCD,NVIDIA,0,AMD Ryzen 5,Large,Mid-end,4.0,512
ASUS,143465.0,Intel,No,8,4,LCD,Intel,0,Intel I3,Small,Entry-level,1.0,512
HP,159729.5,Intel,Yes,8,4,LCD,Intel,1024,Intel I3,Small,Entry-level,4.0,0
ASUS,244965.0,Intel,No,16,4,LED,Intel,0,Intel I5,Small,Low-end,2.5,512
ASUS,239711.5,Intel,No,16,4,LED,Intel,0,Intel I5,Small,Low-end,2.5,512
ASUS,248465.0,Intel,No,16,4,LED,Intel,0,Intel I5,Small,Low-end,2.5,512
HP,108465.0,AMD,Yes,8,4,LCD,AMD,0,AMD Ryzen 3,Small,Entry-level,2.5,512
HP,258965.0,Intel,No,16,4,LCD,Intel,0,Intel I5,Small,Low-end,4.5,1024
HP,143465.0,Intel,No,8,4,LCD,Intel,0,Intel I3,Small,Entry-level,3.5,512
Lenovo,178853.5,AMD,Yes,8,4,LCD,NVIDIA,0,AMD Ryzen 5,Small,Mid-end,3.5,512
Lenovo,234500.0,Intel,Yes,8,4,LCD,NVIDIA,0,Intel I5,Small,Mid-end,2.5,512
Dell,243215.0,AMD,No,16,4,LCD,NVIDIA,0,AMD Ryzen 5,Small,Mid-end,3.5,512
ASUS,205800.0,AMD,No,8,4,LED,AMD,0,AMD Ryzen 5,Small,Entry-level,2.0,512
Acer,225368.5,Intel,No,8,4,LCD,NVIDIA,0,Intel I5,Small,Mid-end,3.5,512
Dell,125492.5,AMD,Yes,8,4,LED,AMD,1024,AMD Ryzen 3,Small,Low-end,2.5,0
Lenovo,178465.0,AMD,Yes,16,4,LCD,NVIDIA,0,AMD Ryzen 5,Small,Mid-end,3.5,512
Lenovo,236250.0,AMD,Yes,16,5,LCD,NVIDIA,0,AMD Ryzen 5,Small,Mid-end,3.5,512
Lenovo,206465.0,AMD,No,8,4,LED,AMD,0,AMD Ryzen 5,Small,Entry-level,2.0,256
ASUS,153965.0,Intel,No,8,4,LCD,Intel,0,Intel I3,Large,Entry-level,1.0,512
Acer,282128.0,Intel,Yes,8,5,LCD,NVIDIA,0,Intel I5,Small,Mid-end,4.5,512
Acer,119875.0,AMD,No,8,4,LCD,AMD,0,AMD Ryzen 5,Small,Low-end,3.0,512
Lenovo,227465.0,AMD,Yes,8,5,LCD,NVIDIA,0,AMD Ryzen 7,Small,Mid-end,3.0,512
Lenovo,115465.0,Intel,Yes,8,4,LCD,Intel,0,Intel I3,Small,Entry-level,3.0,512
Apple,524650.0,Apple,No,8,5,LCD,Apple,0,Apple M-series,Small,High-end,3.5,512
Acer,90965.0,AMD,Yes,8,4,LCD,AMD,0,AMD Ryzen 3,Small,Entry-level,2.5,512
Acer,320246.5,AMD,No,16,4,LED,NVIDIA,1024,AMD Ryzen 5,Small,Mid-end,3.0,256
ASUS,122465.0,Intel,Yes,8,4,LCD,Intel,0,Intel I3,Small,Entry-level,2.0,512
ASUS,367465.0,Intel,Yes,16,4,LCD,NVIDIA,0,Intel I7,Small,Mid-end,2.5,512
HP,192465.0,Intel,Yes,8,4,LCD,Intel,0,Intel I3,Small,Entry-level,1.5,512
Apple,542150.0,Apple,No,8,5,LCD,Apple,0,Apple M-series,Small,High-end,3.5,512
Dell,276496.5,Intel,No,8,4,LED,Intel,0,Intel I5,Small,Low-end,2.5,512
Apple,524615.0,Apple,No,8,5,LCD,Apple,0,Apple M-series,Small,High-end,3.5,512
Apple,466389.0,Apple,No,8,5,LCD,Apple,0,Apple M-series,Small,High-end,3.5,256
Apple,472150.0,Apple,No,8,5,LCD,Apple,0,Apple M-series,Small,High-end,3.5,256
Apple,460323.5,Apple,No,8,5,LCD,Apple,0,Apple M-series,Small,High-end,3.5,256
HP,279965.0,AMD,Yes,16,4,LCD,NVIDIA,0,AMD Ryzen 7,Large,Mid-end,4.5,512
Dell,222246.5,Intel,Yes,8,4,LCD,Intel,0,Intel I3,Small,Entry-level,1.5,512
Lenovo,243215.0,AMD,Yes,8,4,LCD,NVIDIA,0,AMD Ryzen 5,Small,Mid-end,4.0,512
Dell,139996.5,Intel,Yes,8,4,LCD,Intel,1024,Intel I3,Small,Entry-level,5.0,0
Lenovo,216086.5,AMD,No,8,4,LED,NVIDIA,0,AMD Ryzen 5,Small,Mid-end,3.5,512
HP,120400.0,Intel,No,4,4,LED,Intel,0,Intel I3,Small,Entry-level,1.0,512
ASUS,112665.0,Intel,No,8,4,LCD,Intel,0,Intel I3,Small,Entry-level,2.0,512
Lenovo,125265.0,AMD,Yes,8,4,LCD,AMD,0,AMD Ryzen 5,Small,Entry-level,2.0,512
Acer,286930.0,Intel,No,8,4,LED,Intel,0,Intel I5,Small,Low-end,4.0,512
Dell,188965.0,Intel,Yes,8,4,LCD,Intel,0,Intel I5,Small,Entry-level,2.5,512
ASUS,223965.0,AMD,Yes,16,4,LCD,NVIDIA,0,AMD Ryzen 7,Small,Mid-end,3.0,512
HP,260400.0,Intel,Yes,16,4,LCD,Intel,0,Intel I5,Small,Low-end,4.0,512
Dell,129115.0,Intel,No,8,4,LCD,Intel,0,Intel I3,Small,Entry-level,1.0,512
ASUS,320250.0,Intel,Yes,16,5,LCD,NVIDIA,0,Intel I7,Small,Mid-end,2.5,1024
HP,132965.0,Intel,Yes,8,4,LCD,Intel,0,Intel I3,Small,Entry-level,4.0,512
Lenovo,300996.5,Intel,No,16,4,LED,NVIDIA,0,Intel I7,Small,Mid-end,2.5,512
Dell,125965.0,Intel,No,8,4,LCD,Intel,0,Intel I3,Small,Entry-level,3.0,512
ASUS,118300.0,Intel,Yes,8,4,LED,Intel,0,Intel I3,Small,Entry-level,4.0,512
HP,197715.0,AMD,Yes,8,4,LCD,AMD,0,AMD Ryzen 5,Small,Entry-level,4.0,512
Acer,199465.0,Intel,Yes,16,5,LCD,NVIDIA,0,Intel I5,Small,Mid-end,2.5,512
Other,139965.0,AMD,Yes,8,4,LCD,AMD,0,AMD Ryzen 5,Small,Entry-level,2.0,256
Lenovo,214515.0,Intel,No,16,4,LED,Intel,0,Intel I5,Small,Low-end,2.5,512
Acer,199465.0,Intel,Yes,16,5,LCD,NVIDIA,0,Intel I5,Small,Mid-end,2.5,512
Acer,192465.0,Intel,Yes,8,5,LCD,NVIDIA,0,Intel I5,Small,Mid-end,2.5,512
Lenovo,251996.5,Intel,No,8,4,LED,Intel,0,Intel I5,Small,Entry-level,2.5,512
ASUS,201250.0,Intel,Yes,8,4,LCD,NVIDIA,0,Intel I5,Small,Mid-end,4.5,1024
ASUS,132965.0,Intel,Yes,8,4,LCD,Intel,0,Intel I3,Small,Entry-level,3.0,512
Dell,126000.0,Intel,Yes,8,4,LCD,Intel,0,Intel I3,Small,Entry-level,1.0,512
ASUS,359971.5,AMD,No,16,4,LCD,NVIDIA,0,AMD Ryzen 9,Large,Mid-end,3.5,512
ASUS,122496.5,Intel,No,16,4,LCD,Intel,0,Intel I3,Small,Entry-level,3.0,512
ASUS,107765.0,Intel,No,8,4,LCD,Intel,1024,Intel I3,Small,Entry-level,3.0,0
Acer,169746.5,Intel,No,8,4,LED,Intel,0,Intel I5,Small,Low-end,4.0,512
Dell,169746.5,Intel,Yes,8,4,LED,Intel,0,Intel I5,Small,Low-end,2.5,256
ASUS,111965.0,Intel,No,8,4,LCD,Intel,0,Intel I3,Small,Entry-level,3.0,512
ASUS,139965.0,Intel,No,8,4,LCD,Intel,0,Intel I3,Large,Entry-level,4.5,512
Lenovo,209965.0,Intel,No,8,LP4,LED,Intel,0,Intel I5,Small,Low-end,2.5,512
HP,240100.0,Intel,No,16,4,LCD,NVIDIA,0,Intel I5,Small,Mid-end,4.0,512
HP,224448.0,AMD,Yes,16,4,LCD,AMD,0,AMD Ryzen 5,Small,Mid-end,3.5,512
HP,216996.5,AMD,Yes,8,4,LED,NVIDIA,0,AMD Ryzen 5,Small,Entry-level,4.0,512
ASUS,290150.0,Intel,Yes,16,5,LCD,NVIDIA,0,Intel I5,Small,Mid-end,2.0,512
Lenovo,115465.0,Intel,No,4,4,LED,Intel,0,Intel I3,Small,Entry-level,3.0,256
HP,264565.0,Intel,No,16,4,LED,Intel,0,Intel I5,Small,Low-end,2.5,512
HP,260715.0,Intel,No,16,4,LCD,Intel,0,Intel I5,Small,Low-end,4.5,512
ASUS,139965.0,Intel,Yes,8,4,LCD,Intel,0,Intel I3,Small,Entry-level,4.0,512
ASUS,118965.0,Intel,Yes,8,4,LCD,Intel,0,Intel I3,Small,Entry-level,1.0,512
HP,192496.5,Intel,Yes,8,4,LCD,Intel,0,Intel I5,Small,Low-end,4.5,512
Dell,171465.0,AMD,Yes,8,4,LCD,Intel,0,AMD Ryzen 5,Small,Entry-level,2.0,512
Lenovo,216965.0,Intel,Yes,16,LP5,LCD,Intel,0,Intel I5,Small,Entry-level,2.0,512
HP,183015.0,Intel,Yes,8,4,LCD,Intel,0,Intel I5,Small,Low-end,4.5,512
Lenovo,307615.0,Intel,No,16,5,LCD,NVIDIA,0,Intel I5,Small,Mid-end,3.5,512
HP,124215.0,Intel,Yes,8,4,LCD,Intel,0,Intel I3,Small,Entry-level,4.0,512
MSI,269465.0,Intel,No,16,4,LCD,NVIDIA,1024,Intel I5,Small,Mid-end,3.5,256
ASUS,272996.5,Intel,No,16,4,LED,Intel,0,Intel I7,Small,Low-end,4.5,512
Dell,106872.5,Intel,Yes,4,4,LED,Intel,1024,Intel I3,Small,Entry-level,1.0,0
Lenovo,115496.5,AMD,Yes,8,4,LCD,AMD,0,AMD Ryzen 3,Small,Entry-level,2.5,512
ASUS,385224.0,AMD,Yes,16,5,LCD,NVIDIA,0,AMD Ryzen 7,Large,Mid-end,4.5,512
ASUS,109865.0,Intel,No,8,4,LCD,Intel,0,Intel I3,Small,Entry-level,1.0,256
HP,254201.5,Intel,Yes,16,4,LCD,NVIDIA,0,Intel I5,Small,Mid-end,4.0,1024
ASUS,244965.0,AMD,No,16,4,LED,AMD,0,AMD Ryzen 7,Small,Entry-level,4.5,512
Lenovo,104300.0,Intel,No,4,LP4,LED,Intel,0,Intel Celeron,Small,Entry-level,1.0,128
Lenovo,258965.0,Intel,No,16,4,LCD,Intel,0,Intel I5,Small,Low-end,1.5,512
HP,190715.0,Intel,Yes,8,4,LCD,Intel,0,Intel I3,Small,Entry-level,4.0,512
HP,230646.5,AMD,No,16,4,LED,NVIDIA,0,AMD Ryzen 5,Small,Low-end,2.0,512
Other,272132.0,Intel,No,16,LP5,LCD,Intel,0,Intel I5,Small,Entry-level,2.0,512
Lenovo,227465.0,AMD,Yes,16,5,LCD,NVIDIA,0,AMD Ryzen 5,Small,Mid-end,3.5,512
HP,144476.5,AMD,No,8,4,LED,AMD,0,AMD Ryzen 5,Small,Entry-level,2.0,512
HP,262465.0,Intel,No,16,4,LCD,Intel,0,Intel I5,Small,Low-end,4.5,512
Dell,262496.5,Intel,Yes,8,4,LCD,NVIDIA,0,Intel I5,Small,Low-end,1.5,512
Dell,131250.0,AMD,Yes,8,4,LCD,AMD,1024,AMD Ryzen 3,Small,Entry-level,2.5,256
Other,294364.0,Intel,Yes,16,LP5,LCD,NVIDIA,0,Intel I5,Small,Low-end,2.0,512
MSI,146965.0,AMD,Yes,8,4,LCD,AMD,0,AMD Ryzen 7,Small,Entry-level,4.0,512
Lenovo,244961.5,Intel,No,16,4,LED,Intel,0,Intel I5,Small,Low-end,2.5,512
Dell,138215.0,Intel,Yes,8,4,LCD,Intel,0,Intel I3,Small,Entry-level,1.5,512
ASUS,143465.0,Intel,Yes,8,4,LCD,Intel,0,Intel I5,Small,Entry-level,1.0,512
Lenovo,211844.5,Intel,No,16,LP4,LED,Intel,0,Intel I5,Small,Low-end,2.5,512
HP,192465.0,AMD,Yes,8,4,LCD,AMD,0,AMD Ryzen 5,Small,Mid-end,4.0,512
HP,109543.0,Intel,Yes,8,4,LCD,Intel,0,Intel I3,Small,Entry-level,3.0,512
HP,169750.0,AMD,Yes,8,4,LCD,NVIDIA,0,AMD Ryzen 5,Small,Mid-end,4.0,512
ASUS,220465.0,Intel,Yes,16,4,LED,Intel,0,Intel I5,Small,Low-end,2.5,512
Dell,134074.5,AMD,Yes,8,4,LCD,AMD,0,AMD Ryzen 3,Small,Entry-level,3.5,256
MSI,297465.0,Intel,No,8,4,LCD,NVIDIA,0,Intel I7,Small,Mid-end,4.5,512
Lenovo,245000.0,Intel,No,8,4,LED,Intel,0,Intel I5,Small,Entry-level,2.5,512
Lenovo,150465.0,AMD,Yes,8,4,LCD,AMD,0,AMD Ryzen 7,Small,Entry-level,2.0,512
Other,80465.0,Intel,No,8,LP4,LCD,Intel,0,Intel I3,Small,Entry-level,2.5,512
Other,244965.0,Intel,No,16,4,LCD,Intel,0,Intel I5,Small,Low-end,2.5,512
Lenovo,135800.0,Intel,No,4,4,LED,Intel,1024,Intel I3,Small,Entry-level,1.0,0
HP,139965.0,Intel,Yes,8,4,LCD,Intel,0,Intel I3,Small,Entry-level,3.5,512
ASUS,118965.0,Intel,Yes,8,4,LCD,Intel,0,Intel I3,Small,Entry-level,3.5,512
Other,258965.0,Intel,No,16,4,LED,Intel,0,Intel I5,Small,Low-end,2.5,512
Lenovo,136454.5,AMD,No,8,4,LED,AMD,0,AMD Ryzen 5,Small,Entry-level,2.0,512
Lenovo,307965.0,Intel,No,16,4,LCD,Intel,0,Intel I7,Small,Low-end,3.5,512
HP,90965.0,AMD,Yes,8,4,LCD,AMD,0,AMD Ryzen 3,Small,Entry-level,2.5,512
ASUS,257250.0,Intel,No,16,4,LED,Intel,0,Intel I5,Small,Low-end,3.5,512
ASUS,279965.0,Intel,Yes,16,4,LCD,Intel,0,Intel I9,Large,Low-end,2.5,512
Dell,138950.0,Intel,Yes,8,4,LED,Intel,0,Intel I3,Small,Entry-level,1.0,512
HP,257946.5,Intel,No,8,LP4,LCD,Intel,0,Intel I5,Small,Low-end,4.0,512
MSI,313215.0,Intel,Yes,16,4,LCD,NVIDIA,0,Intel I5,Small,Mid-end,4.5,1024
Lenovo,292250.0,Intel,No,16,4,LED,Intel,0,Intel I7,Small,Low-end,3.0,512
ASUS,332465.0,Intel,Yes,16,4,LCD,Intel,0,Intel I9,Large,Low-end,2.5,512
Lenovo,360465.0,AMD,Yes,16,5,LCD,NVIDIA,0,AMD Ryzen 7,Large,Mid-end,3.0,512
HP,332601.5,Intel,No,16,LP4,LED,Intel,0,Intel I5,Small,Low-end,4.5,512
HP,104296.5,Intel,No,8,4,LCD,Intel,0,Intel Pentium,Small,Entry-level,3.5,512
Dell,253746.5,Intel,No,8,4,LED,Intel,0,Intel I5,Small,Low-end,2.5,512
ASUS,349965.0,Intel,Yes,16,4,LCD,NVIDIA,0,Intel I9,Large,Mid-end,2.5,512
MSI,304241.0,Intel,Yes,16,4,LCD,NVIDIA,0,Intel I7,Large,Mid-end,4.5,512
Dell,187215.0,Intel,Yes,8,4,LCD,Intel,0,Intel I5,Small,Entry-level,4.5,512
Lenovo,118965.0,Intel,No,4,4,LCD,Intel,0,Intel I3,Small,Entry-level,1.0,256
Dell,206465.0,Intel,No,16,4,LCD,Intel,0,Intel I5,Small,Entry-level,3.5,512
Dell,216965.0,Intel,No,16,4,LCD,Intel,0,Intel I5,Small,Entry-level,1.5,1024
ASUS,108496.5,Intel,No,4,4,LED,Intel,0,Intel I3,Small,Entry-level,3.0,256
Dell,150496.5,Intel,Yes,8,4,LCD,Intel,1024,Intel I3,Small,Entry-level,1.5,256
HP,115465.0,Intel,No,8,4,LCD,Intel,0,Intel I3,Small,Low-end,2.5,256
Acer,223996.5,Intel,Yes,8,4,LCD,NVIDIA,0,Intel I5,Small,Mid-end,3.5,512
MSI,195965.0,Intel,No,8,4,LCD,NVIDIA,1024,Intel I5,Small,Mid-end,2.5,256
ASUS,352236.5,Intel,Yes,16,LP5,LED,Intel,0,Intel I9,Small,Low-end,2.5,1024
Other,157647.0,AMD,No,8,4,LED,AMD,0,AMD Ryzen 7,Small,Low-end,2.5,512
HP,178465.0,Intel,Yes,8,4,LCD,Intel,0,Intel I5,Small,Low-end,4.0,512
ASUS,188965.0,AMD,No,16,4,LCD,AMD,0,AMD Ryzen 5,Large,Entry-level,4.0,1024
ASUS,384965.0,Intel,Yes,16,5,LCD,NVIDIA,0,Intel I7,Small,Mid-end,2.5,512
ASUS,118300.0,Intel,No,8,4,LCD,Intel,0,Intel I3,Small,Entry-level,3.0,512
Dell,141750.0,AMD,Yes,8,4,LCD,AMD,0,AMD Ryzen 3,Small,Entry-level,2.5,512
ASUS,174965.0,AMD,No,8,4,LCD,AMD,0,AMD Ryzen 5,Large,Entry-level,2.0,1024
ASUS,188965.0,Intel,No,16,4,LCD,Intel,0,Intel I5,Small,Low-end,2.5,512
HP,206465.0,Intel,Yes,16,4,LCD,NVIDIA,0,Intel I5,Large,Mid-end,4.0,512
Lenovo,125996.5,AMD,No,8,LP5,LCD,AMD,0,AMD Ryzen 5,Small,Low-end,3.0,512
ASUS,119875.0,Intel,Yes,4,4,LED,Intel,1024,Intel I3,Small,Entry-level,2.0,0
MSI,231164.5,Intel,No,16,4,LED,NVIDIA,0,Intel I7,Small,Low-end,2.0,512
HP,178293.5,AMD,Yes,8,4,LCD,NVIDIA,0,AMD Ryzen 5,Small,Mid-end,4.0,512
Dell,223996.5,Intel,Yes,8,4,LED,Intel,0,Intel I3,Small,Entry-level,3.0,512
ASUS,318115.0,AMD,Yes,16,5,LCD,NVIDIA,0,AMD Ryzen 7,Small,Mid-end,4.5,512
Dell,167996.5,Intel,Yes,8,LP5,LCD,Intel,0,Intel I3,Small,Entry-level,1.5,1024
Lenovo,292215.0,Intel,Yes,16,4,LCD,NVIDIA,0,Intel I7,Small,Mid-end,2.5,512
HP,216965.0,Intel,Yes,8,4,LCD,Intel,0,Intel I5,Small,Low-end,4.5,512
HP,227465.0,Intel,No,16,4,LCD,Intel,0,Intel I5,Small,Low-end,4.5,512
ASUS,223615.0,Intel,No,16,4,LCD,Intel,0,Intel I5,Small,Low-end,2.5,512
HP,89246.5,AMD,No,8,4,LCD,AMD,0,AMD Ryzen 3,Small,Entry-level,2.5,512
ASUS,174965.0,Intel,Yes,8,4,LCD,Intel,0,Intel I3,Small,Entry-level,1.0,512
HP,229250.0,Intel,No,16,4,LCD,Intel,0,Intel I5,Small,Low-end,4.5,512
ASUS,265090.0,Intel,No,16,4,LCD,Intel,0,Intel I5,Small,Low-end,3.5,512
Lenovo,162890.0,AMD,No,8,4,LED,AMD,0,AMD Ryzen 5,Small,Entry-level,2.5,512
ASUS,293541.5,Intel,Yes,16,LP5,LED,Intel,0,Intel I5,Small,Low-end,2.5,512
ASUS,321580.0,Intel,Yes,16,LP5,LED,Intel,0,Intel I5,Small,Low-end,2.5,1024
HP,215215.0,Intel,No,8,4,LCD,Intel,0,Intel I5,Small,Low-end,4.5,512
ASUS,201215.0,AMD,No,8,4,LCD,AMD,0,AMD Ryzen 5,Small,Entry-level,3.0,512
Dell,262496.5,Intel,Yes,16,4,LCD,Intel,0,Intel I5,Small,Low-end,3.0,512
Lenovo,150465.0,AMD,Yes,8,4,LCD,AMD,0,AMD Ryzen 5,Small,Entry-level,2.0,512
ASUS,181933.5,AMD,Yes,16,5,LCD,AMD,0,AMD Ryzen 5,Small,Entry-level,4.0,512
HP,259364.0,AMD,No,16,4,LCD,AMD,0,AMD Ryzen 7,Small,Entry-level,4.5,512
HP,108115.0,AMD,Yes,8,4,LCD,AMD,0,AMD Ryzen 5,Small,Entry-level,2.0,512
HP,262465.0,Intel,No,16,4,LCD,Intel,0,Intel I7,Small,Low-end,5.0,512
HP,132300.0,Intel,No,8,4,LCD,Intel,0,Intel I3,Small,Entry-level,4.0,512
Lenovo,291938.5,AMD,No,16,4,LCD,NVIDIA,0,AMD Ryzen 7,Small,Mid-end,4.5,512
ASUS,153965.0,AMD,No,16,5,LCD,AMD,0,AMD Ryzen 5,Small,Entry-level,4.0,512
Lenovo,209965.0,AMD,Yes,16,LP4,LCD,AMD,0,AMD Ryzen 5,Small,Entry-level,2.0,512
Lenovo,118965.0,AMD,No,8,4,LCD,AMD,0,AMD Ryzen 5,Small,Entry-level,2.0,512
HP,136496.5,AMD,No,8,4,LCD,AMD,0,AMD Ryzen 5,Small,Entry-level,4.0,256
Dell,169750.0,AMD,Yes,8,4,LCD,AMD,0,AMD Ryzen 5,Small,Entry-level,2.5,512
Lenovo,164465.0,Intel,Yes,8,4,LCD,Intel,0,Intel I5,Small,Low-end,2.5,512
HP,157465.0,AMD,Yes,16,LP5,LCD,AMD,0,AMD Ryzen 5,Small,Entry-level,3.0,512
Acer,229215.0,AMD,Yes,8,5,LCD,NVIDIA,0,AMD Ryzen 5,Small,Mid-end,3.5,512
Lenovo,225750.0,Intel,No,8,4,LCD,NVIDIA,0,Intel I5,Small,Mid-end,3.5,512
ASUS,325465.0,Intel,Yes,8,4,LCD,NVIDIA,0,Intel I7,Small,Mid-end,2.5,1024
ASUS,227465.0,Intel,Yes,16,4,LCD,NVIDIA,0,Intel I5,Large,Mid-end,2.0,512
MSI,279965.0,Intel,Yes,8,4,LCD,NVIDIA,0,Intel I5,Small,Mid-end,4.5,512
MSI,227465.0,Intel,No,8,4,LCD,Intel,0,Intel I7,Small,Low-end,5.0,512
ASUS,234465.0,Intel,No,8,4,LED,NVIDIA,0,Intel I5,Large,Mid-end,4.0,512
Other,349965.0,Intel,No,32,LP5,LCD,NVIDIA,0,Intel I9,Large,Mid-end,2.5,1024
Acer,96915.0,AMD,Yes,8,4,LCD,AMD,0,AMD Athlon,Small,Entry-level,1.0,256
Dell,265996.5,Intel,Yes,8,4,LCD,Intel,0,Intel I5,Small,Low-end,3.5,512
Lenovo,214165.0,AMD,Yes,16,4,LCD,AMD,0,AMD Ryzen 7,Small,Entry-level,2.0,512
MSI,171465.0,Intel,Yes,8,4,LCD,Intel,0,Intel I5,Small,Low-end,4.0,512
Lenovo,286965.0,Intel,Yes,16,4,LCD,Intel,0,Intel I7,Small,Low-end,1.5,512
Acer,59465.0,Intel,Yes,8,4,LCD,Intel,0,Intel Celeron,Small,Entry-level,1.0,128
Dell,532339.5,Intel,Yes,16,5,LCD,NVIDIA,0,Intel I9,Small,Mid-end,5.0,1024
MSI,323256.5,Intel,Yes,16,4,LCD,NVIDIA,0,Intel I5,Small,Mid-end,4.5,512
Lenovo,115465.0,Intel,No,4,4,LED,Intel,0,Intel I3,Small,Entry-level,3.0,256
MSI,174965.0,Intel,Yes,8,4,LCD,NVIDIA,0,Intel I5,Small,Mid-end,4.5,512
Lenovo,153965.0,Intel,No,8,4,LED,Intel,0,Intel I5,Small,Entry-level,2.5,512
Dell,117215.0,AMD,Yes,8,4,LCD,AMD,0,AMD Athlon,Small,Entry-level,2.5,256
Dell,148746.5,Intel,Yes,8,4,LCD,Intel,1024,Intel I3,Small,Entry-level,1.0,256
MSI,164465.0,Intel,No,8,4,LCD,Intel,0,Intel I5,Small,Low-end,4.5,512
Lenovo,209965.0,Intel,Yes,8,4,LCD,NVIDIA,0,Intel I7,Small,Mid-end,2.5,512
ASUS,115496.5,Intel,No,8,4,LED,Intel,0,Intel I3,Small,Entry-level,3.0,256
Dell,167996.5,Intel,Yes,8,4,LCD,Intel,0,Intel I5,Small,Entry-level,4.0,512
Other,292565.0,Intel,Yes,16,4,LCD,Intel,0,Intel I5,Small,Low-end,4.0,512
HP,101115.0,Intel,Yes,8,4,LCD,Intel,0,Intel Celeron,Small,Entry-level,3.0,512
Samsung,437465.0,Intel,No,16,LP5,LED,Intel,0,Intel I7,Small,Low-end,4.5,512
HP,89246.5,AMD,No,8,4,LCD,AMD,0,AMD Ryzen 3,Small,Entry-level,2.5,512
Dell,314996.5,Intel,No,16,4,LCD,Intel,0,Intel I7,Small,Low-end,3.0,512
Lenovo,166215.0,Intel,Yes,8,4,LCD,Intel,0,Intel I3,Small,Entry-level,4.0,512
Lenovo,108465.0,Intel,No,8,4,LCD,Intel,0,Intel I3,Small,Entry-level,2.0,512
ASUS,227465.0,AMD,Yes,8,4,LCD,NVIDIA,0,AMD Ryzen 5,Large,Mid-end,2.5,512
Lenovo,338443.0,Intel,Yes,16,4,LCD,NVIDIA,0,Intel I7,Large,Mid-end,1.5,512
Lenovo,130546.5,Intel,Yes,8,4,LCD,Intel,0,Intel I3,Small,Entry-level,3.0,512
Dell,363965.0,Intel,No,16,5,LCD,NVIDIA,0,Intel I7,Small,Low-end,3.5,512
HP,118965.0,Intel,Yes,8,4,LCD,Intel,0,Intel I3,Small,Low-end,4.0,512
Lenovo,75425.0,AMD,Yes,4,4,LCD,AMD,1024,AMD Athlon,Small,Entry-level,2.5,0
ASUS,201568.5,Intel,Yes,8,4,LCD,Intel,0,Intel I5,Small,Low-end,1.5,512
Other,619500.0,Intel,No,16,LP5,LCD,Intel,0,Intel I7,Large,Low-end,3.5,1024
ASUS,227465.0,Intel,Yes,8,4,LED,Intel,1024,Intel I5,Small,Low-end,2.5,256
Lenovo,153965.0,Intel,No,8,4,LED,Intel,0,Intel I5,Small,Entry-level,2.5,256
MSI,255465.0,Intel,Yes,16,5,LCD,NVIDIA,0,Intel I5,Small,Mid-end,4.0,512
Acer,160965.0,AMD,No,8,LP4,LCD,AMD,0,AMD Ryzen 5,Small,Entry-level,2.0,512
MSI,475562.5,Intel,No,16,4,LED,NVIDIA,0,Intel I7,Large,High-end,3.0,1024
HP,405650.0,AMD,Yes,16,5,LCD,NVIDIA,0,AMD Ryzen 7,Large,Mid-end,4.5,512
Dell,173215.0,AMD,Yes,8,4,LCD,AMD,0,AMD Ryzen 5,Small,Entry-level,2.5,512
ASUS,314965.0,Intel,No,16,LP4,LCD,NVIDIA,0,Intel I5,Small,Low-end,2.5,512
Acer,206465.0,Intel,No,16,LP5,LCD,Intel,0,Intel I5,Small,Low-end,4.5,512
HP,167965.0,AMD,No,8,4,LCD,AMD,0,AMD Ryzen 5,Small,Entry-level,4.0,512
ASUS,201250.0,Intel,Yes,8,4,LCD,Intel,0,Intel I5,Small,Entry-level,4.5,512
ASUS,346500.0,Intel,Yes,16,4,LCD,NVIDIA,0,Intel I5,Small,Mid-end,3.0,512
ASUS,178465.0,AMD,Yes,16,LP5,LED,AMD,0,AMD Ryzen 5,Small,Entry-level,4.0,512
HP,229383.0,AMD,Yes,8,4,LCD,NVIDIA,0,AMD Ryzen 7,Large,Mid-end,4.0,512
ASUS,106750.0,Intel,No,8,4,LCD,Intel,0,Intel Pentium,Small,Entry-level,1.0,256
Apple,699650.0,Apple,No,16,4,LCD,Apple,0,Apple M-series,Small,High-end,3.5,512
ASUS,258965.0,Intel,Yes,16,4,LCD,NVIDIA,0,Intel I5,Large,Mid-end,2.5,512
Dell,276150.0,Intel,Yes,16,4,LCD,NVIDIA,0,Intel I5,Small,Mid-end,4.0,512
ASUS,407008.0,Intel,No,16,LP5,LCD,Intel,0,Intel I5,Small,Low-end,2.5,512
MSI,371623.0,Intel,Yes,16,4,LCD,NVIDIA,0,Intel I7,Large,Mid-end,4.5,512
Lenovo,139965.0,Intel,Yes,8,4,LCD,Intel,0,Intel I3,Small,Entry-level,2.0,256
MSI,118597.5,Intel,Yes,4,4,LCD,Intel,0,Intel I3,Small,Entry-level,2.0,256
MSI,409465.0,Intel,Yes,16,5,LCD,NVIDIA,0,Intel I7,Large,Mid-end,3.5,1024
Acer,160650.0,Intel,No,8,LP5,LCD,Intel,0,Intel I3,Small,Entry-level,4.0,512
Acer,171465.0,Intel,Yes,8,4,LCD,NVIDIA,0,Intel I5,Small,Mid-end,4.5,512
ASUS,251965.0,Intel,No,16,4,LED,Intel,0,Intel I5,Small,Entry-level,1.5,512
ASUS,486188.5,AMD,No,16,4,LED,NVIDIA,0,AMD Ryzen 9,Large,Mid-end,3.5,1024
Dell,253330.0,Intel,Yes,16,4,LCD,NVIDIA,0,Intel I5,Small,Low-end,2.5,512
Acer,122465.0,Intel,No,4,4,LCD,Intel,0,Intel Celeron,Small,Entry-level,1.0,256
ASUS,151900.0,Intel,No,8,4,LCD,Intel,1024,Intel I5,Small,Entry-level,1.0,0
Samsung,454965.0,Intel,No,16,LP5,LED,Intel,0,Intel I7,Small,Low-end,5.0,512
Samsung,314965.0,Intel,No,16,LP5,LED,Intel,0,Intel I7,Small,Low-end,4.5,512
Lenovo,157465.0,Intel,No,8,4,LCD,Intel,0,Intel I5,Small,Low-end,3.5,512
Samsung,297815.0,Intel,No,16,LP5,LED,Intel,0,Intel I5,Small,Low-end,5.0,512
ASUS,422765.0,AMD,No,16,4,LCD,NVIDIA,0,AMD Ryzen 9,Small,Mid-end,3.0,1024
Dell,127715.0,AMD,Yes,8,4,LCD,AMD,0,AMD Ryzen 5,Small,Entry-level,2.0,512
MSI,314965.0,Intel,Yes,16,5,LCD,NVIDIA,0,Intel I7,Large,Mid-end,5.0,512
Dell,164916.5,Intel,Yes,4,4,LED,NVIDIA,0,Intel I3,Small,Low-end,2.0,512
ASUS,469280.0,Intel,No,16,LP5,LED,Intel,0,Intel I7,Small,Low-end,2.5,1024
Dell,145215.0,Intel,No,8,4,LCD,Intel,0,Intel I3,Small,Entry-level,4.0,256
MSI,524965.0,Intel,Yes,16,5,LCD,NVIDIA,0,Intel I7,Small,Mid-end,3.5,1024
ASUS,202650.0,Intel,Yes,8,4,LCD,Intel,0,Intel I5,Small,Low-end,1.5,512
MSI,181650.0,Intel,Yes,16,4,LCD,Intel,0,Intel I5,Small,Low-end,4.0,512
Apple,944650.0,Apple,Yes,16,4,LCD,Apple,0,Apple M-series,Large,High-end,3.5,1024
ASUS,671965.0,AMD,Yes,16,5,LCD,NVIDIA,0,AMD Ryzen 7,Large,Mid-end,4.5,1024
HP,297496.5,Intel,No,16,LP5,LCD,Intel,0,Intel I5,Small,Low-end,4.5,512
HP,328996.5,Intel,No,16,4,LCD,NVIDIA,0,Intel I7,Small,Mid-end,4.5,512
ASUS,629965.0,Intel,Yes,16,4,LCD,NVIDIA,0,Intel I7,Large,Mid-end,4.5,1024
ASUS,314965.0,AMD,Yes,16,5,LCD,NVIDIA,0,AMD Ryzen 7,Small,Mid-end,3.5,1024
ASUS,139580.0,Intel,No,8,4,LED,Intel,0,Intel I3,Small,Entry-level,2.5,256
Dell,139965.0,Intel,No,8,4,LCD,Intel,0,Intel I5,Small,Entry-level,4.0,512
MSI,418344.5,Intel,Yes,16,4,LCD,NVIDIA,0,Intel I7,Small,Mid-end,4.5,1024
Dell,150850.0,Intel,Yes,8,4,LCD,Intel,1024,Intel I3,Small,Entry-level,1.5,256
Lenovo,118758.5,Intel,Yes,8,4,LCD,Intel,0,Intel I3,Small,Entry-level,1.0,512
HP,301913.5,Intel,No,16,5,LCD,NVIDIA,0,Intel I5,Large,Mid-end,4.5,512
ASUS,283465.0,AMD,No,16,LP5,LED,AMD,0,AMD Ryzen 5,Small,Entry-level,3.0,512
Dell,206496.5,Intel,Yes,8,4,LCD,Intel,1024,Intel I5,Small,Entry-level,2.5,256
Apple,1084650.0,Apple,No,32,4,LCD,Apple,0,Apple M-series,Small,High-end,3.5,1024
HP,251965.0,Intel,No,16,4,LCD,NVIDIA,0,Intel I5,Small,Low-end,4.5,512
ASUS,174650.0,AMD,Yes,16,5,LED,AMD,0,AMD Ryzen 5,Small,Entry-level,4.0,512
ASUS,229880.0,Intel,No,16,4,LCD,Intel,0,Intel I5,Large,Low-end,2.5,512
ASUS,192465.0,AMD,No,16,5,LED,AMD,0,AMD Ryzen 5,Small,Entry-level,4.0,512
ASUS,171465.0,Intel,No,8,4,LCD,Intel,0,Intel I5,Small,Entry-level,2.5,512
Acer,118996.5,AMD,No,8,LP5,LCD,AMD,0,AMD Ryzen 5,Small,Entry-level,3.0,512
Lenovo,122465.0,Intel,Yes,8,4,LCD,Intel,0,Intel I3,Small,Entry-level,3.0,256
HP,299250.0,AMD,Yes,16,5,LCD,AMD,0,AMD Ryzen 7,Small,Entry-level,4.5,1024
ASUS,221375.0,AMD,Yes,16,4,LCD,NVIDIA,0,AMD Ryzen 5,Small,Mid-end,4.0,512
HP,357700.0,Intel,No,16,4,LCD,Intel,0,Intel I7,Small,Low-end,2.5,1024
Acer,241465.0,Intel,No,8,4,LED,Intel,0,Intel I5,Small,Entry-level,1.5,512
Dell,297496.5,AMD,No,16,4,LCD,NVIDIA,0,AMD Ryzen 7,Small,Mid-end,3.5,512
ASUS,262465.0,Intel,Yes,16,4,LED,Intel,0,Intel I5,Small,Low-end,4.5,512
Lenovo,111125.0,AMD,Yes,8,4,LCD,AMD,0,AMD Ryzen 3,Small,Entry-level,2.5,512
Lenovo,409465.0,AMD,Yes,16,5,LCD,NVIDIA,0,AMD Ryzen 7,Large,Mid-end,3.5,512
Dell,258965.0,Intel,No,8,5,LCD,NVIDIA,0,Intel I5,Small,Mid-end,4.5,512
Dell,261765.0,Intel,No,16,5,LCD,NVIDIA,0,Intel I5,Small,Mid-end,4.5,512
HP,73115.0,AMD,No,4,4,LCD,AMD,0,AMD Athlon,Small,Entry-level,3.0,256
ASUS,472465.0,AMD,No,16,4,LED,AMD,0,AMD Ryzen 9,Small,Entry-level,4.5,1024
HP,304465.0,Intel,Yes,8,4,LCD,NVIDIA,0,Intel I7,Small,Mid-end,4.5,512
Acer,194250.0,Intel,No,16,4,LCD,NVIDIA,0,Intel I5,Small,Mid-end,1.0,512
Lenovo,692965.0,AMD,No,32,5,LCD,NVIDIA,0,AMD Ryzen 7,Large,High-end,3.0,1024
Dell,171465.0,AMD,Yes,8,4,LCD,AMD,0,AMD Ryzen 5,Small,Entry-level,2.5,512
ASUS,265996.5,Intel,No,16,4,LCD,NVIDIA,0,Intel I5,Large,Mid-end,4.0,512
MSI,279965.0,AMD,No,16,5,LCD,AMD,0,AMD Ryzen 7,Small,Mid-end,4.5,512
Other,144865.0,Intel,No,4,3,LED,Intel,0,Intel I5,Small,Entry-level,1.0,128
HP,381465.0,AMD,Yes,16,4,LCD,AMD,0,AMD Ryzen 7,Large,Mid-end,4.5,1024
Acer,132965.0,Intel,No,8,LP5,LCD,Intel,0,Intel I3,Small,Entry-level,4.0,512
Acer,132965.0,Intel,No,8,LP5,LCD,Intel,0,Intel I3,Small,Entry-level,2.0,512
Lenovo,384965.0,AMD,Yes,16,5,LCD,NVIDIA,0,AMD Ryzen 7,Large,Mid-end,3.0,1024
MSI,213496.5,Intel,Yes,16,5,LCD,NVIDIA,0,Intel I5,Small,Mid-end,4.0,512
HP,295470.0,AMD,Yes,8,4,LCD,AMD,0,AMD Ryzen 7,Large,Mid-end,4.5,512
Dell,223965.0,Intel,Yes,8,4,LCD,NVIDIA,0,Intel I5,Small,Mid-end,2.5,512
Lenovo,223300.0,Intel,Yes,8,LP4,LCD,Intel,0,Intel I3,Small,Entry-level,3.5,512
Lenovo,247765.0,AMD,No,16,4,LCD,NVIDIA,0,AMD Ryzen 5,Small,Mid-end,3.5,512
ASUS,226765.0,Intel,No,16,4,LED,Intel,0,Intel I5,Small,Low-end,2.5,512
MSI,384965.0,Intel,Yes,16,5,LCD,NVIDIA,0,Intel I7,Large,Mid-end,5.0,1024
Lenovo,148715.0,Intel,Yes,4,4,LCD,Intel,0,Intel I3,Small,Entry-level,3.0,256
Lenovo,244965.0,AMD,No,8,4,LED,NVIDIA,0,AMD Ryzen 5,Small,Mid-end,3.5,512
Lenovo,167646.5,Intel,Yes,8,4,LCD,Intel,0,Intel I3,Small,Entry-level,1.5,256
HP,244996.5,Intel,No,8,4,LCD,Intel,0,Intel I5,Small,Low-end,4.5,512
HP,251965.0,AMD,No,16,4,LCD,NVIDIA,0,AMD Ryzen 7,Small,Mid-end,4.0,512
Dell,142065.0,AMD,No,8,4,LCD,AMD,0,AMD Ryzen 5,Small,Entry-level,4.0,512
Lenovo,87496.5,AMD,Yes,4,4,LCD,AMD,1024,AMD Athlon,Small,Entry-level,2.5,0
Samsung,349996.5,Intel,No,16,4,LED,Intel,0,Intel I7,Small,Low-end,2.0,1024
Samsung,395465.0,Intel,No,16,4,LED,Intel,0,Intel I5,Small,Low-end,2.0,512
ASUS,682465.0,Intel,Yes,16,5,LCD,NVIDIA,0,Intel I9,Large,High-end,2.0,1024
HP,166215.0,Intel,Yes,8,4,LCD,Intel,0,Intel I3,Small,Entry-level,3.0,256
ASUS,241465.0,Intel,No,8,4,LED,NVIDIA,0,Intel I7,Small,Low-end,2.0,512
HP,233166.5,Intel,Yes,8,4,LCD,NVIDIA,0,Intel I5,Small,Mid-end,4.0,512
MSI,325465.0,Intel,Yes,16,LP5,LCD,Intel,0,Intel I7,Small,Low-end,5.0,1024
MSI,524965.0,AMD,Yes,16,4,LCD,AMD,0,AMD Ryzen 7,Small,High-end,4.0,1024
ASUS,220465.0,Intel,No,16,4,LCD,NVIDIA,0,Intel I5,Large,Mid-end,2.0,512
Other,417455.5,Intel,No,8,LP5,LCD,Intel,0,Intel I5,Large,Low-end,3.5,512
HP,241836.0,Intel,No,8,4,LCD,NVIDIA,0,Intel I5,Small,Mid-end,2.5,512
Dell,244965.0,Intel,No,8,LP5,LCD,Intel,0,Intel I5,Small,Low-end,4.5,512
MSI,434668.5,Intel,No,16,4,LED,NVIDIA,0,Intel I7,Small,High-end,3.0,1024
Lenovo,80465.0,Intel,Yes,8,4,LCD,Intel,0,Intel Celeron,Small,Entry-level,3.0,256
HP,377650.0,Intel,No,16,4,LCD,NVIDIA,0,Intel I7,Large,Mid-end,4.5,1024
HP,226096.5,Intel,No,16,4,LCD,Intel,0,Intel I5,Small,Low-end,4.5,512
Acer,349965.0,Intel,No,16,LP5,LED,Intel,0,Intel Ultra 7,Small,Low-end,1.5,1024
HP,314965.0,Intel,No,16,LP5,LCD,Intel,0,Intel I5,Small,Low-end,4.5,512
ASUS,202965.0,Intel,No,8,4,LCD,NVIDIA,0,Intel I5,Small,Mid-end,2.5,1024
MSI,327061.0,Intel,Yes,16,4,LCD,NVIDIA,0,Intel I7,Large,Mid-end,4.5,512
Dell,279965.0,Intel,No,16,LP5,LCD,Intel,0,Intel I7,Small,Low-end,5.0,1024
MSI,454965.0,Intel,Yes,16,5,LCD,NVIDIA,0,Intel I7,Small,Mid-end,3.5,1024
Dell,293965.0,Intel,Yes,8,4,LCD,NVIDIA,0,Intel I5,Small,Low-end,3.5,512
HP,145215.0,Intel,Yes,8,4,LCD,Intel,0,Intel I5,Small,Entry-level,4.0,512
ASUS,132965.0,AMD,No,8,LP5,LCD,AMD,0,AMD Ryzen 5,Small,Entry-level,4.0,512
Acer,122465.0,Intel,Yes,8,4,LCD,Intel,0,Intel Pentium,Small,Entry-level,2.0,256
HP,314965.0,Intel,Yes,16,4,LCD,Intel,0,Intel I7,Small,Low-end,5.0,512
ASUS,244475.0,AMD,Yes,16,4,LCD,AMD,0,AMD Ryzen 5,Small,Entry-level,4.0,512
Apple,874650.0,Apple,Yes,16,4,LCD,Apple,0,Apple M-series,Small,High-end,3.5,1024
Other,342965.0,Intel,No,8,4,LCD,Intel,0,Intel I5,Small,Low-end,2.5,256
Lenovo,254992.5,Intel,No,8,4,LED,Intel,0,Intel I7,Small,Entry-level,2.0,512
Lenovo,120575.0,AMD,Yes,8,LP5,LCD,AMD,0,AMD Ryzen 3,Small,Low-end,2.5,512
ASUS,209965.0,Intel,No,8,4,LCD,Intel,0,Intel I5,Small,Low-end,4.5,512
ASUS,209965.0,Intel,Yes,8,4,LCD,Intel,0,Intel I5,Small,Low-end,1.5,512
Dell,261065.0,Intel,No,16,4,LCD,NVIDIA,0,Intel I5,Small,Low-end,3.5,512
Lenovo,209965.0,Intel,Yes,8,5,LCD,Intel,0,Intel I5,Small,Mid-end,2.5,512
ASUS,276465.0,Intel,No,16,4,LED,Intel,0,Intel I7,Small,Low-end,2.5,512
ASUS,150465.0,Intel,Yes,8,4,LED,Intel,0,Intel I3,Small,Entry-level,3.0,256
Lenovo,122465.0,AMD,Yes,8,4,LCD,AMD,0,AMD Ryzen 5,Small,Entry-level,3.0,512
Acer,185465.0,Intel,Yes,8,4,LCD,NVIDIA,0,Intel I5,Small,Mid-end,3.5,512
Lenovo,437465.0,Intel,No,16,LP5,LCD,NVIDIA,0,Intel I7,Small,Mid-end,3.5,1024
Dell,271649.0,AMD,Yes,16,4,LCD,AMD,0,AMD Ryzen 7,Large,Entry-level,2.0,512
Lenovo,303415.0,AMD,No,16,LP4,LCD,AMD,0,AMD Ryzen 7,Small,Entry-level,2.0,1024
Other,363436.5,Intel,Yes,16,LP5,LCD,Intel,0,Intel I7,Large,Low-end,3.5,512
Lenovo,468965.0,Intel,Yes,16,4,LCD,NVIDIA,0,Intel I7,Small,High-end,2.0,512
ASUS,182000.0,Intel,No,8,4,LED,Intel,1024,Intel I5,Small,Entry-level,2.5,256
ASUS,402465.0,Intel,No,16,4,LCD,NVIDIA,0,Intel I7,Large,Mid-end,2.5,1024
HP,415488.5,Intel,No,16,4,LCD,Intel,0,Intel I7,Small,Low-end,3.0,512
ASUS,279965.0,Intel,Yes,16,4,LCD,NVIDIA,0,Intel I5,Large,Mid-end,2.0,512
Lenovo,294301.0,Intel,No,8,4,LED,NVIDIA,0,Intel I5,Small,Low-end,2.5,512
Dell,191065.0,Intel,Yes,8,4,LCD,Intel,0,Intel I5,Small,Entry-level,2.5,512
Lenovo,267750.0,Intel,Yes,8,4,LCD,Intel,0,Intel I5,Small,Entry-level,2.5,512
Dell,591465.0,Intel,No,16,5,LCD,NVIDIA,0,Intel I7,Small,Mid-end,4.5,512
ASUS,485124.5,Intel,Yes,16,LP5,LED,Intel,0,Intel I7,Small,Low-end,5.0,1024
ASUS,514360.0,AMD,Yes,16,5,LCD,NVIDIA,0,AMD Ryzen 7,Small,Mid-end,3.5,1024
Lenovo,101465.0,AMD,No,8,4,LCD,AMD,0,AMD Ryzen 3,Small,Entry-level,2.5,512
HP,349650.0,AMD,No,16,4,LCD,AMD,0,AMD Ryzen 7,Small,Entry-level,2.0,1024
MSI,276465.0,Intel,No,16,4,LCD,Intel,0,Intel I9,Small,Low-end,5.5,1024
ASUS,167930.0,Intel,Yes,8,4,LCD,Intel,0,Intel I5,Small,Low-end,1.5,512
ASUS,507150.0,Intel,No,16,5,LCD,NVIDIA,0,Intel I7,Small,Mid-end,2.5,1024
Lenovo,349930.0,AMD,Yes,16,5,LCD,NVIDIA,0,AMD Ryzen 7,Large,Mid-end,3.5,512
Other,279965.0,Intel,No,8,LP5,LCD,Intel,0,Intel I5,Small,Low-end,2.5,256
HP,342965.0,Intel,Yes,16,5,LCD,NVIDIA,0,Intel I7,Large,Mid-end,5.0,512
HP,272965.0,Intel,Yes,8,4,LCD,Intel,0,Intel I5,Small,Low-end,3.5,512
Other,759447.5,Intel,Yes,16,5,LCD,NVIDIA,0,Intel I7,Small,High-end,2.5,1024
Dell,558803.0,AMD,Yes,16,5,LCD,NVIDIA,0,AMD Ryzen 7,Small,High-end,3.0,1024
ASUS,489965.0,Intel,Yes,16,4,LCD,NVIDIA,0,Intel I9,Small,Mid-end,2.5,1024
ASUS,1189965.0,Intel,Yes,32,5,LCD,NVIDIA,0,Intel I9,Large,Entry-level,2.0,1024
ASUS,310625.0,AMD,Yes,16,5,LCD,NVIDIA,0,AMD Ryzen 7,Small,Mid-end,4.5,1024
ASUS,265272.0,Intel,Yes,16,4,LED,Intel,0,Intel I5,Small,Low-end,2.0,512
HP,198800.0,Intel,No,8,4,LCD,NVIDIA,0,Intel I5,Large,Mid-end,4.0,512
HP,272296.5,Intel,No,8,4,LCD,Intel,0,Intel I5,Small,Low-end,4.0,512
ASUS,139650.0,Intel,Yes,8,4,LED,Intel,0,Intel I3,Small,Entry-level,2.0,512
HP,231980.0,Intel,Yes,16,4,LCD,Intel,0,Intel I5,Small,Low-end,4.0,512
Dell,741965.0,Intel,No,16,5,LCD,NVIDIA,0,Intel I7,Large,Mid-end,5.0,1024
ASUS,283150.0,Intel,Yes,16,4,LCD,Intel,0,Intel I5,Small,Entry-level,4.5,512
ASUS,334141.5,Intel,Yes,16,LP5,LED,Intel,0,Intel I5,Small,Low-end,1.5,512
Other,605465.0,Intel,No,16,LP5,LCD,Intel,0,Intel I7,Small,Low-end,4.5,512
HP,357749.0,AMD,No,16,4,LCD,AMD,0,AMD Ryzen 7,Small,Entry-level,4.0,512
Lenovo,267746.5,AMD,Yes,8,4,LCD,AMD,0,AMD Ryzen 7,Small,Entry-level,1.5,512
MSI,1014965.0,Intel,Yes,32,5,LCD,NVIDIA,0,Intel I7,Small,High-end,3.5,1024
ASUS,454965.0,Intel,Yes,16,LP5,LED,Intel,0,Intel I7,Small,Low-end,5.0,1024
HP,594132.0,Intel,Yes,16,LP4,LED,Intel,0,Intel I7,Small,Low-end,4.5,1024
ASUS,586043.5,Intel,No,32,4,LCD,NVIDIA,0,Intel I7,Small,Mid-end,3.5,1024
Lenovo,130865.0,Intel,Yes,8,4,LCD,Intel,0,Intel I3,Small,Entry-level,3.5,512
Lenovo,295172.5,Intel,Yes,8,4,LCD,Intel,0,Intel I5,Small,Entry-level,4.0,512
Lenovo,220496.5,Intel,Yes,8,4,LCD,NVIDIA,0,Intel I5,Small,Mid-end,2.5,512
HP,370650.0,AMD,Yes,8,5,LCD,NVIDIA,0,AMD Ryzen 7,Large,Mid-end,4.5,512
HP,629996.5,AMD,Yes,32,5,LCD,AMD,0,AMD Ryzen 9,Large,Entry-level,5.0,1024
Lenovo,204715.0,Intel,Yes,8,4,LCD,NVIDIA,1024,Intel I5,Small,Mid-end,3.0,256
Dell,524965.0,Intel,No,16,LP5,LCD,NVIDIA,0,Intel I5,Small,Mid-end,2.5,512
HP,180215.0,Intel,No,8,4,LCD,Intel,1024,Intel I5,Small,Low-end,2.5,0
Lenovo,419965.0,Intel,Yes,16,4,LCD,NVIDIA,0,Intel I7,Small,Mid-end,2.5,512
MSI,269465.0,Intel,Yes,8,4,LCD,NVIDIA,0,Intel I5,Small,Mid-end,2.0,512
ASUS,839912.5,Intel,No,32,LP5,LED,NVIDIA,0,Intel I7,Small,Mid-end,2.5,1024
HP,309750.0,AMD,Yes,8,4,LCD,NVIDIA,0,AMD Ryzen 7,Small,Mid-end,4.0,512
MSI,598465.0,Intel,Yes,16,4,LED,NVIDIA,0,Intel I7,Small,Mid-end,2.5,1024
Dell,628190.5,Intel,No,16,LP5,LCD,NVIDIA,0,Intel I7,Small,Mid-end,4.5,1024
ASUS,727965.0,AMD,Yes,16,5,LCD,NVIDIA,0,AMD Ryzen 9,Large,High-end,5.0,1024
Dell,185496.5,Intel,Yes,8,4,LCD,Intel,0,Intel I5,Small,Entry-level,2.5,512
ASUS,302676.5,Intel,Yes,8,4,LED,NVIDIA,0,Intel I5,Small,Mid-end,2.5,512
Lenovo,524965.0,Intel,Yes,16,4,LCD,NVIDIA,0,Intel I7,Small,High-end,2.5,1024
Lenovo,594965.0,Intel,Yes,32,4,LCD,NVIDIA,0,Intel I7,Small,High-end,2.5,1024
ASUS,117600.0,Intel,Yes,4,4,LED,Intel,1024,Intel I3,Small,Entry-level,3.5,0
MSI,178465.0,Intel,No,8,4,LCD,NVIDIA,0,Intel I5,Small,Mid-end,4.5,512
ASUS,174965.0,AMD,No,8,4,LCD,NVIDIA,0,AMD Ryzen 5,Small,Mid-end,3.5,512
ASUS,157465.0,AMD,No,8,LP5,LED,AMD,0,AMD Ryzen 5,Small,Entry-level,3.0,512
MSI,150465.0,Intel,No,8,4,LCD,NVIDIA,0,Intel I5,Small,Mid-end,4.0,512
MSI,177450.0,Intel,No,16,4,LCD,NVIDIA,0,Intel I5,Small,Mid-end,4.0,512
Other,129465.0,Intel,No,16,LP4,LCD,Intel,0,Intel I5,Small,Low-end,1.5,512
ASUS,114096.5,Intel,No,8,4,LCD,Intel,0,Intel I3,Small,Entry-level,1.0,256
Other,87465.0,Intel,No,8,4,LCD,Intel,0,Intel I3,Small,Entry-level,2.0,256
MSI,139965.0,Intel,No,8,4,LCD,Intel,0,Intel I5,Small,Low-end,1.0,512
HP,215246.5,AMD,Yes,16,4,LCD,NVIDIA,0,AMD Ryzen 5,Small,Mid-end,3.5,512
Other,90965.0,Intel,No,8,4,LCD,Intel,0,Intel I3,Small,Entry-level,2.0,512
HP,205642.5,Intel,Yes,16,4,LCD,NVIDIA,0,Intel I5,Small,Mid-end,4.0,512
MSI,132300.0,Intel,No,8,4,LCD,Intel,0,Intel I5,Small,Low-end,3.5,512
Other,101465.0,Intel,No,8,LP4,LCD,Intel,0,Intel I3,Small,Entry-level,5.0,256
ASUS,148750.0,Intel,No,8,4,LCD,Intel,0,Intel I5,Small,Entry-level,1.0,512
Dell,146965.0,Intel,No,8,4,LCD,Intel,0,Intel I3,Small,Entry-level,4.0,512
ASUS,125965.0,AMD,No,8,4,LCD,AMD,0,AMD Ryzen 5,Small,Low-end,2.0,512
ASUS,157146.5,Intel,No,8,4,LCD,Intel,0,Intel I3,Small,Entry-level,1.5,512
HP,195965.0,AMD,No,8,4,LCD,NVIDIA,0,AMD Ryzen 5,Small,Mid-end,3.5,512
Lenovo,127715.0,Intel,Yes,8,4,LCD,Intel,0,Intel I3,Small,Entry-level,3.5,512
MSI,201250.0,Intel,No,16,4,LCD,NVIDIA,1024,Intel I5,Small,Mid-end,4.0,256
Dell,274715.0,Intel,No,16,5,LCD,NVIDIA,0,Intel I5,Small,Mid-end,4.5,1024
MSI,220465.0,Intel,No,16,4,LCD,NVIDIA,1024,Intel I7,Small,Mid-end,3.0,256
ASUS,108465.0,Intel,Yes,8,4,LCD,Intel,0,Intel Celeron,Small,Entry-level,1.0,512
Lenovo,241115.0,Intel,No,16,5,LCD,NVIDIA,0,Intel I5,Small,Mid-end,2.0,512
Lenovo,88165.0,AMD,Yes,8,5,LCD,AMD,0,AMD Athlon,Small,Entry-level,3.5,512
ASUS,265965.0,Intel,No,16,4,LCD,NVIDIA,0,Intel I5,Small,Mid-end,2.5,512
MSI,129465.0,Intel,No,16,4,LCD,Intel,0,Intel I3,Small,Entry-level,1.0,512
HP,171465.0,AMD,No,16,4,LCD,AMD,0,AMD Ryzen 7,Small,Entry-level,4.0,512
HP,220465.0,AMD,Yes,16,4,LCD,NVIDIA,0,AMD Ryzen 7,Small,Mid-end,3.0,512
MSI,125387.5,Intel,No,16,4,LCD,Intel,0,Intel I3,Small,Entry-level,1.0,512
Dell,129465.0,Intel,Yes,8,4,LCD,Intel,0,Intel I3,Small,Entry-level,1.5,256
Lenovo,185465.0,Intel,Yes,16,LP5,LCD,Intel,0,Intel I5,Small,Entry-level,2.0,512
ASUS,487865.0,AMD,No,16,4,LCD,NVIDIA,0,AMD Ryzen 9,Small,Mid-end,3.0,1024
Lenovo,167650.0,AMD,No,8,4,LCD,AMD,0,AMD Ryzen 5,Small,Entry-level,2.0,512
MSI,290465.0,Intel,No,32,5,LCD,NVIDIA,0,Intel I5,Small,Mid-end,4.5,1024
ASUS,384965.0,Intel,Yes,16,LP5,LED,Intel,0,Intel I9,Small,Low-end,2.5,1024
ASUS,160650.0,AMD,Yes,8,4,LCD,AMD,0,AMD Ryzen 5,Large,Entry-level,4.0,512
ASUS,209965.0,Intel,No,16,4,LCD,Intel,0,Intel I5,Small,Low-end,3.5,512
Lenovo,135065.0,AMD,Yes,8,LP5,LCD,AMD,0,AMD Ryzen 5,Small,Low-end,3.0,512
Lenovo,200725.0,Intel,Yes,16,LP5,LCD,Intel,0,Intel I5,Small,Entry-level,2.0,512
Lenovo,223965.0,Intel,Yes,16,LP5,LCD,Intel,0,Intel I5,Small,Entry-level,2.0,1024
HP,255465.0,Intel,No,16,4,LCD,Intel,0,Intel I5,Small,Low-end,3.5,1024
MSI,276815.0,Intel,No,16,4,LCD,NVIDIA,0,Intel I5,Small,Mid-end,4.5,512
Other,265965.0,Intel,No,16,LP5,LCD,Intel,0,Intel I9,Small,Low-end,3.5,512
Lenovo,125650.0,Intel,No,4,4,LED,Intel,1024,Intel I3,Small,Entry-level,1.0,0
MSI,241465.0,Intel,No,16,4,LCD,Intel,0,Intel I7,Small,Low-end,5.0,1024
ASUS,143465.0,Intel,Yes,8,4,LCD,Intel,0,Intel I3,Small,Entry-level,1.0,512
HP,80496.5,Intel,Yes,8,4,LCD,Intel,0,Intel Celeron,Small,Entry-level,2.0,256
Dell,146965.0,Intel,No,8,4,LCD,Intel,0,Intel I3,Small,Entry-level,4.0,512
HP,146996.5,Intel,Yes,8,4,LCD,Intel,0,Intel I3,Small,Entry-level,1.0,1024
Lenovo,150465.0,AMD,Yes,16,4,LCD,AMD,0,AMD Ryzen 5,Large,Entry-level,2.0,512
ASUS,344715.0,Intel,No,16,5,LCD,NVIDIA,0,Intel I5,Large,Mid-end,4.5,1024
MSI,220465.0,Intel,No,16,4,LCD,NVIDIA,1024,Intel I7,Small,Mid-end,4.5,512
Lenovo,143465.0,Intel,Yes,8,5,LCD,Intel,0,Intel I3,Large,Entry-level,1.0,512
HP,363965.0,AMD,No,16,5,LCD,NVIDIA,0,AMD Ryzen 7,Large,Mid-end,5.0,1024
ASUS,190046.5,Intel,Yes,16,4,LCD,NVIDIA,0,Intel I5,Large,Mid-end,2.5,512
HP,230965.0,Intel,No,16,4,LCD,Intel,0,Intel I7,Small,Low-end,3.0,512
Lenovo,167265.0,Intel,No,8,4,LCD,Intel,0,Intel I5,Small,Entry-level,4.0,512
Lenovo,111615.0,Intel,No,8,4,LCD,Intel,0,Intel I3,Small,Entry-level,3.5,512
MSI,202965.0,Intel,Yes,16,5,LCD,NVIDIA,0,Intel I5,Small,Mid-end,3.5,512
Lenovo,164465.0,Intel,No,8,4,LCD,Intel,0,Intel I5,Small,Entry-level,3.5,512
HP,318465.0,Intel,Yes,16,4,LED,NVIDIA,0,Intel I5,Small,Mid-end,3.5,512
MSI,195965.0,Intel,No,16,4,LCD,NVIDIA,1024,Intel I5,Small,Mid-end,4.0,256
Lenovo,150465.0,AMD,Yes,16,4,LCD,AMD,0,AMD Ryzen 5,Small,Entry-level,2.0,512
MSI,402465.0,Intel,No,8,5,LCD,NVIDIA,0,Intel I7,Large,Mid-end,3.0,1024
Lenovo,269465.0,Intel,Yes,16,4,LCD,Intel,0,Intel I5,Small,Entry-level,1.5,512
Dell,143430.0,Intel,Yes,8,4,LCD,Intel,0,Intel I5,Small,Entry-level,4.5,512
ASUS,552965.0,AMD,No,16,5,LCD,NVIDIA,0,AMD Ryzen 7,Small,Mid-end,4.5,1024
Lenovo,451465.0,AMD,No,16,5,LCD,NVIDIA,0,AMD Ryzen 7,Large,Mid-end,5.0,512
Samsung,601965.0,Intel,Yes,32,LP5,LED,Intel,0,Intel Ultra 7,Small,Low-end,5.0,1024
HP,633496.5,Intel,No,16,5,LCD,NVIDIA,0,Intel I7,Large,High-end,5.0,1024
ASUS,397498.5,AMD,Yes,16,LP5,LCD,NVIDIA,0,AMD Ryzen 9,Small,Mid-end,5.0,512
MSI,311465.0,Intel,Yes,16,5,LCD,NVIDIA,0,Intel I7,Large,Mid-end,5.0,512
ASUS,780465.0,Intel,Yes,32,5,LCD,NVIDIA,0,Intel I9,Small,High-end,5.0,1024
Lenovo,430465.0,Intel,Yes,16,5,LCD,NVIDIA,0,Intel I7,Small,Mid-end,3.5,1024
Acer,175458.5,Intel,No,8,3,LED,Intel,0,Intel I5,Small,Entry-level,1.5,512
HP,171465.0,AMD,No,8,4,LCD,AMD,0,AMD Ryzen 5,Small,Mid-end,4.0,512
Lenovo,138600.0,Intel,Yes,8,4,LCD,Intel,0,Intel I3,Small,Entry-level,3.5,256
Dell,425743.5,Intel,Yes,16,4,LCD,NVIDIA,0,Intel I7,Large,Low-end,3.5,512
HP,293296.5,Intel,No,16,4,LCD,Intel,0,Intel I7,Small,Low-end,5.0,512
ASUS,570465.0,AMD,No,16,5,LCD,NVIDIA,0,AMD Ryzen 7,Small,Mid-end,4.5,1024
Lenovo,286965.0,Intel,No,16,5,LCD,NVIDIA,0,Intel I5,Small,Mid-end,3.5,512
HP,608965.0,Intel,Yes,16,5,LCD,NVIDIA,0,Intel I7,Large,High-end,5.5,1024
HP,241465.0,Intel,No,16,4,LCD,Intel,0,Intel I5,Small,Entry-level,3.5,512
ASUS,213080.0,Intel,No,16,4,LCD,Intel,0,Intel I5,Small,Low-end,2.5,512
Lenovo,962465.0,Intel,Yes,32,5,LCD,NVIDIA,0,Intel I9,Large,Entry-level,4.0,1024
Lenovo,290465.0,Intel,No,16,4,LCD,Intel,0,Intel I7,Small,Low-end,1.5,512
Dell,271565.0,Intel,Yes,16,4,LCD,NVIDIA,0,Intel I7,Large,Low-end,3.5,512
HP,293965.0,Intel,Yes,16,4,LCD,Intel,0,Intel I5,Small,Low-end,1.5,512
ASUS,185465.0,Intel,No,16,4,LCD,Intel,0,Intel I5,Small,Low-end,1.5,512
MSI,629965.0,Intel,No,16,4,LED,NVIDIA,1024,Intel I7,Large,High-end,2.0,512
ASUS,979965.0,Intel,Yes,32,5,LCD,NVIDIA,0,Intel I9,Large,Entry-level,2.0,1024
HP,510965.0,Intel,No,16,LP4,LED,Intel,0,Intel I7,Small,Low-end,5.0,1024
ASUS,447965.0,AMD,Yes,16,5,LCD,AMD,0,AMD Ryzen 9,Large,High-end,5.0,1024
HP,167996.5,Intel,No,8,4,LCD,Intel,0,Intel I5,Small,Low-end,2.5,512
ASUS,979965.0,Intel,Yes,32,5,LCD,NVIDIA,0,Intel I9,Large,Entry-level,2.0,1024
MSI,699965.0,Intel,No,16,5,LCD,NVIDIA,0,Intel I9,Large,High-end,5.0,1024
MSI,559965.0,Intel,Yes,16,5,LED,NVIDIA,0,Intel I7,Small,Mid-end,3.5,1024
ASUS,332465.0,Intel,Yes,16,LP5,LED,Intel,0,Intel I7,Small,Low-end,2.0,512
Dell,1359715.0,Intel,Yes,32,LP5,LCD,NVIDIA,0,Intel I9,Large,Entry-level,5.0,1024
ASUS,474250.0,AMD,Yes,16,5,LCD,NVIDIA,0,AMD Ryzen 9,Small,Mid-end,5.0,1024
HP,297465.0,AMD,Yes,16,LP5,LED,AMD,0,AMD Ryzen 7,Small,Low-end,5.0,1024
ASUS,539042.0,Intel,Yes,32,LP5,LED,Intel,0,Intel I7,Small,Low-end,1.5,1024
Lenovo,104965.0,AMD,Yes,8,4,LCD,AMD,1024,AMD Ryzen 3,Small,Entry-level,1.0,0
Lenovo,531996.5,Intel,Yes,32,5,LCD,NVIDIA,0,Intel I7,Small,High-end,2.5,1024
Lenovo,176746.5,Intel,Yes,8,4,LCD,Intel,0,Intel I3,Small,Low-end,2.5,256
HP,559996.5,AMD,Yes,16,5,LCD,NVIDIA,0,AMD Ryzen 7,Large,Mid-end,4.5,1024
ASUS,279457.5,AMD,No,16,4,LCD,NVIDIA,0,AMD Ryzen 7,Small,Mid-end,3.0,512
ASUS,608580.0,AMD,No,32,LP5,LCD,NVIDIA,0,AMD Ryzen 9,Small,Mid-end,5.0,1024
ASUS,559965.0,Intel,No,16,5,LCD,NVIDIA,0,Intel I7,Large,Mid-end,2.5,512
ASUS,570465.0,AMD,No,16,5,LCD,NVIDIA,0,AMD Ryzen 7,Small,Mid-end,4.5,1024
Dell,512015.0,Intel,No,16,LP4,LCD,Intel,0,Intel I5,Small,Low-end,4.0,512
HP,248465.0,Intel,Yes,16,5,LCD,Intel,0,Intel Ultra 5,Small,Low-end,4.0,512
ASUS,234384.5,AMD,Yes,16,4,LED,NVIDIA,1024,AMD Ryzen 7,Large,Mid-end,3.0,256
ASUS,342965.0,AMD,Yes,16,4,LED,NVIDIA,0,AMD Ryzen 9,Small,Mid-end,3.0,1024
ASUS,398965.0,AMD,Yes,8,4,LED,NVIDIA,0,AMD Ryzen 5,Small,Mid-end,3.0,1024
ASUS,391965.0,Intel,No,16,LP5,LED,Intel,0,Intel Ultra 7,Small,Low-end,1.5,1024
ASUS,1126965.0,Intel,No,16,LP5,LCD,NVIDIA,0,Intel I9,Small,Mid-end,2.5,1024
HP,360465.0,AMD,Yes,16,5,LCD,NVIDIA,0,AMD Ryzen 7,Large,Mid-end,5.0,1024
ASUS,227465.0,AMD,No,16,4,LCD,NVIDIA,0,AMD Ryzen 7,Small,Mid-end,3.0,512
Samsung,986965.0,Intel,No,32,LP5,LED,NVIDIA,0,Intel Ultra 9,Large,High-end,5.0,1024
HP,216996.5,Intel,No,16,4,LCD,Intel,0,Intel I5,Small,Low-end,4.5,512
Samsung,430465.0,Intel,No,16,LP5,LED,Intel,0,Intel I7,Small,Low-end,2.0,512
Acer,384965.0,AMD,Yes,16,5,LCD,NVIDIA,0,AMD Ryzen 7,Large,Mid-end,3.5,1024
Samsung,818965.0,Intel,No,16,LP5,LED,NVIDIA,0,Intel Ultra 7,Large,Mid-end,3.5,1024
Samsung,486465.0,Intel,No,16,LP5,LED,Intel,0,Intel I7,Small,Low-end,2.0,1024
Samsung,402465.0,Intel,Yes,16,LP5,LED,Intel,0,Intel I5,Small,Low-end,1.5,512
MSI,402465.0,AMD,Yes,16,5,LCD,NVIDIA,0,AMD Ryzen 7,Small,Mid-end,3.5,512
ASUS,206465.0,Intel,No,16,4,LCD,Intel,0,Intel I5,Small,Low-end,1.5,512
HP,552965.0,Intel,Yes,16,LP5,LCD,Intel,0,Intel Ultra 7,Large,Low-end,5.0,1024
Other,297465.0,Intel,No,32,LP5,LCD,Intel,0,Intel Ultra 9,Small,Low-end,2.5,1024
MSI,255465.0,Intel,Yes,16,5,LCD,Intel,0,Intel Ultra 7,Small,Low-end,5.0,512
MSI,570465.0,Intel,Yes,16,5,LCD,NVIDIA,0,Intel I7,Large,High-end,1.5,1024
Lenovo,304465.0,Intel,No,16,4,LCD,Intel,0,Intel I7,Small,Low-end,5.0,512
HP,381608.5,Intel,Yes,16,4,LCD,NVIDIA,0,Intel I7,Small,Mid-end,5.0,1024
HP,297465.0,Intel,Yes,16,4,LCD,NVIDIA,0,Intel I5,Small,Mid-end,4.5,1024
ASUS,237996.5,Intel,Yes,16,4,LCD,Intel,0,Intel I7,Large,Low-end,2.5,512
MSI,188965.0,Intel,Yes,8,4,LCD,NVIDIA,0,Intel I5,Small,Mid-end,4.5,512
Dell,174965.0,Intel,Yes,8,4,LCD,Intel,0,Intel I5,Small,Entry-level,4.5,512
Dell,201215.0,Intel,Yes,16,4,LCD,Intel,0,Intel I5,Small,Entry-level,4.5,512
Dell,202965.0,Intel,Yes,16,4,LCD,Intel,0,Intel I5,Small,Low-end,4.0,512
Lenovo,223965.0,Intel,Yes,16,LP5,LCD,Intel,0,Intel I7,Small,Entry-level,5.0,512
Dell,524965.0,Intel,No,16,5,LCD,NVIDIA,0,Intel I7,Large,Mid-end,3.5,512
ASUS,202965.0,Intel,Yes,16,4,LCD,Intel,0,Intel I5,Large,Low-end,4.0,512
HP,241465.0,Intel,Yes,8,5,LCD,Intel,0,Intel Ultra 5,Small,Entry-level,4.0,512
Lenovo,174475.0,Intel,No,8,4,LCD,Intel,0,Intel I3,Small,Entry-level,1.0,512
ASUS,129465.0,Intel,Yes,8,4,LCD,Intel,0,Intel I3,Small,Entry-level,1.0,512
ASUS,199395.0,Intel,No,16,4,LCD,Intel,0,Intel I7,Large,Low-end,2.5,512
MSI,192465.0,Intel,Yes,16,4,LCD,Intel,0,Intel I7,Small,Low-end,1.0,512
Lenovo,278215.0,Intel,Yes,16,5,LCD,NVIDIA,0,Intel I5,Small,Mid-end,3.0,512
Lenovo,734965.0,Intel,Yes,16,LP5,LCD,Intel,0,Intel I7,Small,Low-end,5.0,1024
Acer,146965.0,AMD,No,16,4,LCD,AMD,0,AMD Ryzen 7,Small,Entry-level,3.5,512
ASUS,391965.0,Intel,No,16,LP5,LED,Intel,0,Intel Ultra 7,Small,Low-end,1.5,1024
HP,556465.0,Intel,No,16,5,LCD,NVIDIA,0,Intel I9,Large,Mid-end,5.5,1024
Lenovo,87465.0,Intel,Yes,8,4,LCD,Intel,0,Intel Celeron,Small,Entry-level,1.0,256
Lenovo,159215.0,Intel,Yes,8,4,LCD,Intel,0,Intel I5,Small,Entry-level,2.5,512
Lenovo,115465.0,AMD,Yes,8,LP5,LCD,AMD,0,AMD Ryzen 3,Small,Low-end,2.5,512
ASUS,129465.0,Intel,Yes,8,4,LCD,Intel,0,Intel I3,Small,Entry-level,1.0,512
ASUS,384965.0,Intel,Yes,16,5,LCD,NVIDIA,0,Intel I7,Small,Mid-end,2.5,512
HP,297850.0,Intel,Yes,16,4,LCD,Intel,0,Intel I7,Small,Low-end,3.5,512
MSI,150465.0,Intel,Yes,16,4,LCD,Intel,0,Intel I5,Small,Low-end,4.0,512
HP,223650.0,Intel,Yes,8,4,LCD,Intel,0,Intel I5,Small,Low-end,4.0,512
Lenovo,107975.0,AMD,Yes,8,4,LCD,AMD,0,AMD Ryzen 3,Small,Entry-level,2.5,512
MSI,349965.0,Intel,No,16,5,LCD,Intel,0,Intel Ultra 7,Small,Low-end,1.5,1024
MSI,143465.0,Intel,No,8,4,LCD,Intel,0,Intel I3,Small,Low-end,1.0,512
ASUS,339465.0,Intel,No,16,LP5,LED,Intel,0,Intel Ultra 5,Small,Low-end,1.0,1024
MSI,454965.0,Intel,No,32,5,LCD,NVIDIA,0,Intel Ultra 7,Small,Mid-end,1.5,1024
ASUS,350080.5,Intel,Yes,16,LP5,LED,Intel,0,Intel Ultra 5,Large,Low-end,1.0,1024
MSI,472465.0,Intel,No,16,LP5,LCD,Intel,0,Intel Ultra 5,Small,Low-end,1.0,1024
Lenovo,230996.5,Intel,No,8,4,LCD,Intel,0,Intel I5,Small,Entry-level,4.0,512
HP,207854.5,AMD,Yes,16,LP5,LCD,AMD,0,AMD Ryzen 5,Small,Entry-level,4.0,512
Lenovo,1132215.0,Intel,Yes,32,5,LCD,NVIDIA,0,Intel I9,Large,Entry-level,2.0,1024
Lenovo,159215.0,Intel,Yes,8,4,LCD,Intel,0,Intel I5,Small,Entry-level,2.5,512
Lenovo,237996.5,Intel,No,8,4,LCD,Intel,0,Intel I5,Small,Entry-level,4.0,512
MSI,332465.0,Intel,No,16,4,LCD,Intel,0,Intel I5,Small,Low-end,4.5,1024
Lenovo,164496.5,Intel,No,8,4,LCD,Intel,0,Intel I3,Small,Entry-level,4.0,512
MSI,542465.0,Intel,No,16,5,LCD,NVIDIA,0,Intel I7,Large,High-end,5.5,1024
Lenovo,124250.0,Intel,Yes,8,4,LCD,Intel,0,Intel I3,Small,Entry-level,3.0,512
MSI,437465.0,Intel,No,16,5,LCD,NVIDIA,0,Intel I7,Large,Mid-end,5.5,1024
MSI,524965.0,Intel,No,16,5,LCD,NVIDIA,0,Intel Ultra 7,Large,Mid-end,5.0,1024
ASUS,237965.0,Intel,No,16,4,LCD,Intel,0,Intel I7,Large,Low-end,2.5,512
Lenovo,244965.0,Intel,Yes,16,5,LCD,NVIDIA,0,Intel I5,Small,Mid-end,2.5,512
MSI,647465.0,Intel,No,32,5,LCD,NVIDIA,0,Intel Ultra 9,Large,High-end,1.0,1024
MSI,664965.0,Intel,No,16,5,LCD,NVIDIA,0,Intel Ultra 7,Small,Mid-end,5.0,1024
MSI,594965.0,Intel,No,32,5,LCD,NVIDIA,0,Intel Ultra 7,Large,High-end,5.0,1024
MSI,472465.0,Intel,No,16,5,LCD,NVIDIA,0,Intel I7,Large,Mid-end,5.5,1024
MSI,472465.0,Intel,Yes,16,5,LCD,NVIDIA,0,Intel I7,Small,High-end,5.0,1024
MSI,664965.0,Intel,No,32,5,LCD,NVIDIA,0,Intel Ultra 9,Large,High-end,5.0,1024
MSI,307965.0,Intel,Yes,16,4,LCD,NVIDIA,0,Intel I7,Small,Mid-end,4.5,512
MSI,1224965.0,Intel,No,32,5,LCD,NVIDIA,0,Intel I9,Large,Entry-level,5.5,1024
HP,475965.0,Intel,No,16,5,LCD,NVIDIA,0,Intel I7,Large,Mid-end,5.0,1024
Lenovo,73465.0,Intel,Yes,4,4,LCD,Intel,0,Intel Celeron,Small,Entry-level,1.0,256
HP,151690.0,AMD,Yes,8,4,LCD,AMD,0,AMD Ryzen 5,Small,Entry-level,4.0,512
Lenovo,157465.0,Intel,Yes,16,4,LCD,Intel,0,Intel I5,Small,Entry-level,2.5,512
Acer,699965.0,Intel,Yes,16,5,LCD,NVIDIA,0,Intel I9,Large,High-end,1.5,1024
Other,297465.0,Intel,No,16,5,LCD,NVIDIA,0,Intel I7,Small,Mid-end,4.5,512
Lenovo,524965.0,Intel,No,32,LP5,LED,NVIDIA,0,Intel Ultra 9,Large,Mid-end,5.5,1024
ASUS,699965.0,Intel,Yes,32,LP5,LED,Intel,0,Intel Ultra 7,Small,Low-end,1.5,1024
Other,241465.0,Intel,No,16,5,LCD,NVIDIA,0,Intel I5,Small,Mid-end,4.0,512
Other,335965.0,Intel,No,16,5,LCD,NVIDIA,0,Intel I7,Small,Mid-end,5.0,512
Lenovo,195965.0,Intel,Yes,8,4,LCD,Intel,0,Intel I3,Small,Entry-level,3.0,256
Acer,297465.0,AMD,Yes,16,5,LCD,NVIDIA,0,AMD Ryzen 7,Small,Mid-end,3.5,512
Lenovo,381465.0,Intel,Yes,32,LP5,LED,Intel,0,Intel Ultra 9,Small,Low-end,3.5,1024
Lenovo,143465.0,AMD,Yes,16,4,LCD,AMD,0,AMD Ryzen 7,Small,Entry-level,2.0,512
HP,193865.0,Intel,Yes,8,4,LCD,Intel,0,Intel I5,Small,Entry-level,4.0,1024
Lenovo,314965.0,Intel,Yes,16,5,LCD,NVIDIA,0,Intel I7,Small,Mid-end,2.5,512
Lenovo,451465.0,AMD,Yes,16,LP5,LED,NVIDIA,0,AMD Ryzen 7,Large,Mid-end,3.5,1024
Lenovo,120715.0,AMD,Yes,8,4,LCD,AMD,0,AMD Ryzen 3,Small,Entry-level,2.5,512
Lenovo,201215.0,Intel,Yes,16,5,LCD,Intel,0,Intel I5,Large,Entry-level,4.5,512
Lenovo,169715.0,AMD,Yes,16,4,LCD,AMD,0,AMD Ryzen 7,Small,Entry-level,2.0,512
ASUS,489965.0,Intel,Yes,16,5,LCD,NVIDIA,0,Intel I7,Large,Mid-end,2.5,1024
HP,169715.0,Intel,Yes,8,4,LCD,Intel,0,Intel I5,Small,Low-end,4.0,512
HP,339465.0,AMD,No,16,LP5,LCD,AMD,0,AMD Ryzen 7,Small,Entry-level,5.0,512
Lenovo,222215.0,Intel,No,8,4,LCD,Intel,0,Intel I5,Large,Low-end,4.5,512
Lenovo,300965.0,Intel,No,16,LP5,LED,Intel,0,Intel I5,Small,Low-end,3.5,1024
Lenovo,437465.0,Intel,Yes,16,LP5,LED,NVIDIA,0,Intel Ultra 7,Large,Mid-end,3.5,1024
ASUS,90965.0,Intel,No,8,4,LCD,Intel,0,Intel Pentium,Small,Entry-level,3.5,256
Lenovo,192465.0,Intel,Yes,16,LP5,LCD,Intel,0,Intel I5,Small,Entry-level,2.0,512
MSI,580965.0,Intel,Yes,16,5,LCD,NVIDIA,0,Intel I7,Large,High-end,5.5,1024
ASUS,202965.0,Intel,No,8,4,LCD,Intel,0,Intel I3,Small,Entry-level,1.0,512
Dell,214896.5,Intel,No,16,5,LCD,Intel,0,Intel I5,Large,Entry-level,1.0,512
MSI,206465.0,Intel,No,16,4,LCD,Intel,0,Intel I5,Small,Low-end,4.0,512
MSI,342965.0,Intel,No,16,4,LCD,Intel,0,Intel I7,Small,Low-end,5.0,1024
MSI,402465.0,Intel,Yes,16,LP5,LED,Intel,0,Intel Ultra 7,Small,Low-end,5.0,1024
MSI,307965.0,Intel,Yes,16,4,LCD,Intel,0,Intel I5,Small,Low-end,1.5,512
MSI,349965.0,Intel,Yes,16,LP5,LED,Intel,0,Intel Ultra 5,Small,Low-end,4.0,1024
MSI,699965.0,Intel,No,32,5,LCD,NVIDIA,0,Intel Ultra 7,Large,Mid-end,5.0,1024
Lenovo,772800.0,Intel,No,32,5,LCD,NVIDIA,0,Intel I9,Large,High-end,4.0,1024
HP,440965.0,Intel,No,16,LP5,LCD,NVIDIA,0,Intel I7,Small,Mid-end,5.0,512
MSI,781515.0,Intel,No,32,5,LED,NVIDIA,0,Intel Ultra 7,Small,Mid-end,5.0,1024
MSI,419965.0,AMD,Yes,16,5,LCD,NVIDIA,0,AMD Ryzen 7,Large,Mid-end,5.0,1024
MSI,367465.0,AMD,Yes,16,5,LCD,NVIDIA,0,AMD Ryzen 7,Small,Mid-end,3.5,512
MSI,209965.0,Intel,Yes,16,4,LCD,Intel,0,Intel I5,Small,Low-end,4.0,512
MSI,384965.0,Intel,Yes,32,4,LCD,Intel,0,Intel I7,Small,Low-end,2.0,1024
Lenovo,122465.0,AMD,Yes,8,LP5,LCD,AMD,0,AMD Ryzen 5,Small,Low-end,3.0,512
MSI,339465.0,Intel,No,16,5,LCD,NVIDIA,0,Intel Ultra 5,Small,Mid-end,4.0,1024
MSI,402465.0,Intel,No,16,5,LCD,NVIDIA,0,Intel Ultra 7,Small,Mid-end,5.0,1024
HP,615996.5,Intel,No,16,LP5,LED,NVIDIA,0,Intel Ultra 7,Small,Mid-end,5.0,1024
MSI,377965.0,Intel,No,16,5,LCD,NVIDIA,0,Intel Ultra 7,Small,Mid-end,5.0,1024
HP,612496.5,Intel,No,16,LP5,LED,NVIDIA,0,Intel Ultra 7,Small,Mid-end,5.0,1024
MSI,594965.0,Intel,Yes,32,LP5,LCD,NVIDIA,0,Intel Ultra 7,Large,Mid-end,5.0,1024
MSI,279965.0,Intel,Yes,16,4,LCD,Intel,0,Intel I9,Small,Low-end,5.0,1024
Acer,867965.0,Intel,Yes,32,5,LCD,NVIDIA,0,Intel I9,Large,Entry-level,1.5,1024
HP,334705.0,AMD,Yes,16,5,LCD,NVIDIA,0,AMD Ryzen 7,Large,Mid-end,5.0,1024
MSI,559965.0,Intel,Yes,32,LP5,LCD,NVIDIA,0,Intel Ultra 7,Small,Mid-end,5.0,1024
Lenovo,377965.0,Intel,No,32,LP5,LED,Intel,0,Intel Ultra 7,Small,Low-end,3.5,1024
ASUS,255465.0,AMD,No,16,4,LED,NVIDIA,0,AMD Ryzen 5,Small,Mid-end,4.0,1024
Lenovo,566965.0,Intel,Yes,16,5,LCD,NVIDIA,0,Intel I7,Small,High-end,2.5,1024
ASUS,216965.0,AMD,No,8,4,LCD,NVIDIA,0,AMD Ryzen 5,Small,Mid-end,3.5,512
Dell,419615.0,Intel,No,16,5,LCD,NVIDIA,0,Intel I7,Small,Mid-end,3.5,512
ASUS,181965.0,Intel,Yes,8,4,LCD,Intel,0,Intel I5,Small,Low-end,1.5,512
Acer,454965.0,AMD,Yes,16,5,LCD,NVIDIA,0,AMD Ryzen 7,Large,Mid-end,3.5,512
ASUS,209965.0,AMD,No,16,4,LCD,NVIDIA,0,AMD Ryzen 5,Small,Mid-end,3.5,512
MSI,874965.0,Intel,Yes,32,5,LCD,NVIDIA,0,Intel I7,Large,High-end,5.0,1024
ASUS,210696.5,AMD,No,16,4,LCD,NVIDIA,0,AMD Ryzen 5,Small,Mid-end,4.0,512
ASUS,202965.0,AMD,No,16,4,LCD,NVIDIA,0,AMD Ryzen 5,Small,Mid-end,3.5,512
Lenovo,160965.0,Intel,No,8,4,LCD,Intel,0,Intel I3,Small,Entry-level,3.0,256
ASUS,311500.0,Intel,Yes,16,4,LCD,NVIDIA,0,Intel I7,Large,Mid-end,2.5,512
ASUS,276465.0,Intel,No,16,4,LCD,NVIDIA,0,Intel I7,Large,Mid-end,2.5,512
ASUS,266350.0,Intel,No,16,4,LED,NVIDIA,0,Intel I5,Small,Mid-end,2.5,512
ASUS,234115.0,AMD,No,16,4,LCD,NVIDIA,0,AMD Ryzen 5,Small,Mid-end,4.0,1024
ASUS,227465.0,AMD,Yes,16,4,LCD,NVIDIA,0,AMD Ryzen 7,Small,Mid-end,3.0,512
ASUS,136465.0,AMD,No,8,LP5,LCD,AMD,0,AMD Ryzen 5,Small,Entry-level,3.0,512
Acer,367465.0,Intel,Yes,16,5,LCD,NVIDIA,0,Intel I5,Large,Mid-end,2.5,512
Dell,402496.5,Intel,Yes,16,4,LCD,Intel,0,Intel I7,Small,Entry-level,3.0,512
ASUS,227465.0,AMD,No,16,4,LCD,NVIDIA,0,AMD Ryzen 7,Small,Mid-end,3.0,1024
ASUS,300965.0,Intel,Yes,8,4,LCD,NVIDIA,0,Intel I5,Large,Mid-end,2.5,512
Dell,122465.0,AMD,No,8,LP5,LCD,AMD,0,AMD Ryzen 3,Small,Entry-level,4.0,512
Lenovo,213465.0,Intel,No,16,4,LCD,Intel,0,Intel I7,Small,Low-end,3.0,512
ASUS,220325.0,AMD,No,16,4,LED,AMD,0,AMD Ryzen 7,Small,Entry-level,2.0,512
ASUS,377965.0,Intel,No,16,LP5,LED,Intel,0,Intel Ultra 5,Small,Low-end,1.0,1024
Other,521465.0,Intel,Yes,16,5,LCD,NVIDIA,0,Intel I7,Small,Mid-end,1.5,1024
ASUS,206496.5,AMD,No,16,4,LCD,NVIDIA,0,AMD Ryzen 5,Small,Mid-end,4.0,512
ASUS,297465.0,Intel,No,16,5,LED,NVIDIA,0,Intel I5,Small,Mid-end,2.5,512
ASUS,205450.0,Intel,Yes,16,4,LCD,NVIDIA,0,Intel I5,Small,Mid-end,2.5,512
ASUS,313250.0,Intel,Yes,16,4,LCD,NVIDIA,0,Intel I7,Large,Mid-end,2.5,512
Lenovo,167860.0,Intel,Yes,8,4,LCD,Intel,0,Intel I5,Small,Entry-level,3.5,512
Lenovo,125265.0,AMD,No,8,4,LCD,AMD,0,AMD Ryzen 5,Small,Entry-level,2.0,512
MSI,414050.0,Intel,Yes,16,5,LCD,NVIDIA,0,Intel I7,Small,Mid-end,3.5,1024
Lenovo,382165.0,Intel,Yes,16,LP5,LCD,NVIDIA,0,Intel I7,Large,Mid-end,2.5,1024
Acer,118965.0,Intel,No,8,LP5,LCD,Intel,0,Intel I3,Small,Entry-level,2.0,512
HP,538965.0,Intel,No,32,LP4,LED,Intel,0,Intel I7,Small,Low-end,5.0,1024
Lenovo,202996.5,Intel,No,8,4,LCD,Intel,0,Intel I5,Small,Entry-level,1.5,512
Lenovo,431165.0,Intel,Yes,16,LP5,LCD,Intel,0,Intel I7,Small,Low-end,2.0,1024
HP,199465.0,AMD,No,8,5,LCD,NVIDIA,0,AMD Ryzen 5,Small,Mid-end,3.5,512
HP,191096.5,Intel,No,8,4,LCD,Intel,0,Intel I5,Small,Low-end,4.0,512
HP,195965.0,AMD,Yes,8,4,LCD,NVIDIA,0,AMD Ryzen 5,Small,Mid-end,3.5,512
Dell,341215.0,Intel,No,16,LP5,LCD,Intel,0,Intel I7,Small,Low-end,3.5,512
Lenovo,125615.0,Intel,No,8,4,LCD,Intel,0,Intel I3,Small,Entry-level,3.0,512
HP,184796.5,Intel,No,8,4,LCD,Intel,0,Intel I5,Small,Low-end,4.0,512
ASUS,209965.0,AMD,No,16,4,LCD,NVIDIA,0,AMD Ryzen 7,Small,Mid-end,3.0,512
Lenovo,223996.5,Intel,No,8,4,LCD,Intel,0,Intel I5,Small,Low-end,2.5,512
ASUS,276465.0,Intel,No,16,4,LCD,NVIDIA,0,Intel I7,Large,Mid-end,2.5,512
Lenovo,241465.0,Intel,No,16,LP5,LCD,Intel,0,Intel I5,Large,Low-end,3.5,512
Dell,166950.0,Intel,No,8,4,LCD,Intel,0,Intel I3,Small,Entry-level,3.5,512
HP,516215.0,Intel,No,16,5,LCD,NVIDIA,0,Intel I7,Large,Mid-end,5.0,512
HP,447965.0,Intel,No,16,5,LCD,NVIDIA,0,Intel I5,Large,Mid-end,4.5,512
ASUS,136465.0,Intel,No,8,4,LCD,Intel,0,Intel I3,Small,Entry-level,1.0,512
HP,232715.0,Intel,Yes,16,4,LCD,NVIDIA,0,Intel I5,Small,Mid-end,2.0,512
HP,531965.0,Intel,No,16,5,LCD,NVIDIA,0,Intel I7,Large,Mid-end,5.0,512
Dell,185496.5,Intel,No,8,4,LCD,Intel,0,Intel I5,Small,Entry-level,3.5,512
HP,531965.0,Intel,No,16,5,LCD,NVIDIA,0,Intel I7,Large,Mid-end,5.0,512
HP,146996.5,Intel,Yes,8,4,LCD,Intel,0,Intel I3,Small,Entry-level,4.0,512
Lenovo,788165.0,Intel,No,16,LP5,LED,Intel,0,Intel I7,Small,Low-end,5.0,1024
ASUS,150465.0,AMD,No,16,4,LCD,AMD,0,AMD Ryzen 5,Small,Entry-level,3.0,512
HP,209996.5,AMD,No,16,4,LCD,NVIDIA,0,AMD Ryzen 5,Small,Mid-end,4.0,512
ASUS,262496.5,AMD,Yes,16,4,LED,NVIDIA,0,AMD Ryzen 5,Small,Mid-end,4.0,512
HP,950250.0,Intel,No,32,5,LCD,NVIDIA,0,Intel I9,Large,High-end,5.0,1024
Other,274046.5,AMD,No,16,LP4,LCD,AMD,0,AMD Ryzen 5,Large,Entry-level,3.5,512
Other,314296.5,AMD,No,16,LP4,LCD,AMD,0,AMD Ryzen 5,Large,Entry-level,3.5,512
HP,220080.0,Intel,No,8,4,LCD,NVIDIA,0,Intel I5,Large,Mid-end,4.0,512
ASUS,265650.0,AMD,Yes,16,4,LED,NVIDIA,0,AMD Ryzen 5,Small,Mid-end,4.0,512
Lenovo,181965.0,Intel,No,16,4,LCD,Intel,0,Intel I5,Small,Low-end,3.5,512
ASUS,223965.0,Intel,Yes,16,4,LCD,Intel,0,Intel I5,Small,Low-end,1.5,512
Lenovo,279930.0,Intel,No,16,LP5,LCD,Intel,0,Intel I7,Large,Low-end,4.0,512
HP,304465.0,AMD,No,16,LP4,LCD,AMD,0,AMD Ryzen 7,Small,Entry-level,2.0,512
HP,417830.0,Intel,No,16,5,LCD,NVIDIA,0,Intel I5,Large,Mid-end,4.5,512
Lenovo,320250.0,Intel,Yes,16,LP4,LCD,Intel,0,Intel I7,Small,Low-end,1.5,512
HP,272965.0,Intel,No,8,4,LCD,Intel,0,Intel I5,Small,Low-end,4.0,512
Lenovo,629965.0,Intel,No,16,LP5,LED,Intel,0,Intel I7,Small,Low-end,3.5,1024
Other,902125.0,Intel,Yes,32,5,LED,NVIDIA,0,Intel I9,Large,High-end,2.5,1024
HP,374605.0,Intel,No,16,LP4,LED,Intel,0,Intel I7,Small,Low-end,4.5,512
Lenovo,204050.0,Intel,No,8,LP4,LCD,Intel,0,Intel I3,Small,Entry-level,3.5,512
HP,349860.0,Intel,No,16,4,LCD,NVIDIA,0,Intel I5,Small,Mid-end,4.5,512
HP,407715.0,Intel,No,16,4,LCD,NVIDIA,0,Intel I7,Small,Mid-end,5.0,512
ASUS,220465.0,Intel,No,16,4,LED,Intel,0,Intel I5,Small,Low-end,1.5,512
Other,664996.5,Intel,Yes,16,5,LED,NVIDIA,0,Intel I7,Large,High-end,2.5,1024
HP,381465.0,Intel,Yes,16,LP5,LED,Intel,0,Intel I7,Small,Low-end,5.0,512
Other,412646.5,Intel,Yes,16,LP5,LCD,Intel,0,Intel I7,Small,Low-end,3.5,512
ASUS,290150.0,AMD,Yes,16,4,LED,NVIDIA,0,AMD Ryzen 7,Small,Mid-end,4.0,512
Lenovo,369600.0,Intel,No,16,4,LCD,Intel,0,Intel I7,Small,Low-end,3.0,512
Lenovo,500496.5,AMD,Yes,8,4,LCD,NVIDIA,1024,AMD Ryzen 7,Small,Mid-end,3.0,256
Dell,234115.0,Intel,Yes,8,4,LCD,NVIDIA,0,Intel I5,Small,Low-end,2.5,512
Dell,215162.5,AMD,No,16,4,LCD,AMD,0,AMD Ryzen 5,Small,Entry-level,2.5,512
Lenovo,318465.0,Intel,No,16,4,LCD,Intel,0,Intel I7,Small,Low-end,1.5,1024
Dell,231000.0,Intel,No,8,4,LCD,NVIDIA,0,Intel I5,Small,Low-end,3.5,512
Lenovo,629965.0,Intel,No,16,4,LCD,NVIDIA,0,Intel I7,Small,High-end,2.5,512
Lenovo,279646.5,Intel,No,16,LP4,LCD,Intel,0,Intel I5,Small,Low-end,2.5,512
Lenovo,279965.0,Intel,No,16,4,LCD,Intel,0,Intel I5,Small,Entry-level,2.5,512
MSI,664965.0,Intel,Yes,32,4,LCD,NVIDIA,0,Intel I7,Large,High-end,4.5,1024
Lenovo,150500.0,Intel,No,8,4,LCD,Intel,1024,Intel I3,Small,Entry-level,3.0,0
Lenovo,193515.0,Intel,Yes,8,4,LCD,Intel,0,Intel I5,Small,Low-end,4.0,512
Lenovo,588000.0,Intel,No,16,4,LCD,NVIDIA,0,Intel I7,Small,Low-end,3.0,512
Lenovo,227815.0,Intel,No,8,4,LCD,Intel,0,Intel I5,Small,Low-end,2.5,512
HP,199496.5,Intel,No,8,4,LCD,NVIDIA,0,Intel I5,Large,Mid-end,4.5,512
Dell,328965.0,Intel,No,16,LP5,LCD,Intel,0,Intel I7,Small,Entry-level,3.5,512
Lenovo,453250.0,Intel,No,16,4,LCD,Intel,0,Intel I5,Small,Entry-level,3.0,1024
HP,372239.0,Intel,Yes,16,4,LCD,Intel,0,Intel I5,Small,Low-end,2.5,512
Lenovo,169746.5,Intel,Yes,4,4,LCD,Intel,0,Intel I5,Small,Entry-level,3.5,256
Dell,747446.0,Intel,Yes,16,LP4,LED,Intel,0,Intel I7,Small,Entry-level,3.0,1024
Lenovo,173250.0,AMD,Yes,8,4,LCD,AMD,0,AMD Ryzen 5,Small,Entry-level,3.0,512
Lenovo,171496.5,Intel,Yes,4,4,LCD,Intel,0,Intel I3,Small,Entry-level,2.0,256
Lenovo,766500.0,Intel,Yes,16,LP4,LCD,NVIDIA,0,Intel I7,Small,Mid-end,2.0,512
Lenovo,243075.0,Intel,Yes,8,4,LCD,Intel,1024,Intel I5,Small,Entry-level,2.5,0
Lenovo,335965.0,Intel,No,16,4,LCD,Intel,0,Intel I7,Small,Low-end,4.5,512
MSI,338800.0,AMD,Yes,16,4,LCD,AMD,0,AMD Ryzen 5,Small,Mid-end,2.0,512
MSI,717465.0,Intel,Yes,16,5,LCD,NVIDIA,0,Intel I7,Small,High-end,3.5,1024
Lenovo,339496.5,Intel,No,16,4,LCD,Intel,0,Intel I5,Small,Low-end,4.0,512
Lenovo,307996.5,Intel,No,16,4,LCD,Intel,0,Intel I7,Small,Low-end,3.0,512
Lenovo,304496.5,Intel,No,16,4,LCD,Intel,0,Intel I5,Small,Entry-level,4.0,512
Dell,232746.5,Intel,Yes,16,4,LCD,Intel,0,Intel I5,Large,Low-end,3.5,512
MSI,454965.0,Intel,Yes,16,4,LCD,NVIDIA,0,Intel I7,Large,Mid-end,4.5,1024
ASUS,196525.0,Intel,No,8,4,LCD,NVIDIA,0,Intel I5,Small,Low-end,2.5,512
Acer,216720.0,Intel,Yes,16,4,LCD,Intel,0,Intel I5,Small,Low-end,4.0,512
Lenovo,300996.5,AMD,Yes,8,4,LCD,AMD,0,AMD Ryzen 5,Small,Entry-level,2.5,512
Other,226667.0,Intel,No,8,LP5,LCD,Intel,0,Intel I5,Small,Low-end,3.5,512
ASUS,318321.5,Intel,No,16,5,LCD,NVIDIA,0,Intel I5,Small,Mid-end,2.5,512
ASUS,111965.0,Intel,No,8,4,LCD,Intel,0,Intel I3,Small,Entry-level,2.0,256
Dell,631410.5,Intel,No,16,LP5,LCD,Intel,0,Intel I7,Small,Low-end,4.5,1024
ASUS,164482.5,Intel,No,8,4,LCD,NVIDIA,0,Intel I5,Small,Mid-end,2.5,1024
ASUS,369561.5,Intel,No,16,LP4,LCD,NVIDIA,0,Intel I7,Small,Low-end,3.0,1024
Lenovo,277371.5,Intel,No,8,4,LCD,Intel,0,Intel I5,Small,Low-end,2.5,512
Lenovo,387765.0,Intel,No,16,4,LED,NVIDIA,0,Intel I7,Small,Low-end,2.0,512
HP,661465.0,Intel,No,16,LP3,LED,Intel,0,Intel I7,Small,Entry-level,1.0,512
Acer,183715.0,Intel,No,4,4,LED,NVIDIA,0,Intel I5,Small,Low-end,4.0,512
ASUS,156782.5,Intel,No,8,4,LED,Intel,1024,Intel I5,Small,Entry-level,1.5,0
ASUS,171496.5,Intel,Yes,8,4,LED,Intel,0,Intel I5,Small,Entry-level,1.0,512
HP,458465.0,Intel,No,16,4,LED,NVIDIA,0,Intel I7,Small,Low-end,2.0,1024
Other,171332.0,Intel,No,8,4,LED,Intel,0,Intel I7,Small,Entry-level,2.0,256
HP,316624.0,Intel,No,8,4,LED,Intel,0,Intel I5,Small,Entry-level,1.5,512
HP,349965.0,Intel,No,16,4,LED,NVIDIA,0,Intel I7,Small,Low-end,2.0,512
HP,297500.0,Intel,No,8,4,LED,Intel,1024,Intel I5,Small,Entry-level,1.5,0
HP,164496.5,Intel,No,8,4,LED,NVIDIA,1024,Intel I5,Small,Low-end,1.5,0
HP,148750.0,Intel,No,4,4,LED,Intel,1024,Intel I3,Small,Entry-level,1.0,0
ASUS,172882.5,Intel,No,8,4,LED,NVIDIA,1024,Intel I5,Small,Low-end,1.5,0
ASUS,220465.0,AMD,Yes,16,5,LCD,NVIDIA,0,AMD Ryzen 7,Small,Mid-end,3.0,512
ASUS,439820.5,Intel,No,16,4,LED,NVIDIA,0,Intel I9,Small,Mid-end,3.0,1024
MSI,262465.0,Intel,Yes,16,4,LCD,NVIDIA,0,Intel I7,Small,Mid-end,3.0,512
Dell,160965.0,Intel,No,8,4,LCD,Intel,0,Intel I5,Small,Entry-level,3.5,512
Samsung,573965.0,Intel,No,16,LP5,LED,Intel,0,Intel Ultra 7,Large,Low-end,1.5,512
Acer,115465.0,Intel,No,8,4,LCD,Intel,0,Intel I3,Small,Entry-level,1.0,512
HP,279965.0,Intel,Yes,16,4,LCD,NVIDIA,0,Intel I7,Small,Mid-end,4.5,512
ASUS,251965.0,AMD,Yes,16,5,LCD,NVIDIA,0,AMD Ryzen 7,Small,Mid-end,3.0,512
HP,293965.0,Intel,Yes,16,4,LCD,NVIDIA,0,Intel I7,Small,Mid-end,4.5,1024
MSI,209965.0,Intel,Yes,16,5,LCD,Intel,0,Intel I7,Small,Low-end,4.5,512
Lenovo,385000.0,AMD,Yes,32,5,LCD,NVIDIA,0,AMD Ryzen 7,Small,Entry-level,3.0,1024
Dell,593075.0,Intel,No,16,LP5,LCD,Intel,0,Intel Ultra 7,Small,Low-end,5.0,512
Lenovo,90965.0,Intel,Yes,8,4,LCD,Intel,0,Intel Celeron,Small,Entry-level,1.0,512
Lenovo,626465.0,Intel,Yes,32,LP5,LCD,NVIDIA,0,Intel Ultra 9,Large,Mid-end,5.0,1024
ASUS,304465.0,Intel,Yes,16,4,LCD,NVIDIA,0,Intel I7,Small,Mid-end,2.5,512
Lenovo,567000.0,Intel,Yes,16,LP5,LED,NVIDIA,0,Intel Ultra 7,Small,Mid-end,3.5,1024
ASUS,255465.0,AMD,Yes,16,5,LCD,NVIDIA,0,AMD Ryzen 7,Small,Mid-end,3.0,512
ASUS,184765.0,Intel,Yes,16,4,LCD,Intel,0,Intel I5,Small,Low-end,1.5,512
HP,129465.0,Intel,Yes,8,4,LCD,Intel,0,Intel I3,Small,Entry-level,4.0,512
Lenovo,269465.0,AMD,No,16,LP5,LCD,AMD,0,AMD Ryzen 7,Small,Low-end,4.0,512
Other,318678.5,Intel,Yes,16,5,LCD,NVIDIA,0,Intel I5,Small,Mid-end,4.5,512
MSI,255465.0,Intel,Yes,16,5,LCD,Intel,0,Intel Ultra 7,Small,Low-end,5.0,1024
Lenovo,626465.0,Intel,Yes,32,LP5,LED,Intel,0,Intel Ultra 7,Small,Low-end,3.5,1024
Lenovo,836465.0,Intel,No,32,LP5,LED,Intel,0,Intel Ultra 7,Small,Entry-level,4.0,1024
HP,293965.0,AMD,Yes,16,LP5,LCD,AMD,0,AMD Ryzen 7,Small,Entry-level,5.0,512
Lenovo,244996.5,Intel,No,16,4,LCD,Intel,0,Intel I5,Small,Low-end,2.5,512
Dell,204396.5,Intel,Yes,4,4,LED,Intel,1024,Intel I5,Small,Entry-level,1.5,0
Acer,146965.0,Intel,No,8,LP5,LCD,Intel,0,Intel I3,Small,Entry-level,4.0,512
Acer,244965.0,AMD,No,8,4,LED,NVIDIA,0,AMD Ryzen 5,Small,Mid-end,3.0,512
HP,195965.0,Intel,Yes,8,4,LCD,NVIDIA,0,Intel I5,Small,Mid-end,4.0,512
Lenovo,178465.0,Intel,Yes,8,4,LED,Intel,0,Intel I5,Small,Low-end,2.5,512
Acer,81970.0,AMD,No,4,4,LCD,AMD,1024,AMD Athlon,Small,Entry-level,1.0,0
Other,150465.0,AMD,No,8,4,LED,AMD,0,AMD Ryzen 5,Small,Low-end,2.0,256
HP,281715.0,AMD,No,16,5,LCD,AMD,0,AMD Ryzen 7,Small,Entry-level,4.5,1024
HP,204746.5,Intel,No,8,4,LCD,Intel,0,Intel I3,Small,Entry-level,3.5,512
Acer,489996.5,Intel,Yes,16,5,LCD,NVIDIA,0,Intel I9,Small,Mid-end,4.0,1024
Lenovo,237965.0,AMD,No,16,LP4,LCD,AMD,0,AMD Ryzen 5,Small,Entry-level,2.0,512
Acer,151168.5,Intel,Yes,8,4,LCD,Intel,0,Intel I5,Small,Low-end,2.5,512
Dell,258968.5,Intel,Yes,8,4,LCD,NVIDIA,0,Intel I5,Small,Mid-end,2.5,512
HP,402150.0,Intel,No,16,4,LED,Intel,0,Intel I7,Small,Low-end,3.5,1024
Lenovo,224000.0,AMD,No,8,4,LCD,NVIDIA,0,AMD Ryzen 5,Small,Mid-end,3.5,512
Dell,258965.0,Intel,Yes,16,4,LCD,NVIDIA,0,Intel I5,Small,Mid-end,2.5,512
ASUS,160965.0,Intel,No,8,4,LED,Intel,1024,Intel I5,Small,Low-end,2.5,256
Lenovo,93065.0,Intel,Yes,4,4,LCD,Intel,0,Intel Celeron,Small,Entry-level,2.0,256
Lenovo,234465.0,Intel,Yes,16,4,LCD,NVIDIA,0,Intel I5,Small,Mid-end,2.0,512
Lenovo,90650.0,Intel,No,4,4,LCD,Intel,0,Intel Celeron,Small,Entry-level,2.0,256
ASUS,209965.0,Intel,No,8,4,LED,Intel,0,Intel I5,Small,Low-end,2.5,512
Dell,237482.0,Intel,Yes,16,4,LCD,NVIDIA,0,Intel I5,Large,Low-end,4.0,512
HP,205765.0,AMD,No,16,4,LCD,AMD,0,AMD Ryzen 5,Small,Entry-level,4.0,512
Lenovo,396515.0,Intel,No,16,4,LCD,NVIDIA,0,Intel I5,Small,Mid-end,3.5,512
Lenovo,216965.0,Intel,Yes,8,LP4,LCD,Intel,0,Intel I5,Small,Low-end,3.5,512
HP,136465.0,Intel,Yes,8,4,LCD,Intel,0,Intel I3,Small,Entry-level,4.0,512
Other,96215.0,Intel,No,8,LP4,LCD,Intel,0,Intel I3,Small,Entry-level,1.0,256
ASUS,227465.0,Intel,No,16,4,LCD,Intel,0,Intel I7,Small,Entry-level,2.5,512
ASUS,709236.5,AMD,Yes,16,4,LCD,NVIDIA,0,AMD Ryzen 7,Large,Mid-end,3.5,1024
ASUS,145215.0,Intel,Yes,8,4,LCD,Intel,0,Intel I3,Small,Entry-level,1.0,512
HP,274050.0,Intel,No,16,4,LCD,Intel,0,Intel I5,Small,Low-end,4.0,512
HP,147294.0,AMD,No,16,4,LCD,AMD,0,AMD Ryzen 5,Small,Entry-level,4.0,512
HP,185465.0,Intel,Yes,16,4,LCD,Intel,0,Intel I5,Small,Low-end,4.0,512
Dell,125965.0,Intel,Yes,8,4,LCD,Intel,0,Intel I3,Small,Entry-level,1.0,512
ASUS,125965.0,AMD,Yes,4,4,LED,AMD,1024,AMD Ryzen 5,Small,Low-end,2.0,0
Lenovo,62965.0,AMD,No,4,4,LED,AMD,1024,AMD A-Series,Small,Entry-level,2.5,0
HP,493500.0,Intel,No,16,4,LED,Intel,0,Intel I7,Small,Entry-level,2.5,1024
Lenovo,118650.0,Intel,Yes,8,4,LCD,Intel,0,Intel I3,Small,Entry-level,4.0,512
Other,109749.5,Intel,Yes,8,4,LED,Intel,0,Intel I3,Small,Entry-level,3.0,512
HP,86870.0,Intel,Yes,4,3,LED,Intel,1024,Intel Celeron,Small,Entry-level,1.5,0
ASUS,112024.5,Intel,No,8,4,LED,NVIDIA,0,Intel I5,Small,Low-end,1.0,512
ASUS,160965.0,Intel,No,8,4,LED,Intel,0,Intel I5,Small,Entry-level,1.5,256
HP,139485.5,Intel,No,4,4,LED,Intel,1024,Intel I3,Small,Entry-level,2.5,256
Acer,171465.0,Intel,No,16,4,LCD,NVIDIA,0,Intel I5,Small,Mid-end,3.5,512
Lenovo,90965.0,AMD,No,4,4,LED,AMD,1024,AMD A-Series,Small,Entry-level,3.0,0
ASUS,403868.5,Intel,Yes,16,4,LED,NVIDIA,0,Intel I7,Small,Mid-end,2.5,1024
Other,279965.0,Intel,No,4,3,LCD,Intel,0,Intel I5,Small,Entry-level,2.5,128
Lenovo,89211.5,Intel,No,4,4,LED,Intel,0,Intel Other,Small,Entry-level,2.0,128
HP,236250.0,Intel,No,8,4,LED,Intel,0,Intel I5,Small,Entry-level,2.5,512
ASUS,178465.0,Intel,Yes,8,4,LED,NVIDIA,0,Intel I7,Small,Low-end,2.0,512
ASUS,164465.0,AMD,No,8,4,LCD,AMD,1024,AMD Ryzen 5,Small,Entry-level,4.0,256
HP,223965.0,Intel,No,8,4,LED,NVIDIA,1024,Intel I5,Small,Low-end,1.0,256
HP,262465.0,Intel,No,8,4,LED,NVIDIA,1024,Intel I5,Small,Low-end,1.5,256
ASUS,314965.0,Intel,No,8,3,LED,NVIDIA,0,Intel I7,Small,Low-end,2.0,512
Other,93975.0,AMD,No,8,3,LED,AMD,0,AMD Ryzen 3,Small,Low-end,2.5,256
Acer,69265.0,AMD,No,4,4,LED,AMD,1024,AMD A-Series,Small,Entry-level,2.5,0
ASUS,230965.0,AMD,Yes,8,4,LCD,NVIDIA,0,AMD Ryzen 7,Small,Mid-end,3.0,512
Lenovo,134225.0,Intel,Yes,8,4,LED,Intel,0,Intel I3,Small,Entry-level,2.0,256
ASUS,136465.0,Intel,No,8,4,LED,Intel,1024,Intel I5,Small,Entry-level,1.5,0
HP,244996.5,AMD,No,8,4,LED,AMD,0,AMD Ryzen 5,Small,Entry-level,2.5,512
ASUS,209965.0,Intel,Yes,8,4,LED,Intel,0,Intel I5,Small,Entry-level,1.5,256
ASUS,174706.0,Intel,Yes,8,4,LED,NVIDIA,1024,Intel I5,Small,Low-end,1.5,0
Dell,173250.0,Intel,Yes,4,4,LED,Intel,1024,Intel I5,Small,Entry-level,1.5,0
ASUS,118965.0,AMD,No,8,LP5,LCD,AMD,0,AMD Ryzen 3,Small,Entry-level,4.0,512
Acer,279996.5,Intel,Yes,8,4,LED,NVIDIA,1024,Intel I5,Small,Mid-end,2.5,128
Dell,199367.0,Intel,Yes,8,4,LED,Intel,0,Intel I5,Small,Entry-level,1.0,512
Dell,247506.0,Intel,No,8,4,LED,NVIDIA,1024,Intel I5,Small,Low-end,2.5,0
ASUS,104965.0,AMD,No,8,4,LED,AMD,0,AMD A-Series,Small,Entry-level,2.5,512
ASUS,108465.0,Intel,Yes,8,4,LED,Intel,0,Intel I3,Small,Entry-level,1.0,512
Other,244965.0,Intel,Yes,8,4,LED,Intel,0,Intel I5,Small,Entry-level,1.5,256
HP,293996.5,AMD,Yes,16,4,LCD,NVIDIA,0,AMD Ryzen 7,Large,Mid-end,4.0,512
ASUS,72380.0,Intel,No,4,3,LED,Intel,500,Intel Celeron,Small,Entry-level,1.0,0
MSI,188965.0,Intel,No,16,4,LCD,NVIDIA,0,Intel I5,Small,Mid-end,2.5,512
HP,122465.0,AMD,No,8,4,LED,AMD,1024,AMD Ryzen 3,Small,Low-end,2.5,0
ASUS,139965.0,AMD,Yes,8,4,LED,NVIDIA,1024,AMD Ryzen 5,Large,Mid-end,2.0,0
Dell,157465.0,Intel,Yes,8,4,LED,Intel,1024,Intel I5,Small,Entry-level,1.5,0
HP,192461.5,Intel,Yes,8,4,LED,AMD,1024,Intel I5,Small,Low-end,2.5,0
Lenovo,192465.0,AMD,No,8,4,LCD,NVIDIA,0,AMD Ryzen 5,Small,Mid-end,3.5,512
Lenovo,168140.0,Intel,No,8,4,LED,Intel,0,Intel I5,Small,Entry-level,1.5,512
HP,227465.0,Intel,Yes,8,4,LED,Intel,0,Intel I5,Small,Low-end,4.0,1024
ASUS,177068.5,Intel,No,8,4,LED,Intel,0,Intel I5,Small,Entry-level,1.5,256
ASUS,185465.0,Intel,Yes,8,4,LED,NVIDIA,1024,Intel I5,Small,Low-end,1.5,0
ASUS,402465.0,Intel,Yes,16,5,LCD,NVIDIA,0,Intel I7,Large,Mid-end,4.5,1024
HP,160646.5,Intel,Yes,8,4,LCD,Intel,0,Intel I3,Small,Low-end,4.0,256
HP,115804.5,Intel,Yes,4,3,LED,Intel,500,Intel I3,Small,Entry-level,2.0,0
Acer,112637.0,AMD,No,8,LP5,LCD,AMD,0,AMD Ryzen 3,Small,Entry-level,2.5,256
Other,269465.0,Intel,No,8,4,LED,Intel,0,Intel I7,Large,Low-end,1.5,512
Lenovo,76370.0,AMD,No,4,4,LED,AMD,500,AMD Other,Small,Entry-level,2.0,0
Lenovo,367500.0,Intel,No,8,4,LED,Intel,0,Intel I5,Small,Entry-level,2.5,512
HP,276465.0,Intel,No,8,4,LED,NVIDIA,1024,Intel I5,Large,Mid-end,2.5,256
HP,92669.5,AMD,No,4,4,LED,AMD,500,AMD A-Series,Small,Entry-level,2.5,0
ASUS,454268.5,Intel,No,16,4,LED,NVIDIA,1024,Intel I7,Small,Mid-end,2.0,256
Lenovo,83965.0,AMD,No,4,4,LED,AMD,1024,AMD A-Series,Small,Entry-level,3.0,0
ASUS,391965.0,Intel,Yes,8,4,LED,NVIDIA,1024,Intel I7,Small,Mid-end,2.0,128
Lenovo,203854.0,Intel,No,8,4,LED,NVIDIA,1024,Intel I5,Small,Mid-end,2.5,0
HP,226415.0,AMD,No,8,4,LED,NVIDIA,1024,AMD Ryzen 5,Small,Mid-end,2.0,256
HP,79765.0,AMD,Yes,4,4,LED,AMD,500,AMD A-Series,Small,Entry-level,3.0,0
Lenovo,226502.5,Intel,No,8,4,LED,NVIDIA,1024,Intel I5,Small,Low-end,2.5,0
MSI,332465.0,Intel,No,16,4,LED,NVIDIA,0,Intel I7,Small,Low-end,2.0,512
ASUS,176099.0,Intel,No,8,4,LED,Intel,0,Intel I5,Small,Entry-level,1.5,256
HP,244965.0,Intel,Yes,8,4,LED,NVIDIA,1024,Intel I5,Small,Low-end,1.5,0
Lenovo,257890.5,Intel,Yes,8,4,LED,Intel,0,Intel I5,Small,Entry-level,2.5,256
Lenovo,206465.0,Intel,No,4,4,LED,Intel,1024,Intel I5,Small,Entry-level,2.5,0
ASUS,271232.5,Intel,Yes,8,4,LED,NVIDIA,1024,Intel I7,Small,Low-end,2.0,256
Acer,300300.0,Intel,Yes,8,4,LED,NVIDIA,1024,Intel I5,Small,Mid-end,2.5,128
ASUS,101412.5,AMD,Yes,4,4,LED,AMD,1024,AMD Ryzen 3,Small,Low-end,2.5,0
HP,108643.5,Intel,Yes,4,3,LED,Intel,1024,Intel I3,Small,Entry-level,2.0,0
ASUS,134242.5,Intel,Yes,8,4,LED,Intel,1024,Intel I5,Small,Entry-level,1.5,256
Dell,186987.5,Intel,No,8,4,LED,Intel,0,Intel I5,Small,Low-end,2.5,512
HP,143465.0,AMD,No,8,4,LED,NVIDIA,1024,AMD Ryzen 5,Small,Mid-end,2.0,0
HP,108465.0,Intel,No,4,3,LED,Intel,1024,Intel I3,Small,Entry-level,2.0,0
Lenovo,115244.5,Intel,No,8,4,LED,NVIDIA,1024,Intel I5,Small,Low-end,2.5,0
HP,101465.0,Intel,No,4,4,LED,Intel,1024,Intel I3,Small,Entry-level,2.5,0
ASUS,119787.5,Intel,Yes,8,4,LED,Intel,0,Intel I3,Small,Entry-level,1.0,512
Dell,94465.0,Intel,Yes,4,4,LED,Intel,1024,Intel I3,Small,Entry-level,2.0,0
Lenovo,160965.0,Intel,Yes,8,4,LED,Intel,1024,Intel I5,Small,Entry-level,2.5,0
ASUS,64746.5,Intel,Yes,4,4,LED,Intel,1024,Intel Celeron,Small,Entry-level,1.0,0
HP,84353.5,AMD,No,4,4,LED,AMD,0,AMD A-Series,Small,Entry-level,3.0,256
HP,72096.5,Intel,No,4,4,LED,Intel,1024,Intel I3,Small,Entry-level,2.5,0
Other,153965.0,Intel,No,8,LP4,LCD,Intel,0,Intel I5,Small,Low-end,2.5,512
Acer,87496.5,Intel,Yes,4,4,LED,Intel,1024,Intel Pentium,Small,Entry-level,2.5,0
HP,105000.0,Intel,Yes,4,4,LED,Intel,1024,Intel I3,Small,Entry-level,2.0,0
ASUS,97965.0,AMD,No,8,4,LED,AMD,0,AMD Ryzen 5,Small,Low-end,2.0,512
HP,118986.0,Intel,No,8,4,LED,Intel,1024,Intel I3,Small,Entry-level,2.0,0
ASUS,106550.5,AMD,Yes,8,4,LED,AMD,0,AMD Ryzen 5,Small,Low-end,2.0,512
HP,89596.5,AMD,Yes,4,3,LED,AMD,1024,AMD A-Series,Small,Entry-level,2.0,0
ASUS,115888.5,Intel,No,4,4,LED,Intel,0,Intel I3,Small,Entry-level,2.0,256
Acer,255465.0,AMD,Yes,8,4,LED,NVIDIA,0,AMD Ryzen 5,Small,Mid-end,2.0,512
HP,95287.5,AMD,Yes,4,3,LED,AMD,1024,AMD A-Series,Small,Entry-level,2.0,0
HP,88518.5,Intel,No,8,4,LED,Intel,0,Intel I3,Small,Entry-level,1.0,256
ASUS,62758.5,Intel,No,4,4,LED,Intel,0,Intel I3,Small,Entry-level,2.0,256
ASUS,108160.5,Intel,Yes,8,4,LED,Intel,0,Intel I5,Small,Entry-level,1.0,512
Other,122465.0,Intel,No,8,LP4,LCD,Intel,0,Intel I3,Small,Entry-level,1.0,256
Lenovo,87465.0,Intel,No,4,4,LED,Intel,1024,Intel I3,Small,Entry-level,2.5,0
Acer,129412.5,Intel,Yes,8,4,LED,NVIDIA,0,Intel I5,Small,Low-end,1.5,512
ASUS,93065.0,Intel,No,4,4,LED,Intel,0,Intel I3,Small,Entry-level,2.5,256
Lenovo,94465.0,Intel,Yes,4,4,LED,Intel,1024,Intel I3,Small,Entry-level,2.0,0
ASUS,73496.5,Intel,No,4,4,LED,Intel,1024,Intel Pentium,Small,Entry-level,1.0,0
HP,144868.5,Intel,No,4,4,LED,Intel,0,Intel I3,Small,Entry-level,2.0,256
HP,143465.0,Intel,No,8,4,LED,Intel,1024,Intel I5,Small,Entry-level,1.5,0
Dell,70808.5,Intel,Yes,4,4,LED,Intel,1024,Intel I3,Small,Entry-level,2.5,0
Dell,88840.5,Intel,Yes,4,4,LED,Intel,1024,Intel I3,Small,Entry-level,2.0,0
ASUS,72096.5,AMD,No,8,4,LED,AMD,0,AMD Ryzen 3,Small,Entry-level,2.5,256
Lenovo,107194.5,Intel,Yes,8,4,LED,NVIDIA,1024,Intel I5,Small,Entry-level,2.5,0
HP,106715.0,Intel,No,4,4,LED,Intel,1024,Intel I3,Small,Entry-level,2.5,0
HP,92750.0,Intel,No,4,4,LED,Intel,1024,Intel I3,Small,Entry-level,2.0,0
ASUS,77248.5,Intel,Yes,4,4,LED,Intel,0,Intel I3,Small,Entry-level,1.0,512
ASUS,118142.5,Intel,No,8,4,LED,NVIDIA,1024,Intel I5,Small,Low-end,1.5,0
HP,112668.5,Intel,No,4,4,LED,Intel,1024,Intel I3,Small,Entry-level,2.5,0
Dell,97594.0,Intel,Yes,4,4,LED,Intel,1024,Intel I3,Small,Entry-level,2.0,0
ASUS,94465.0,Intel,Yes,4,4,LED,Intel,1024,Intel I3,Small,Entry-level,2.5,0
HP,129150.0,Intel,No,8,4,LED,Intel,1024,Intel I3,Small,Entry-level,2.0,0
MSI,279965.0,Intel,Yes,8,4,LED,NVIDIA,1024,Intel I7,Small,Mid-end,2.0,0
HP,135208.5,Intel,No,8,4,LED,Intel,1024,Intel I5,Small,Entry-level,2.5,0
HP,87300.5,Intel,Yes,4,3,LED,Intel,1024,Intel Pentium,Small,Entry-level,1.5,0
ASUS,138428.5,Intel,No,8,4,LED,Intel,0,Intel I5,Small,Entry-level,1.5,512
HP,87465.0,AMD,No,4,4,LED,AMD,1024,AMD A-Series,Small,Entry-level,3.0,0
Acer,263364.5,Intel,Yes,16,4,LED,NVIDIA,1024,Intel I7,Small,Mid-end,2.5,256
HP,101465.0,AMD,No,8,4,LED,AMD,1024,AMD Ryzen 5,Small,Low-end,2.0,256
HP,145215.0,AMD,No,8,4,LED,AMD,0,AMD Ryzen 5,Small,Low-end,2.0,512
HP,192465.0,Intel,No,8,4,LED,NVIDIA,1024,Intel I5,Small,Mid-end,2.5,0
ASUS,178465.0,AMD,Yes,8,4,LED,NVIDIA,0,AMD Ryzen 7,Small,Mid-end,3.0,512
Acer,194215.0,Intel,Yes,8,4,LED,NVIDIA,1024,Intel I5,Small,Mid-end,2.5,0
HP,123466.0,Intel,No,4,4,LED,Intel,1024,Intel I3,Small,Entry-level,2.5,0
HP,86908.5,AMD,No,8,4,LED,AMD,0,AMD Ryzen 5,Small,Low-end,2.0,512
HP,150465.0,Intel,Yes,8,4,LED,Intel,1024,Intel I3,Small,Entry-level,4.0,0
ASUS,483896.0,Intel,Yes,8,4,LED,NVIDIA,0,Intel I5,Small,Mid-end,2.5,512
HP,164465.0,Intel,No,8,4,LED,Intel,1024,Intel I5,Small,Entry-level,1.5,0
Acer,101465.0,Intel,Yes,4,4,LED,Intel,500,Intel I3,Small,Entry-level,2.5,0
HP,143465.0,Intel,Yes,8,4,LED,Intel,1024,Intel I5,Small,Entry-level,1.5,0
Dell,109126.5,Intel,No,8,4,LED,Intel,0,Intel I3,Small,Entry-level,1.5,256
Acer,143465.0,Intel,Yes,8,4,LED,NVIDIA,1024,Intel I5,Small,Low-end,2.5,0
HP,83965.0,AMD,Yes,4,4,LED,AMD,1024,AMD A-Series,Small,Entry-level,2.5,0
Acer,198331.0,Intel,Yes,8,4,LED,NVIDIA,1024,Intel I5,Small,Low-end,2.5,0
Acer,109921.0,Intel,Yes,4,4,LED,Intel,500,Intel I3,Small,Entry-level,2.5,0
HP,122083.5,Intel,No,4,4,LED,Intel,1024,Intel I3,Small,Entry-level,2.0,0
ASUS,182542.5,Intel,Yes,8,4,LED,NVIDIA,0,Intel I5,Small,Mid-end,2.5,512
ASUS,453572.0,Intel,No,8,4,LCD,NVIDIA,0,Intel I5,Small,Mid-end,4.0,512
Lenovo,218715.0,AMD,Yes,8,4,LED,NVIDIA,1024,AMD Ryzen 5,Small,Mid-end,3.0,256
Lenovo,108465.0,Intel,No,4,4,LED,Intel,1024,Intel I3,Small,Entry-level,2.0,0
Lenovo,103974.5,Intel,Yes,8,4,LED,Intel,1024,Intel I3,Small,Entry-level,2.0,0
HP,77248.5,Intel,No,4,4,LED,Intel,1024,Intel Celeron,Small,Entry-level,1.0,0
HP,199465.0,AMD,No,16,4,LCD,AMD,0,AMD Ryzen 5,Small,Entry-level,4.0,512
Acer,153965.0,AMD,No,8,4,LED,AMD,1024,AMD Ryzen 5,Small,Low-end,2.0,0
ASUS,265965.0,AMD,No,8,4,LCD,NVIDIA,0,AMD Ryzen 7,Small,Mid-end,4.0,512
Other,150209.5,Intel,Yes,8,4,LED,Intel,0,Intel I5,Small,Entry-level,1.5,512
Acer,135208.5,AMD,Yes,8,4,LED,AMD,1024,AMD Ryzen 5,Small,Low-end,2.0,0
Acer,181965.0,AMD,No,8,4,LED,NVIDIA,0,AMD Ryzen 5,Small,Mid-end,2.0,512
HP,137546.5,Intel,No,8,4,LED,Intel,0,Intel I3,Small,Entry-level,4.0,256
ASUS,94636.5,Intel,No,8,4,LED,Intel,1024,Intel I3,Small,Entry-level,1.0,0
ASUS,110414.5,Intel,Yes,8,4,LED,Intel,1024,Intel I5,Small,Entry-level,1.5,0
MSI,192465.0,Intel,Yes,8,4,LED,NVIDIA,0,Intel I5,Small,Mid-end,2.5,512
HP,97965.0,AMD,No,4,4,LED,AMD,1024,AMD Athlon,Small,Entry-level,2.5,0
HP,199465.0,Intel,No,8,4,LED,Intel,1024,Intel I5,Small,Entry-level,1.5,256
Dell,185465.0,AMD,Yes,8,4,LED,AMD,0,AMD Ryzen 5,Small,Low-end,2.0,512
Dell,114296.0,AMD,No,8,4,LED,AMD,1024,AMD A-Series,Small,Entry-level,2.5,0
ASUS,76965.0,Intel,No,8,4,LCD,Intel,0,Intel Celeron,Small,Entry-level,1.0,256
Dell,85715.0,Intel,Yes,4,4,LED,Intel,0,Intel Pentium,Small,Entry-level,1.0,256
Lenovo,71130.5,Intel,Yes,4,4,LED,Intel,1024,Intel I3,Small,Entry-level,1.0,0
Dell,118965.0,Intel,Yes,4,4,LED,Intel,1024,Intel I3,Small,Entry-level,1.0,0
ASUS,150986.5,AMD,No,8,4,LED,AMD,0,AMD Ryzen 7,Small,Entry-level,2.0,512
HP,175616.0,Intel,Yes,8,4,LED,AMD,1024,Intel I5,Small,Mid-end,2.5,0
Dell,147150.5,Intel,No,8,4,LED,Intel,0,Intel I3,Small,Entry-level,1.0,256
ASUS,209965.0,AMD,No,8,4,LED,NVIDIA,0,AMD Ryzen 5,Large,Mid-end,2.0,512
HP,209965.0,AMD,Yes,8,4,LED,NVIDIA,1024,AMD Ryzen 5,Small,Mid-end,3.0,0
HP,160965.0,Intel,Yes,8,3,LED,AMD,1024,Intel I5,Small,Mid-end,2.5,0
Lenovo,227500.0,Intel,No,8,4,LED,Intel,1024,Intel I5,Small,Low-end,1.0,256
HP,262115.0,Intel,Yes,8,4,LED,NVIDIA,1024,Intel I5,Small,Mid-end,2.5,256
HP,174965.0,Intel,No,8,4,LED,Intel,1024,Intel I5,Small,Entry-level,1.5,0
HP,67588.5,AMD,No,4,4,LED,AMD,1024,AMD A-Series,Small,Entry-level,2.5,0
MSI,349965.0,Intel,No,16,4,LED,NVIDIA,0,Intel I7,Small,Mid-end,2.5,512
Other,136465.0,Intel,No,8,3,LED,Intel,0,Intel I5,Small,Entry-level,1.5,256
HP,181716.5,Intel,No,8,4,LED,Intel,0,Intel I5,Small,Entry-level,1.0,512
Lenovo,115888.5,Intel,Yes,8,4,LCD,Intel,0,Intel I3,Small,Entry-level,2.0,512
Lenovo,90965.0,AMD,Yes,4,4,LED,AMD,1024,AMD Athlon,Small,Entry-level,2.5,0
Other,97265.0,Intel,No,8,4,LCD,Intel,0,Intel I3,Small,Entry-level,1.0,512
Other,122465.0,Intel,No,8,3,LED,Intel,0,Intel I5,Small,Entry-level,1.5,256
Dell,118996.5,Intel,Yes,4,4,LED,Intel,1024,Intel I3,Small,Entry-level,1.0,0
ASUS,230965.0,AMD,No,16,4,LED,NVIDIA,0,AMD Ryzen 7,Small,Mid-end,3.0,512
ASUS,160965.0,Intel,Yes,8,4,LED,NVIDIA,1024,Intel I5,Small,Low-end,1.5,0
Dell,101465.0,AMD,Yes,8,4,LED,AMD,0,AMD Ryzen 3,Small,Low-end,2.5,256
Lenovo,206465.0,Intel,No,8,4,LED,Intel,0,Intel I5,Small,Entry-level,1.0,512
Acer,133276.5,Intel,No,8,4,LED,Intel,1024,Intel I5,Small,Low-end,2.5,0
ASUS,213500.0,Intel,Yes,8,4,LED,NVIDIA,0,Intel I5,Small,Low-end,1.5,512
Acer,80496.5,Intel,No,4,3,LED,Intel,500,Intel Pentium,Small,Entry-level,1.0,0
ASUS,149698.5,Intel,No,8,4,LED,Intel,0,Intel I5,Small,Low-end,4.0,512
HP,76443.5,AMD,No,4,4,LED,AMD,500,AMD Other,Small,Entry-level,1.5,0
Lenovo,156138.5,AMD,No,8,4,LED,NVIDIA,1024,AMD Ryzen 5,Small,Mid-end,3.0,256
Acer,228165.0,Intel,Yes,8,4,LED,NVIDIA,1024,Intel I5,Small,Mid-end,2.5,256
Lenovo,127715.0,Intel,Yes,8,4,LED,Intel,0,Intel I3,Small,Entry-level,1.0,256
Apple,598465.0,Apple,No,16,4,LCD,Apple,0,Apple M-series,Large,High-end,2.5,1024
ASUS,80465.0,Intel,No,4,3,LED,Intel,1024,Intel Pentium,Small,Entry-level,1.5,0
HP,222250.0,AMD,No,8,4,LED,NVIDIA,1024,AMD Ryzen 5,Small,Mid-end,3.0,256
ASUS,76965.0,Intel,Yes,4,3,LED,Intel,1024,Intel Pentium,Small,Entry-level,1.0,0
ASUS,252000.0,Intel,Yes,8,4,LED,NVIDIA,0,Intel I5,Small,Mid-end,2.5,1024
MSI,106550.5,Intel,No,8,4,LED,NVIDIA,1024,Intel I5,Small,Mid-end,2.5,0
ASUS,180257.0,Intel,No,16,4,LED,NVIDIA,0,Intel I5,Small,Mid-end,2.5,512
Lenovo,94465.0,AMD,Yes,4,4,LED,AMD,1024,AMD Ryzen 3,Small,Low-end,2.5,0
HP,115465.0,AMD,No,4,4,LED,AMD,0,AMD Ryzen 3,Small,Low-end,2.5,512
HP,116396.0,AMD,No,4,4,LED,AMD,1024,AMD Ryzen 3,Small,Low-end,2.5,0
ASUS,185465.0,Intel,Yes,8,4,LED,Intel,1024,Intel I5,Small,Entry-level,1.5,256
MSI,248465.0,Intel,No,16,4,LCD,NVIDIA,0,Intel I7,Small,Mid-end,3.0,512
MSI,230965.0,Intel,No,8,4,LCD,NVIDIA,0,Intel I7,Small,Mid-end,2.5,512
HP,115465.0,AMD,Yes,4,4,LED,AMD,1024,AMD Ryzen 3,Small,Low-end,2.5,0
Acer,234465.0,Intel,Yes,8,4,LED,NVIDIA,1024,Intel I5,Small,Mid-end,2.5,256
Lenovo,261065.0,Intel,No,8,4,LED,NVIDIA,1024,Intel I5,Small,Mid-end,2.5,256
HP,112665.0,Intel,No,8,4,LED,Intel,1024,Intel I3,Small,Entry-level,2.5,0
Lenovo,192524.5,Intel,Yes,8,4,LED,NVIDIA,1024,Intel I5,Small,Mid-end,2.5,256
HP,229250.0,Intel,Yes,16,4,LED,NVIDIA,0,Intel I5,Small,Low-end,4.0,512
Acer,244965.0,Intel,Yes,8,4,LED,NVIDIA,1024,Intel I7,Small,Mid-end,2.5,256
Lenovo,192465.0,Intel,No,8,4,LED,NVIDIA,1024,Intel I5,Small,Mid-end,2.5,0
Lenovo,139965.0,Intel,No,4,4,LED,Intel,0,Intel I3,Small,Entry-level,2.0,256
HP,118965.0,Intel,No,8,4,LED,Intel,1024,Intel I3,Small,Entry-level,2.0,0
ASUS,174965.0,Intel,No,8,4,LED,Intel,0,Intel I3,Small,Entry-level,3.0,256
HP,164461.5,Intel,No,8,4,LED,Intel,1024,Intel I5,Small,Entry-level,2.5,0
Acer,404215.0,Intel,Yes,16,4,LED,NVIDIA,1024,Intel I7,Small,Mid-end,2.0,128
HP,150465.0,Intel,No,8,4,LED,Intel,0,Intel I3,Small,Entry-level,1.0,512
Acer,139965.0,Intel,No,8,4,LED,Intel,1024,Intel I5,Small,Entry-level,1.5,0
Lenovo,96215.0,Intel,No,4,4,LED,Intel,0,Intel Celeron,Small,Entry-level,3.0,256
Other,80465.0,Intel,No,4,LP4,LED,Intel,0,Intel Celeron,Small,Entry-level,1.0,128
Acer,97212.5,Intel,Yes,4,4,LED,Intel,0,Intel I3,Small,Entry-level,1.0,512
Acer,125734.0,Intel,Yes,4,3,LED,Intel,1024,Intel I5,Small,Entry-level,1.5,0
Acer,314996.5,Intel,Yes,16,4,LED,NVIDIA,1024,Intel I5,Small,Mid-end,2.5,256
Lenovo,104965.0,Intel,No,8,4,LED,Intel,1024,Intel I3,Small,Entry-level,2.5,0
MSI,249987.5,Intel,No,16,4,LED,NVIDIA,1024,Intel I7,Small,Mid-end,2.5,256
ASUS,163915.5,Intel,No,8,3,LED,Intel,0,Intel I5,Small,Entry-level,1.5,256
Lenovo,157465.0,Intel,No,8,4,LED,Intel,1024,Intel I5,Small,Entry-level,1.5,0
Dell,104965.0,AMD,No,4,4,LCD,AMD,0,AMD Athlon,Small,Entry-level,2.5,256
MSI,192465.0,Intel,Yes,8,4,LED,Intel,0,Intel I5,Small,Entry-level,2.0,512
Lenovo,160002.5,AMD,No,8,4,LED,NVIDIA,0,AMD Ryzen 5,Small,Mid-end,3.0,512
ASUS,223965.0,AMD,Yes,16,4,LED,NVIDIA,0,AMD Ryzen 7,Small,Mid-end,4.0,512
Dell,78862.0,AMD,Yes,4,4,LED,AMD,500,AMD A-Series,Small,Entry-level,2.0,0
HP,230965.0,Intel,No,8,4,LED,NVIDIA,1024,Intel I5,Small,Low-end,1.5,256
Acer,114278.5,Intel,Yes,8,4,LED,NVIDIA,1024,Intel I5,Small,Low-end,2.5,0
Lenovo,127750.0,Intel,Yes,4,4,LED,Intel,1024,Intel I3,Small,Entry-level,2.0,0
Lenovo,129090.5,AMD,No,8,4,LED,AMD,0,AMD Ryzen 5,Small,Entry-level,2.0,512
Dell,154637.0,Intel,No,4,4,LED,AMD,1024,Intel I5,Small,Mid-end,2.5,0
ASUS,178465.0,Intel,No,8,4,LED,Intel,1024,Intel I5,Small,Entry-level,1.0,256
ASUS,150465.0,Intel,No,4,4,LED,Intel,0,Intel I3,Small,Entry-level,2.0,512
MSI,300965.0,AMD,No,16,4,LED,AMD,0,AMD Ryzen 7,Small,Mid-end,3.5,1024
ASUS,83965.0,AMD,Yes,4,4,LED,AMD,1024,AMD A-Series,Small,Entry-level,2.5,0
Lenovo,150465.0,Intel,Yes,8,4,LED,Intel,1024,Intel I5,Small,Entry-level,1.0,0
Lenovo,136465.0,AMD,No,8,4,LED,AMD,1024,AMD Ryzen 5,Small,Low-end,2.0,0
MSI,297465.0,AMD,No,8,4,LCD,AMD,0,AMD Ryzen 7,Small,Mid-end,4.5,512
Acer,440965.0,Intel,Yes,16,4,LED,NVIDIA,1024,Intel I5,Small,Mid-end,2.5,128
Lenovo,290465.0,Intel,Yes,8,4,LED,NVIDIA,1024,Intel I7,Small,Mid-end,2.5,256
Acer,326427.5,Intel,No,8,4,LED,Intel,0,Intel I7,Small,Entry-level,2.0,512
Lenovo,218715.0,Intel,Yes,8,4,LED,NVIDIA,0,Intel I5,Small,Mid-end,2.5,512
Acer,87465.0,AMD,No,8,4,LCD,AMD,0,AMD Ryzen 3,Small,Entry-level,2.5,256
HP,150465.0,Intel,No,8,4,LED,AMD,1024,Intel I5,Small,Low-end,2.5,0
Dell,146930.0,Intel,Yes,4,4,LED,Intel,1024,Intel I3,Small,Entry-level,1.0,256
Lenovo,214900.0,Intel,No,8,4,LED,Intel,0,Intel I5,Small,Entry-level,1.5,512
Acer,215246.5,Intel,No,8,4,LED,NVIDIA,1024,Intel I5,Small,Mid-end,2.5,256
Acer,175976.5,Intel,Yes,8,4,LED,NVIDIA,1024,Intel I5,Small,Low-end,1.5,0
ASUS,104930.0,Intel,No,8,4,LED,Intel,1024,Intel I3,Small,Entry-level,2.5,0
Lenovo,153965.0,Intel,Yes,8,4,LED,Intel,1024,Intel I5,Small,Entry-level,1.0,0
HP,177765.0,Intel,No,8,4,LED,AMD,1024,Intel I5,Small,Low-end,2.5,0
Lenovo,138428.5,Intel,No,8,4,LED,Intel,1024,Intel I5,Small,Entry-level,1.0,0
Dell,140665.0,AMD,Yes,8,4,LED,AMD,0,AMD Ryzen 3,Small,Low-end,2.5,256
HP,170201.5,Intel,No,8,4,LED,Intel,0,Intel I3,Small,Entry-level,2.0,256
MSI,217665.0,Intel,No,8,4,LED,NVIDIA,0,Intel I5,Small,Mid-end,2.5,1024
Dell,132863.5,Intel,No,8,4,LED,Intel,1024,Intel I3,Small,Entry-level,1.0,0
HP,281400.0,Intel,No,8,4,LED,Intel,0,Intel I5,Small,Entry-level,4.0,512
Lenovo,157465.0,Intel,No,8,4,LED,Intel,1024,Intel I5,Small,Entry-level,1.0,0
Other,181965.0,Intel,No,16,4,LCD,Intel,0,Intel I5,Small,Low-end,4.5,512
Apple,622965.0,Intel,Yes,16,LP4,LED,Intel,0,Intel I5,Small,Low-end,2.0,1024
Lenovo,192465.0,Intel,No,8,4,LED,NVIDIA,0,Intel I5,Small,Low-end,1.0,512
MSI,145250.0,Intel,No,8,4,LED,Intel,0,Intel I3,Small,Entry-level,2.0,512
Acer,192465.0,Intel,No,8,4,LED,Intel,0,Intel I5,Small,Low-end,2.5,512
Lenovo,211547.0,Intel,No,8,4,LED,Intel,1024,Intel I5,Small,Entry-level,1.5,128
Lenovo,174965.0,Intel,Yes,4,4,LED,Intel,0,Intel I3,Small,Entry-level,1.0,256
Acer,315850.5,Intel,Yes,16,4,LED,NVIDIA,1024,Intel I7,Small,Mid-end,2.5,512
Lenovo,80146.5,Intel,No,4,4,LED,Intel,1024,Intel I3,Small,Entry-level,1.0,0
MSI,197715.0,Intel,Yes,8,4,LCD,NVIDIA,0,Intel I5,Small,Mid-end,4.0,512
ASUS,160965.0,Intel,Yes,8,4,LED,NVIDIA,1024,Intel I5,Small,Low-end,1.5,0
Acer,106228.5,Intel,Yes,8,4,LCD,Intel,0,Intel I3,Small,Entry-level,1.5,256
Dell,173803.0,AMD,No,8,4,LED,AMD,0,AMD Ryzen 5,Small,Low-end,3.0,512
Dell,93026.5,AMD,Yes,4,4,LED,AMD,0,AMD Athlon,Small,Entry-level,2.5,256
Lenovo,83965.0,AMD,Yes,4,4,LED,AMD,1024,AMD A-Series,Small,Entry-level,2.5,0
ASUS,64368.5,AMD,No,4,3,LED,Intel,1024,AMD Other,Small,Entry-level,1.5,0
HP,150465.0,AMD,Yes,8,4,LED,AMD,0,AMD Ryzen 5,Small,Low-end,2.0,512
Acer,143465.0,Intel,Yes,16,4,LCD,Intel,0,Intel I5,Small,Low-end,3.5,512
ASUS,244965.0,Intel,No,8,LP4,LED,Intel,0,Intel I5,Small,Low-end,2.5,512
Acer,106228.5,Intel,No,8,4,LCD,Intel,0,Intel I3,Small,Entry-level,1.5,256
HP,220465.0,AMD,No,8,4,LED,NVIDIA,0,AMD Ryzen 5,Small,Entry-level,2.5,512
Acer,192465.0,Intel,Yes,16,4,LCD,NVIDIA,0,Intel I5,Small,Mid-end,3.5,512
Lenovo,174996.5,Intel,Yes,8,4,LED,NVIDIA,1024,Intel I5,Small,Low-end,2.5,0
Dell,160965.0,AMD,Yes,8,4,LED,AMD,1024,AMD Ryzen 5,Small,Low-end,2.0,0
Lenovo,98665.0,AMD,No,8,3,LED,AMD,1024,AMD A-Series,Small,Mid-end,2.5,0
HP,103239.5,Intel,Yes,4,4,LED,Intel,1024,Intel I3,Small,Entry-level,2.5,0
HP,109515.0,Intel,No,4,4,LED,Intel,1024,Intel I3,Small,Entry-level,2.5,0
Acer,209965.0,Intel,Yes,8,LP4,LCD,Intel,0,Intel I5,Small,Low-end,1.5,512
Acer,86135.0,Intel,Yes,4,4,LED,Intel,1024,Intel Pentium,Small,Entry-level,2.5,0
Acer,160996.5,Intel,Yes,8,4,LED,NVIDIA,1024,Intel I5,Small,Low-end,1.5,0
Apple,367465.0,Intel,No,8,LP3,LED,Intel,0,Intel I5,Small,Entry-level,1.5,256
Dell,153965.0,Intel,No,4,4,LED,Intel,0,Intel I3,Small,Entry-level,4.0,256
Lenovo,66115.0,AMD,No,4,4,LED,AMD,1024,AMD Other,Small,Entry-level,2.0,0
ASUS,136465.0,Intel,No,8,4,LCD,Intel,0,Intel I3,Small,Entry-level,1.0,512
ASUS,157465.0,Intel,No,8,4,LED,Intel,1024,Intel I3,Small,Entry-level,2.0,256
MSI,185465.0,Intel,No,8,4,LED,NVIDIA,0,Intel I7,Small,Mid-end,2.5,512
HP,174996.5,Intel,Yes,8,4,LED,NVIDIA,0,Intel I5,Small,Low-end,4.0,512
HP,288715.0,Intel,No,16,4,LED,NVIDIA,0,Intel I7,Small,Low-end,2.0,512
Dell,223965.0,Intel,No,8,4,LED,NVIDIA,1024,Intel I5,Small,Low-end,2.5,0
MSI,262465.0,Intel,No,16,4,LED,NVIDIA,1024,Intel I7,Large,Mid-end,2.5,256
Lenovo,159390.0,Intel,No,4,4,LED,NVIDIA,1024,Intel I5,Small,Low-end,2.5,0
Dell,103750.5,Intel,Yes,4,4,LED,Intel,0,Intel Pentium,Small,Entry-level,2.5,256
Dell,157115.0,Intel,No,8,4,LED,Intel,1024,Intel I3,Small,Entry-level,1.0,0
HP,78715.0,Intel,No,4,4,LED,Intel,1024,Intel Pentium,Small,Entry-level,2.5,0
ASUS,69965.0,Intel,No,4,LP3,LED,Intel,1024,Intel Celeron,Small,Entry-level,1.0,0
Dell,95389.0,AMD,Yes,4,4,LED,AMD,1024,AMD A-Series,Small,Entry-level,3.0,0
HP,202965.0,Intel,No,8,4,LED,Intel,1024,Intel I5,Small,Entry-level,1.0,128
Other,150465.0,Intel,No,8,3,LED,Intel,0,Intel I5,Small,Entry-level,1.0,256
Dell,162060.5,Intel,Yes,8,4,LED,Intel,1024,Intel I5,Small,Entry-level,1.5,0
ASUS,160965.0,Intel,No,8,4,LED,Intel,0,Intel I3,Small,Entry-level,3.0,256
ASUS,227465.0,Intel,No,8,4,LED,Intel,1024,Intel I5,Small,Entry-level,1.5,256
ASUS,174996.5,Intel,Yes,8,4,LED,NVIDIA,1024,Intel I7,Small,Mid-end,3.0,0
Lenovo,138246.5,Intel,No,8,4,LED,Intel,0,Intel I3,Small,Entry-level,1.0,256
Apple,389165.0,Intel,No,8,LP3,LED,Intel,0,Intel I5,Small,Entry-level,1.5,256
Lenovo,166225.5,Intel,Yes,8,4,LED,Intel,1024,Intel I5,Small,Entry-level,2.5,0
HP,111058.5,Intel,No,4,4,LED,Intel,1024,Intel I3,Small,Entry-level,1.0,0
Lenovo,111965.0,Intel,Yes,4,4,LED,NVIDIA,1024,Intel I3,Small,Low-end,2.0,0
HP,144868.5,Intel,Yes,8,4,LED,Intel,0,Intel I3,Small,Entry-level,4.0,512
Other,139965.0,Intel,No,16,LP5,LCD,Intel,0,Intel I5,Small,Low-end,4.5,512
Dell,213496.5,Intel,Yes,8,4,LED,Intel,0,Intel I5,Small,Entry-level,2.0,256
Dell,255465.0,Intel,No,8,4,LCD,NVIDIA,0,Intel I5,Small,Mid-end,4.5,512
ASUS,328965.0,Intel,No,16,4,LED,NVIDIA,0,Intel I7,Small,Mid-end,2.5,1024
Acer,307965.0,Intel,Yes,16,4,LED,NVIDIA,1024,Intel I5,Small,Mid-end,2.5,128
Apple,447965.0,Intel,No,8,LP3,LED,Intel,0,Intel I5,Small,Entry-level,1.5,256
Lenovo,125965.0,Intel,No,8,4,LED,Intel,0,Intel I3,Small,Entry-level,1.0,256
ASUS,152274.5,Intel,No,8,4,LED,Intel,0,Intel I5,Small,Low-end,4.0,512
ASUS,314965.0,Intel,Yes,8,4,LED,NVIDIA,1024,Intel I7,Small,Mid-end,2.0,128
Lenovo,346465.0,Intel,Yes,8,4,LED,NVIDIA,1024,Intel I5,Small,Mid-end,2.5,128
ASUS,255465.0,AMD,No,16,4,LCD,NVIDIA,0,AMD Ryzen 7,Small,Mid-end,3.0,512
Other,174965.0,Intel,No,4,4,LED,Intel,0,Intel Other,Small,Entry-level,1.0,128
ASUS,143465.0,Intel,No,8,4,LCD,Intel,0,Intel I5,Small,Low-end,2.5,512
HP,115465.0,Intel,No,4,4,LED,Intel,1024,Intel I3,Small,Entry-level,2.5,0
ASUS,127750.0,Intel,No,4,4,LED,Intel,0,Intel I3,Small,Entry-level,1.0,256
Dell,300125.0,Intel,No,8,4,LED,NVIDIA,1024,Intel I7,Small,Mid-end,2.5,512
ASUS,706069.0,Intel,Yes,16,4,LED,NVIDIA,1024,Intel I7,Small,Low-end,2.5,0
HP,164465.0,Intel,No,8,4,LED,NVIDIA,1024,Intel I5,Small,Low-end,1.5,0
ASUS,276465.0,AMD,No,8,4,LED,NVIDIA,1024,AMD Ryzen 5,Small,Mid-end,2.0,256
Acer,154588.0,Intel,Yes,4,4,LED,Intel,1024,Intel I5,Small,Entry-level,1.0,0
HP,205905.0,Intel,No,8,4,LED,Intel,1024,Intel I5,Small,Entry-level,1.5,256
HP,136496.5,Intel,Yes,8,4,LCD,Intel,0,Intel I3,Small,Entry-level,4.0,512
MSI,251965.0,Intel,No,8,4,LED,NVIDIA,0,Intel I5,Small,Mid-end,2.5,512
Lenovo,171573.5,Intel,Yes,8,4,LED,Intel,0,Intel I5,Small,Entry-level,1.0,512
Acer,202996.5,Intel,Yes,8,4,LED,NVIDIA,1024,Intel I5,Small,Low-end,1.5,0
Dell,123315.5,Intel,Yes,4,4,LED,Intel,1024,Intel I3,Small,Entry-level,2.0,0
MSI,174930.0,AMD,No,8,4,LED,AMD,0,AMD Ryzen 5,Small,Mid-end,3.0,512
HP,126189.0,Intel,No,4,4,LED,NVIDIA,1024,Intel I3,Small,Low-end,2.0,0
Acer,68215.0,AMD,Yes,4,4,LED,AMD,1024,AMD Other,Small,Entry-level,2.0,0
Apple,558215.0,Intel,Yes,16,LP4,LED,Intel,0,Intel I5,Small,Low-end,2.0,512
ASUS,157465.0,Intel,Yes,8,4,LED,Intel,1024,Intel I3,Small,Entry-level,2.5,128
Dell,276500.0,Intel,Yes,8,4,LED,AMD,0,Intel I7,Small,Low-end,2.0,256
Other,108465.0,Intel,No,16,LP4,LCD,Intel,0,Intel I5,Small,Low-end,3.0,512
MSI,262465.0,Intel,Yes,16,5,LCD,NVIDIA,0,Intel I7,Small,Mid-end,4.5,512
HP,286650.0,Intel,Yes,8,4,LED,NVIDIA,1024,Intel I7,Small,Mid-end,2.5,256
HP,108325.0,AMD,No,4,4,LED,AMD,1024,AMD Ryzen 3,Small,Low-end,2.0,0
Acer,265300.0,AMD,Yes,16,4,LED,NVIDIA,0,AMD Ryzen 5,Small,Mid-end,3.0,512
Acer,150150.0,Intel,Yes,8,4,LED,NVIDIA,1024,Intel I5,Small,Low-end,2.5,0
Acer,252084.0,AMD,No,16,4,LCD,NVIDIA,1024,AMD Ryzen 5,Small,Mid-end,3.0,512
HP,300100.5,Intel,No,4,4,LED,Intel,0,Intel Pentium,Small,Entry-level,1.0,128
Acer,202965.0,AMD,Yes,8,4,LED,NVIDIA,1024,AMD Ryzen 5,Small,Mid-end,2.0,256
Acer,252084.0,AMD,No,16,4,LCD,NVIDIA,1024,AMD Ryzen 5,Small,Mid-end,3.5,512
Acer,199115.0,AMD,Yes,8,4,LCD,NVIDIA,0,AMD Ryzen 5,Small,Mid-end,3.5,512
Acer,274750.0,AMD,No,8,3,LCD,NVIDIA,1024,AMD Ryzen 5,Small,Mid-end,3.0,512
ASUS,314965.0,Intel,Yes,16,4,LED,NVIDIA,0,Intel I5,Small,Mid-end,2.5,512
HP,230615.0,Intel,No,16,4,LED,Intel,0,Intel I5,Small,Low-end,4.0,512
HP,223489.0,Intel,No,8,4,LED,NVIDIA,1024,Intel I5,Small,Low-end,2.5,0
HP,104965.0,Intel,No,4,4,LED,Intel,1024,Intel I3,Small,Entry-level,2.0,0
HP,220465.0,Intel,Yes,8,4,LED,NVIDIA,1024,Intel I5,Small,Mid-end,2.5,256
ASUS,209996.5,Intel,No,8,4,LED,Intel,0,Intel I7,Small,Low-end,3.0,512
Lenovo,244965.0,AMD,Yes,8,4,LED,NVIDIA,1024,AMD Ryzen 5,Small,Mid-end,3.0,256
ASUS,276465.0,Intel,Yes,8,4,LED,NVIDIA,0,Intel I5,Large,Mid-end,2.5,1024
MSI,325465.0,Intel,No,16,4,LED,NVIDIA,0,Intel I7,Small,Mid-end,3.0,512
ASUS,314965.0,Intel,No,16,LP4,LED,Intel,0,Intel I7,Small,Low-end,3.0,512
HP,111380.5,Intel,No,4,4,LED,Intel,1024,Intel I5,Small,Entry-level,1.5,0
Lenovo,77525.0,Intel,No,4,3,LED,Intel,1024,Intel Pentium,Small,Entry-level,1.5,0
ASUS,206465.0,Intel,No,8,LP4,LED,Intel,0,Intel I5,Small,Low-end,4.0,512
ASUS,171465.0,Intel,Yes,8,4,LED,NVIDIA,1024,Intel I5,Small,Low-end,1.5,0
ASUS,108230.5,Intel,Yes,4,4,LED,Intel,1024,Intel I3,Small,Entry-level,2.5,0
Other,129465.0,Intel,No,16,LP4,LCD,Intel,0,Intel I5,Small,Entry-level,2.5,1024
ASUS,174996.5,Intel,Yes,8,4,LED,NVIDIA,1024,Intel I5,Small,Low-end,1.5,0
Other,279996.5,Intel,No,4,4,LED,Intel,0,Intel I5,Small,Entry-level,2.5,128
Lenovo,184870.0,Intel,No,8,4,LED,Intel,1024,Intel I5,Small,Entry-level,1.0,256
Lenovo,146965.0,Intel,Yes,8,4,LED,Intel,1024,Intel I5,Small,Entry-level,1.5,0
HP,87195.5,AMD,No,4,4,LED,AMD,1024,AMD A-Series,Small,Entry-level,2.5,0
HP,115465.0,Intel,No,4,4,LED,Intel,1024,Intel I3,Small,Entry-level,2.0,0
Acer,146650.0,Intel,Yes,8,4,LED,NVIDIA,1024,Intel I5,Small,Low-end,2.5,0
Lenovo,163779.0,Intel,No,8,4,LED,NVIDIA,1024,Intel I5,Small,Mid-end,2.5,0
Lenovo,122465.0,Intel,No,4,4,LED,Intel,0,Intel I3,Small,Entry-level,2.0,256
ASUS,171465.0,Intel,No,8,4,LCD,Intel,0,Intel I5,Small,Entry-level,1.5,512
Dell,251965.0,AMD,Yes,8,4,LCD,NVIDIA,0,AMD Ryzen 5,Small,Mid-end,3.5,512
Lenovo,224700.0,Intel,No,8,4,LED,Intel,0,Intel I5,Small,Entry-level,1.5,256
Lenovo,206465.0,Intel,No,8,4,LED,Intel,0,Intel I5,Small,Low-end,2.5,512
Acer,139996.5,AMD,No,4,4,LED,AMD,1024,AMD Athlon,Small,Low-end,2.5,0
Lenovo,69965.0,Intel,No,4,4,LED,Intel,1024,Intel Celeron,Small,Entry-level,2.0,0
Lenovo,97965.0,AMD,No,4,4,LED,AMD,1024,AMD Ryzen 3,Small,Low-end,2.5,0
ASUS,246750.0,Intel,No,8,4,LED,Intel,0,Intel I7,Small,Low-end,3.0,512
Lenovo,139965.0,Intel,No,8,4,LED,Intel,1024,Intel I5,Small,Entry-level,1.5,0
Dell,108465.0,Intel,No,4,4,LED,Intel,1024,Intel I3,Small,Entry-level,1.0,0
ASUS,157465.0,Intel,No,8,4,LED,Intel,1024,Intel I5,Small,Entry-level,1.0,0
HP,286965.0,Intel,No,8,4,LED,NVIDIA,1024,Intel I7,Small,Mid-end,2.5,256
HP,227465.0,Intel,Yes,8,4,LED,Intel,0,Intel I5,Small,Low-end,2.5,512
HP,222743.5,Intel,No,8,4,LED,NVIDIA,0,Intel I5,Small,Mid-end,2.5,512
ASUS,329871.5,Intel,Yes,8,5,LCD,NVIDIA,0,Intel I7,Small,Mid-end,2.5,1024
HP,157150.0,Intel,Yes,4,4,LED,AMD,1024,Intel I5,Small,Mid-end,2.5,0
HP,83965.0,AMD,No,4,3,LED,AMD,1024,AMD A-Series,Small,Entry-level,2.0,0
Other,227465.0,Intel,No,8,4,LED,Intel,0,Intel I5,Small,Low-end,1.0,256
Dell,187215.0,Intel,No,8,4,LED,Intel,0,Intel I5,Small,Low-end,4.0,512
Lenovo,228242.0,Intel,Yes,8,4,LED,NVIDIA,1024,Intel I7,Small,Entry-level,2.5,0
Acer,126514.5,Intel,No,8,4,LED,Intel,1024,Intel I5,Small,Entry-level,1.5,0
ASUS,129465.0,Intel,No,8,4,LED,Intel,1024,Intel I3,Small,Entry-level,1.0,0
ASUS,112689.5,AMD,No,8,4,LED,AMD,1024,AMD Ryzen 5,Small,Low-end,2.0,0
HP,187215.0,Intel,No,4,LP3,LED,Intel,0,Intel I3,Small,Entry-level,2.5,128
ASUS,164496.5,Intel,No,8,4,LED,Intel,0,Intel I3,Small,Entry-level,4.0,512
Dell,222565.0,Intel,No,8,4,LED,NVIDIA,1024,Intel I5,Small,Low-end,4.0,256
HP,88889.5,AMD,No,4,4,LED,AMD,1024,AMD A-Series,Small,Entry-level,2.5,0
Apple,339640.0,Intel,No,8,LP3,LED,Intel,0,Intel I5,Small,Low-end,1.5,128
Lenovo,286965.0,AMD,Yes,16,4,LCD,NVIDIA,0,AMD Ryzen 7,Small,Mid-end,3.0,512
Lenovo,303415.0,Intel,No,16,4,LED,NVIDIA,0,Intel I7,Small,Mid-end,2.5,512
Lenovo,97965.0,Intel,No,4,4,LED,Intel,1024,Intel I3,Small,Entry-level,2.5,0
MSI,125965.0,AMD,Yes,8,4,LCD,AMD,0,AMD Ryzen 5,Small,Entry-level,4.0,256
HP,223163.5,Intel,No,8,4,LED,NVIDIA,1024,Intel I5,Small,Low-end,1.0,256
Acer,279965.0,Intel,Yes,16,4,LED,NVIDIA,1024,Intel I5,Large,Mid-end,2.5,256
Acer,307996.5,Intel,No,8,4,LED,NVIDIA,1024,Intel I7,Small,Mid-end,3.0,128
Lenovo,181965.0,Intel,No,8,4,LED,Intel,0,Intel I5,Small,Low-end,1.0,512
MSI,192465.0,Intel,No,8,4,LED,Intel,0,Intel I5,Small,Low-end,2.5,512
ASUS,173848.5,Intel,No,16,4,LCD,Intel,1024,Intel I5,Large,Low-end,2.5,256
Acer,62965.0,AMD,No,4,3,LED,Intel,1024,AMD Other,Small,Entry-level,2.0,0
Other,136465.0,Intel,No,16,4,LED,Intel,0,Intel I7,Small,Entry-level,2.0,1024
MSI,355778.5,Intel,No,16,4,LED,NVIDIA,0,Intel I7,Small,High-end,3.0,1024
Dell,363279.0,Intel,Yes,16,4,LED,NVIDIA,0,Intel I7,Small,Mid-end,2.5,512
Lenovo,192479.0,Intel,No,8,4,LED,Intel,0,Intel I5,Small,Low-end,2.5,512
MSI,151308.5,Intel,No,8,4,LED,Intel,0,Intel I5,Small,Entry-level,2.5,512
ASUS,97996.5,Intel,No,4,4,LED,Intel,1024,Intel Celeron,Small,Entry-level,1.0,0
Apple,392140.0,Intel,No,8,LP3,LED,Intel,0,Intel I5,Small,Low-end,2.5,256
Lenovo,199465.0,Intel,No,8,4,LED,NVIDIA,0,Intel I5,Small,Low-end,1.5,512
Lenovo,355215.0,Intel,No,16,4,LED,Intel,0,Intel I7,Small,Low-end,3.0,512
Dell,209265.0,AMD,Yes,8,4,LED,AMD,0,AMD Ryzen 5,Small,Low-end,2.5,512
HP,222229.0,AMD,Yes,8,4,LED,NVIDIA,1024,AMD Ryzen 5,Small,Mid-end,3.0,256
Lenovo,231000.0,Intel,Yes,8,4,LED,Intel,0,Intel I3,Small,Entry-level,1.0,512
ASUS,112700.0,AMD,Yes,4,4,LED,AMD,0,AMD Ryzen 3,Small,Entry-level,2.5,256
HP,150115.0,Intel,Yes,4,4,LED,AMD,1024,Intel I5,Small,Low-end,1.5,0
Dell,124250.0,Intel,Yes,4,4,LCD,Intel,0,Intel Pentium,Small,Entry-level,1.0,256
Lenovo,131215.0,Intel,Yes,8,4,LCD,Intel,1024,Intel I3,Small,Entry-level,3.0,256
HP,85172.5,AMD,Yes,4,3,LED,AMD,1024,AMD Other,Small,Entry-level,1.5,0
Other,515900.0,Intel,No,16,3,LED,Intel,0,Intel I7,Small,Low-end,2.5,512
HP,97965.0,AMD,No,8,4,LCD,AMD,1024,AMD Ryzen 3,Small,Entry-level,3.5,0
Lenovo,74165.0,AMD,No,4,4,LED,AMD,1024,AMD Other,Small,Entry-level,2.0,0
Other,185465.0,Intel,Yes,8,4,LED,Intel,0,Intel I5,Small,Entry-level,1.5,256
ASUS,73465.0,Intel,Yes,4,4,LED,Intel,1024,Intel Celeron,Small,Entry-level,1.0,0
Lenovo,87465.0,Intel,No,4,4,LED,Intel,1024,Intel I3,Small,Entry-level,2.5,0
ASUS,101465.0,AMD,No,4,4,LED,AMD,1024,AMD A-Series,Small,Entry-level,3.0,0
ASUS,297465.0,Intel,Yes,16,5,LCD,NVIDIA,0,Intel I5,Large,Mid-end,4.5,512
Dell,173215.0,Intel,Yes,8,4,LED,NVIDIA,1024,Intel I5,Small,Low-end,2.5,256
Dell,237965.0,Intel,Yes,4,4,LED,Intel,1024,Intel I3,Small,Entry-level,2.0,256
HP,95182.5,AMD,No,4,4,LED,AMD,1024,AMD Athlon,Small,Low-end,2.5,0
Dell,103565.0,AMD,Yes,4,4,LED,AMD,1024,AMD Ryzen 3,Small,Low-end,2.5,0
HP,251965.0,Intel,Yes,8,4,LED,NVIDIA,1024,Intel I5,Small,Mid-end,2.5,256
Dell,151011.0,Intel,No,8,4,LED,Intel,0,Intel I3,Small,Entry-level,4.0,256
HP,99715.0,Intel,No,4,4,LED,Intel,1024,Intel I3,Small,Entry-level,2.5,0
ASUS,83965.0,Intel,No,4,4,LED,Intel,0,Intel Celeron,Small,Entry-level,1.0,256
Lenovo,157465.0,Intel,Yes,4,4,LED,NVIDIA,1024,Intel I5,Small,Low-end,2.5,0
HP,258965.0,Intel,No,8,4,LED,Intel,1024,Intel I5,Small,Entry-level,1.5,256
Acer,171146.5,Intel,No,8,4,LCD,Intel,0,Intel I5,Small,Low-end,2.5,512
Dell,223965.0,Intel,Yes,16,4,LED,Intel,0,Intel I5,Small,Low-end,2.5,512
Acer,183508.5,Intel,Yes,8,4,LED,NVIDIA,0,Intel I7,Small,Mid-end,2.5,512
Lenovo,115244.5,Intel,Yes,4,4,LED,Intel,1024,Intel I5,Small,Entry-level,1.0,0
Apple,755965.0,Intel,No,16,4,LED,AMD,0,Intel I9,Large,Entry-level,2.5,1024
ASUS,223965.0,Intel,No,8,4,LED,Intel,0,Intel I5,Small,Low-end,4.0,512
Other,149765.0,Intel,No,8,3,LED,Intel,0,Intel I5,Small,Entry-level,1.0,128
Lenovo,255465.0,AMD,No,16,4,LED,NVIDIA,0,AMD Ryzen 7,Small,Mid-end,3.5,512
ASUS,184765.0,Intel,Yes,8,4,LED,NVIDIA,1024,Intel I5,Small,Low-end,1.5,0
Lenovo,176424.5,Intel,No,8,4,LED,NVIDIA,1024,Intel I5,Small,Low-end,2.5,256
Lenovo,242560.5,Intel,Yes,8,4,LED,NVIDIA,1024,Intel I5,Small,Low-end,1.5,256
HP,381465.0,Intel,Yes,16,4,LED,NVIDIA,1024,Intel I7,Small,Mid-end,2.0,128
MSI,234465.0,Intel,Yes,8,4,LCD,Intel,0,Intel I5,Small,Entry-level,2.5,512
HP,83832.0,Intel,No,4,3,LED,Intel,1024,Intel Pentium,Small,Entry-level,1.5,0
ASUS,314132.0,AMD,No,16,4,LED,NVIDIA,0,AMD Ryzen 5,Small,Mid-end,3.0,512
HP,287934.5,Intel,No,8,4,LED,NVIDIA,1024,Intel I5,Small,Mid-end,2.5,0
Lenovo,199465.0,Intel,No,8,4,LED,NVIDIA,1024,Intel I5,Small,Mid-end,2.5,0
ASUS,122465.0,AMD,No,4,4,LED,AMD,0,AMD Ryzen 5,Small,Low-end,2.0,256
ASUS,174965.0,Intel,Yes,8,4,LED,NVIDIA,1024,Intel I5,Small,Low-end,1.5,128
Lenovo,108465.0,AMD,Yes,4,4,LED,AMD,1024,AMD Ryzen 3,Small,Entry-level,2.5,0
HP,409293.5,Intel,No,8,4,LED,NVIDIA,1024,Intel I7,Small,Mid-end,2.0,128
Dell,174965.0,Intel,No,8,4,LED,NVIDIA,0,Intel I5,Small,Low-end,2.5,512
ASUS,195965.0,Intel,No,16,4,LED,NVIDIA,1024,Intel I7,Small,Mid-end,5.0,256
ASUS,563167.5,Intel,No,16,4,LED,Intel,0,Intel I7,Small,Entry-level,2.0,512
Lenovo,139965.0,AMD,No,8,4,LED,AMD,0,AMD Ryzen 5,Small,Low-end,2.0,512
ASUS,238000.0,Intel,Yes,8,4,LED,NVIDIA,1024,Intel I7,Small,Low-end,2.5,0
ASUS,147315.0,Intel,Yes,8,4,LED,NVIDIA,1024,Intel I5,Small,Low-end,2.5,0
Acer,279965.0,Intel,Yes,8,4,LED,NVIDIA,1024,Intel I5,Small,Mid-end,2.5,256
HP,188226.5,Intel,No,8,4,LED,Intel,1024,Intel I5,Small,Entry-level,1.0,0
Lenovo,146965.0,AMD,Yes,8,4,LCD,AMD,0,AMD Ryzen 3,Small,Entry-level,2.5,512
Lenovo,173848.5,Intel,Yes,8,4,LCD,Intel,0,Intel I5,Small,Low-end,4.0,512
ASUS,160965.0,Intel,No,8,4,LED,Intel,0,Intel I5,Small,Entry-level,1.5,512
ASUS,69965.0,Intel,No,4,4,LED,Intel,500,Intel Celeron,Small,Entry-level,1.0,0
ASUS,142250.5,AMD,No,8,4,LCD,AMD,0,AMD Ryzen 5,Small,Entry-level,4.0,512
ASUS,201596.5,Intel,No,8,LP3,LED,Intel,0,Intel I5,Small,Entry-level,1.5,512
ASUS,97965.0,AMD,Yes,8,4,LED,AMD,0,AMD A-Series,Small,Entry-level,2.5,512
Lenovo,227496.5,Intel,Yes,16,LP4,LCD,Intel,0,Intel I5,Small,Low-end,3.0,512
Lenovo,258965.0,Intel,Yes,8,4,LED,NVIDIA,0,Intel I7,Small,Mid-end,2.5,512
HP,241465.0,Intel,No,8,4,LED,Intel,0,Intel I5,Small,Entry-level,1.0,512
ASUS,136395.0,Intel,No,8,4,LED,Intel,1024,Intel I5,Small,Entry-level,1.5,0
HP,241465.0,Intel,No,16,4,LCD,Intel,0,Intel I5,Small,Low-end,4.5,512
ASUS,234465.0,Intel,Yes,8,4,LED,NVIDIA,1024,Intel I7,Small,Low-end,2.0,0
ASUS,224000.0,Intel,Yes,8,4,LED,NVIDIA,1024,Intel I5,Small,Low-end,1.5,256
Dell,284865.0,Intel,Yes,16,4,LCD,NVIDIA,0,Intel I5,Small,Mid-end,2.0,512
HP,111639.5,AMD,No,4,4,LED,AMD,1024,AMD Ryzen 3,Small,Low-end,2.5,256
ASUS,213496.5,AMD,No,8,4,LED,AMD,0,AMD Ryzen 5,Small,Low-end,2.0,512
Acer,90965.0,Intel,Yes,4,4,LED,Intel,1024,Intel I3,Small,Entry-level,2.5,0
Dell,97965.0,Intel,Yes,4,3,LED,Intel,1024,Intel I3,Small,Entry-level,2.5,0
HP,152250.0,Intel,No,8,4,LED,Intel,1024,Intel I3,Small,Entry-level,2.0,0
HP,224000.0,AMD,No,16,4,LED,AMD,0,AMD Ryzen 5,Small,Entry-level,4.0,512
Acer,328230.0,Intel,Yes,8,4,LED,NVIDIA,1024,Intel I7,Small,Mid-end,2.5,256
Lenovo,78715.0,Intel,No,4,4,LED,Intel,1024,Intel Pentium,Small,Entry-level,1.0,0
HP,234500.0,Intel,No,8,4,LED,NVIDIA,0,Intel I5,Small,Mid-end,2.5,512
ASUS,127270.5,Intel,No,4,4,LED,Intel,1024,Intel I3,Small,Entry-level,2.0,0
Other,409465.0,Intel,No,8,3,LED,Intel,0,Intel I5,Small,Entry-level,1.5,256
ASUS,160328.0,Intel,No,8,4,LED,Intel,1024,Intel I5,Small,Entry-level,1.0,0
Other,165196.5,AMD,No,8,4,LED,AMD,0,AMD Ryzen 7,Small,Low-end,2.5,512
ASUS,349965.0,Intel,No,16,4,LED,NVIDIA,0,Intel I7,Small,Mid-end,2.5,1024
ASUS,108465.0,AMD,Yes,4,4,LED,AMD,1024,AMD A-Series,Small,Entry-level,2.0,0
HP,199468.5,Intel,No,8,4,LED,NVIDIA,1024,Intel I5,Small,Mid-end,2.5,0
ASUS,258965.0,Intel,No,8,4,LED,NVIDIA,0,Intel I5,Large,Mid-end,2.5,512
ASUS,144165.0,Intel,Yes,8,4,LED,NVIDIA,1024,Intel I5,Small,Low-end,1.5,0
Dell,156992.5,AMD,Yes,8,4,LED,AMD,0,AMD Ryzen 5,Small,Low-end,2.0,512
Lenovo,97965.0,AMD,No,4,4,LED,AMD,0,AMD Athlon,Small,Entry-level,2.5,256
ASUS,241465.0,Intel,No,16,4,LED,Intel,1024,Intel I5,Small,Entry-level,4.0,256
Dell,73465.0,Intel,Yes,4,4,LED,Intel,1024,Intel Celeron,Small,Entry-level,2.0,0
ASUS,202965.0,AMD,No,8,4,LED,AMD,0,AMD Ryzen 5,Small,Low-end,4.0,512
Lenovo,181615.0,Intel,No,4,4,LED,Intel,1024,Intel I5,Small,Entry-level,2.5,0
Apple,524965.0,Intel,Yes,8,LP3,LED,Intel,0,Intel I5,Small,Low-end,2.5,512
Lenovo,126665.0,Intel,No,4,4,LED,Intel,1024,Intel I3,Small,Entry-level,2.0,0
Dell,69965.0,Intel,No,4,3,LED,Intel,500,Intel Celeron,Small,Entry-level,1.5,0
ASUS,384965.0,Intel,Yes,16,4,LED,NVIDIA,0,Intel I7,Small,Mid-end,2.5,1024
Acer,209961.5,Intel,Yes,16,4,LED,Intel,0,Intel I5,Small,Low-end,2.5,512
HP,897410.5,Intel,No,16,4,LED,NVIDIA,1024,Intel I7,Large,High-end,2.5,256
HP,174300.0,Intel,No,8,4,LED,Intel,1024,Intel I3,Small,Entry-level,1.0,256
ASUS,158410.0,Intel,No,8,4,LED,NVIDIA,1024,Intel I5,Small,Low-end,2.5,256
Lenovo,155750.0,AMD,No,4,4,LED,AMD,1024,AMD Ryzen 5,Small,Low-end,2.0,0
Dell,166215.0,Intel,No,4,4,LED,Intel,0,Intel I3,Small,Entry-level,4.0,256
Dell,339465.0,Intel,Yes,16,4,LED,Intel,0,Intel I7,Small,Entry-level,2.0,512
MSI,227048.5,Intel,Yes,16,4,LCD,NVIDIA,0,Intel I7,Small,Mid-end,4.5,512
HP,215215.0,AMD,No,8,4,LED,AMD,1024,AMD Ryzen 5,Small,Low-end,2.0,128
Acer,67620.0,AMD,Yes,4,4,LED,AMD,1024,AMD A-Series,Small,Entry-level,1.5,0
Acer,135604.0,Intel,No,4,4,LED,Intel,0,Intel I3,Small,Entry-level,2.0,256
Lenovo,118965.0,Intel,Yes,4,4,LED,Intel,0,Intel I3,Small,Entry-level,1.0,256
Acer,115465.0,Intel,No,8,4,LCD,Intel,0,Intel I3,Small,Entry-level,2.0,512
Dell,178465.0,Intel,Yes,8,4,LED,NVIDIA,1024,Intel I5,Small,Low-end,2.5,256
ASUS,197715.0,Intel,No,8,4,LCD,Intel,0,Intel I5,Small,Entry-level,1.5,512
HP,73465.0,AMD,No,4,3,LED,AMD,500,AMD Other,Small,Entry-level,2.0,0
ASUS,317065.0,AMD,No,8,4,LED,NVIDIA,0,AMD Ryzen 7,Small,Mid-end,3.0,512
HP,118296.5,AMD,No,4,4,LED,AMD,1024,AMD A-Series,Small,Mid-end,2.5,0
ASUS,122465.0,Intel,Yes,4,3,LED,NVIDIA,1024,Intel I5,Small,Low-end,2.5,0
HP,116984.0,Intel,Yes,4,3,LED,Intel,500,Intel Pentium,Small,Entry-level,1.5,0
Lenovo,68876.5,AMD,No,4,4,LED,AMD,1024,AMD Athlon,Small,Entry-level,2.5,0
MSI,188965.0,Intel,Yes,4,4,LED,NVIDIA,1024,Intel I7,Small,Entry-level,2.5,0
ASUS,132965.0,Intel,No,8,4,LCD,Intel,0,Intel I3,Small,Entry-level,3.5,512
Other,349965.0,Intel,No,8,3,LCD,Intel,0,Intel I5,Small,Entry-level,2.5,256
ASUS,79824.5,Intel,No,4,4,LED,Intel,1024,Intel I3,Small,Entry-level,2.0,0
ASUS,150465.0,Intel,Yes,4,3,LED,NVIDIA,1024,Intel I5,Small,Entry-level,2.5,0
Lenovo,185115.0,AMD,Yes,8,4,LED,AMD,1024,AMD Ryzen 3,Small,Low-end,2.5,128
ASUS,295750.0,Intel,No,16,4,LED,NVIDIA,0,Intel I7,Large,Mid-end,2.5,512
HP,78715.0,AMD,No,4,3,LED,AMD,500,AMD A-Series,Small,Entry-level,2.0,0
ASUS,131215.0,AMD,Yes,8,4,LED,AMD,1024,AMD Ryzen 5,Small,Low-end,2.0,256
ASUS,206465.0,Intel,No,8,4,LED,Intel,0,Intel I5,Small,Entry-level,1.0,1024
Other,270896.5,Intel,No,4,3,LED,Intel,0,Intel Other,Small,Entry-level,2.0,128
ASUS,114236.5,Intel,Yes,4,4,LED,NVIDIA,1024,Intel I3,Small,Entry-level,2.0,0
ASUS,101500.0,Intel,No,4,3,LED,Intel,1024,Intel I3,Small,Entry-level,2.0,0
ASUS,202965.0,AMD,Yes,8,4,LED,AMD,1024,AMD Ryzen 5,Small,Entry-level,2.0,256
ASUS,164465.0,Intel,No,8,4,LED,Intel,0,Intel I5,Small,Entry-level,1.0,256
ASUS,325465.0,Intel,Yes,16,4,LED,NVIDIA,0,Intel I7,Small,Mid-end,2.5,1024
Other,409496.5,Intel,No,8,3,LCD,Intel,0,Intel I7,Small,Entry-level,2.0,256
ASUS,154959.0,AMD,Yes,8,4,LED,AMD,0,AMD Ryzen 5,Small,Low-end,2.0,512
ASUS,251965.0,Intel,No,8,4,LED,NVIDIA,0,Intel I5,Large,Mid-end,2.5,512
ASUS,304465.0,Intel,No,16,LP5,LED,NVIDIA,0,Intel I5,Small,Mid-end,2.0,512
HP,148400.0,Intel,Yes,4,4,LED,AMD,1024,Intel I5,Small,Mid-end,2.5,0
ASUS,147000.0,Intel,No,4,3,LED,NVIDIA,1024,Intel I3,Small,Entry-level,2.0,0
Apple,720650.0,Intel,No,16,LP3,LED,AMD,0,Intel I7,Small,Entry-level,2.5,256
HP,137865.0,Intel,Yes,4,3,LED,AMD,500,Intel I3,Small,Mid-end,1.5,0
MSI,134365.0,Intel,No,8,4,LED,Intel,0,Intel I3,Small,Entry-level,2.0,512
ASUS,118965.0,Intel,Yes,4,4,LED,Intel,0,Intel I3,Small,Entry-level,2.0,256
HP,146300.0,Intel,Yes,4,3,LED,NVIDIA,1024,Intel I5,Small,Entry-level,2.0,0
ASUS,332465.0,Intel,Yes,8,4,LED,NVIDIA,0,Intel I7,Small,Mid-end,2.5,1024
Dell,169050.0,Intel,Yes,4,3,LED,AMD,1024,Intel I5,Small,Mid-end,1.5,0
HP,68246.5,AMD,Yes,4,3,LED,AMD,500,AMD Other,Small,Entry-level,1.5,0
Lenovo,110215.0,Intel,Yes,4,4,LCD,Intel,0,Intel I3,Small,Entry-level,1.0,256
HP,353727.5,Intel,No,8,4,LED,Intel,0,Intel I5,Small,Entry-level,1.0,512
HP,174965.0,Intel,No,8,4,LED,Intel,0,Intel I5,Small,Entry-level,1.5,256
HP,165865.0,Intel,Yes,8,3,LED,NVIDIA,1024,Intel I3,Small,Entry-level,2.0,0
Acer,129496.5,Intel,No,4,4,LED,Intel,0,Intel I3,Small,Entry-level,2.0,128
ASUS,517965.0,AMD,No,16,3,LED,NVIDIA,0,AMD Ryzen 7,Small,Mid-end,3.5,1024
HP,160965.0,Intel,No,4,3,LED,AMD,1024,Intel I5,Small,Mid-end,1.5,0
MSI,489965.0,Intel,Yes,16,4,LED,NVIDIA,1024,Intel I7,Small,Mid-end,3.0,256
HP,155543.5,Intel,No,4,4,LED,Intel,0,Intel I3,Small,Entry-level,2.0,256
HP,129465.0,Intel,Yes,4,3,LED,Intel,500,Intel I3,Small,Entry-level,2.0,0
HP,104965.0,Intel,No,4,4,LED,Intel,1024,Intel I3,Small,Entry-level,2.0,0
HP,185465.0,Intel,Yes,8,3,LED,NVIDIA,1024,Intel I5,Small,Entry-level,2.0,0
HP,137515.0,Intel,Yes,4,3,LED,Intel,500,Intel I3,Small,Entry-level,2.5,0
HP,244965.0,Intel,No,8,4,LED,NVIDIA,1024,Intel I7,Small,Entry-level,2.5,0
HP,174965.0,Intel,Yes,4,3,LED,NVIDIA,1024,Intel I5,Small,Entry-level,2.0,0
Acer,234115.0,AMD,No,8,4,LED,NVIDIA,1024,AMD Ryzen 7,Small,Mid-end,2.5,256
HP,270039.0,Intel,No,4,4,LED,Intel,0,Intel I3,Small,Entry-level,2.0,128
ASUS,475615.0,AMD,No,16,4,LCD,NVIDIA,0,AMD Ryzen 9,Small,Mid-end,4.5,1024
ASUS,158459.0,Intel,Yes,4,4,LED,NVIDIA,1024,Intel I5,Small,Low-end,2.5,0
Dell,263182.5,Intel,No,8,4,LED,Intel,1024,Intel I7,Small,Entry-level,2.5,0
HP,188338.5,Intel,Yes,8,3,LED,NVIDIA,1024,Intel I5,Small,Entry-level,2.0,0
HP,181244.0,Intel,No,4,3,LED,NVIDIA,1024,Intel I5,Small,Low-end,1.5,0
HP,271215.0,Intel,Yes,8,3,LED,NVIDIA,1024,Intel I7,Small,Low-end,2.5,0
Lenovo,209268.5,Intel,No,8,4,LED,Intel,0,Intel I3,Small,Entry-level,1.5,512
HP,139615.0,Intel,Yes,4,3,LED,Intel,1024,Intel I5,Small,Entry-level,2.0,0
ASUS,577465.0,AMD,No,16,4,LED,NVIDIA,0,AMD Ryzen 9,Small,Mid-end,3.0,1024
HP,1747805.5,Intel,No,16,4,LED,NVIDIA,0,Intel I7,Large,High-end,2.5,512
MSI,325465.0,Intel,Yes,8,4,LED,NVIDIA,1024,Intel I7,Small,Mid-end,3.0,128
MSI,216965.0,Intel,No,8,4,LED,NVIDIA,0,Intel I7,Small,Low-end,4.5,512
Dell,156212.0,Intel,Yes,8,4,LED,Intel,0,Intel I5,Small,Low-end,2.5,512
HP,127365.0,Intel,Yes,4,3,LED,Intel,500,Intel I3,Small,Entry-level,1.5,0
ASUS,206465.0,Intel,No,8,LP4,LED,Intel,0,Intel I5,Small,Entry-level,1.0,512
Other,780496.5,Intel,No,16,3,LED,NVIDIA,0,Intel I7,Small,Mid-end,2.0,512
ASUS,419650.0,AMD,No,16,4,LED,NVIDIA,0,AMD Ryzen 7,Small,Mid-end,3.0,1024
Lenovo,209965.0,Intel,No,8,4,LED,Intel,1024,Intel I5,Small,Entry-level,1.5,128
ASUS,297465.0,Intel,Yes,16,4,LED,NVIDIA,0,Intel I5,Small,Mid-end,3.0,512
ASUS,141400.0,Intel,Yes,4,3,LED,NVIDIA,500,Intel I5,Small,Low-end,1.5,0
ASUS,804965.0,AMD,Yes,32,4,LED,NVIDIA,0,AMD Ryzen 9,Small,High-end,3.0,1024
HP,507465.0,Intel,No,16,4,LED,NVIDIA,1024,Intel I7,Large,Mid-end,3.0,128
ASUS,472465.0,AMD,Yes,16,4,LED,AMD,1024,AMD Ryzen 7,Large,Mid-end,3.0,256
MSI,370965.0,Intel,No,16,4,LCD,NVIDIA,0,Intel I7,Small,Mid-end,4.5,1024
MSI,542465.0,Intel,No,16,4,LED,NVIDIA,0,Intel I7,Small,Mid-end,2.0,1024
ASUS,440965.0,AMD,Yes,16,5,LCD,NVIDIA,0,AMD Ryzen 7,Large,Mid-end,4.5,1024
ASUS,699965.0,AMD,Yes,16,4,LED,NVIDIA,0,AMD Ryzen 9,Small,High-end,3.5,1024
ASUS,412485.5,AMD,No,16,4,LED,NVIDIA,0,AMD Ryzen 9,Small,Mid-end,3.5,1024
Acer,122465.0,Intel,No,4,4,LED,Intel,1024,Intel I3,Small,Entry-level,2.0,0
HP,230965.0,AMD,No,16,4,LED,AMD,0,AMD Ryzen 5,Small,Entry-level,4.0,512
Lenovo,103915.0,Intel,No,4,4,LED,Intel,1024,Intel I3,Small,Entry-level,2.5,0
ASUS,244615.0,AMD,No,8,4,LED,AMD,0,AMD Ryzen 7,Small,Entry-level,2.0,512
Other,286923.0,Intel,No,32,LP5,LCD,Intel,0,Intel I9,Small,Low-end,3.5,1024
Dell,200865.0,Intel,No,4,4,LED,Intel,0,Intel I3,Small,Entry-level,2.0,512
ASUS,248465.0,Intel,No,8,3,LED,Intel,0,Intel I5,Small,Entry-level,1.5,512
ASUS,124215.0,Intel,Yes,4,4,LED,NVIDIA,1024,Intel I5,Small,Low-end,2.5,0
Lenovo,109448.5,Intel,No,4,4,LED,Intel,1024,Intel I3,Small,Entry-level,3.0,0
HP,418600.0,Intel,No,8,LP4,LED,Intel,0,Intel I7,Small,Low-end,1.5,512
HP,125965.0,AMD,No,4,4,LED,AMD,1024,AMD Ryzen 5,Small,Low-end,2.0,0
Acer,213465.0,Intel,No,8,LP4,LED,Intel,0,Intel I5,Small,Low-end,2.5,512
ASUS,244195.0,Intel,No,8,4,LED,NVIDIA,0,Intel I5,Small,Mid-end,2.5,512
Acer,152250.0,Intel,No,4,4,LED,Intel,0,Intel I5,Small,Entry-level,1.5,256
Acer,341932.5,Intel,No,16,4,LED,NVIDIA,0,Intel I7,Small,Mid-end,3.0,1024
HP,85400.0,AMD,No,4,4,LED,AMD,1024,AMD Ryzen 3,Small,Low-end,2.5,0
Lenovo,99715.0,Intel,No,4,4,LED,Intel,1024,Intel I3,Small,Entry-level,2.5,0
Lenovo,76965.0,AMD,No,4,4,LED,AMD,1024,AMD A-Series,Small,Entry-level,3.0,0
Dell,183400.0,Intel,Yes,16,4,LCD,Intel,0,Intel I5,Small,Entry-level,2.5,512
ASUS,283465.0,AMD,No,8,4,LED,NVIDIA,0,AMD Ryzen 5,Small,Mid-end,3.0,512
HP,194215.0,Intel,No,8,4,LED,NVIDIA,1024,Intel I5,Small,Low-end,1.5,0
HP,398965.0,AMD,Yes,16,5,LCD,NVIDIA,0,AMD Ryzen 7,Large,Mid-end,5.0,1024
HP,121842.0,Intel,No,4,4,LED,Intel,1024,Intel Pentium,Small,Entry-level,1.0,0
Dell,225204.0,Intel,Yes,8,LP4,LED,Intel,0,Intel I5,Small,Low-end,4.0,512
ASUS,181965.0,Intel,Yes,8,4,LED,NVIDIA,1024,Intel I7,Small,Entry-level,2.5,0
ASUS,66500.0,Intel,No,4,3,LED,Intel,500,Intel Pentium,Small,Entry-level,1.5,0
Acer,178465.0,Intel,No,4,3,LED,Intel,0,Intel I3,Small,Entry-level,2.5,128
Acer,220479.0,Intel,No,8,4,LED,Intel,0,Intel I5,Small,Low-end,4.0,512
ASUS,134715.0,Intel,Yes,8,4,LCD,Intel,1024,Intel I5,Small,Entry-level,1.0,0
Lenovo,73465.0,AMD,No,4,4,LED,AMD,1024,AMD A-Series,Small,Entry-level,2.5,0
ASUS,97965.0,Intel,Yes,4,4,LED,Intel,1024,Intel I3,Small,Entry-level,2.0,0
Lenovo,297465.0,Intel,No,16,4,LED,Intel,0,Intel I7,Small,Low-end,3.0,512
Lenovo,188965.0,Intel,No,8,4,LED,NVIDIA,1024,Intel I5,Small,Mid-end,2.0,0
ASUS,286965.0,Intel,Yes,8,4,LED,Intel,0,Intel I7,Small,Entry-level,2.0,256
HP,272982.5,Intel,No,8,LP3,LED,Intel,0,Intel I5,Small,Entry-level,1.5,256
ASUS,110215.0,Intel,Yes,8,4,LED,Intel,1024,Intel I3,Small,Entry-level,2.5,0
ASUS,97611.5,Intel,No,4,4,LED,Intel,1024,Intel Celeron,Small,Entry-level,1.0,0
Lenovo,231000.0,Intel,Yes,8,4,LED,Intel,0,Intel I3,Small,Entry-level,2.0,512
Dell,192465.0,Intel,No,8,4,LED,Intel,0,Intel I5,Small,Entry-level,2.5,512
ASUS,160965.0,AMD,No,8,4,LED,AMD,1024,AMD Ryzen 5,Small,Low-end,2.0,0
HP,140602.0,Intel,No,8,4,LED,NVIDIA,1024,Intel I3,Small,Low-end,2.5,0
Acer,280413.0,Intel,Yes,8,4,LED,NVIDIA,1024,Intel I7,Small,Mid-end,3.0,128
Acer,174965.0,Intel,Yes,8,4,LED,NVIDIA,1024,Intel I5,Small,Low-end,1.5,0
HP,101465.0,Intel,No,4,4,LED,Intel,1024,Intel I3,Small,Entry-level,2.0,0
Lenovo,108465.0,Intel,No,4,4,LED,Intel,1024,Intel I3,Small,Entry-level,1.0,0
Acer,204715.0,Intel,Yes,16,4,LED,Intel,0,Intel I5,Small,Mid-end,4.0,512
Acer,146965.0,Intel,No,4,3,LED,Intel,0,Intel I5,Small,Entry-level,2.5,256
ASUS,174965.0,Intel,Yes,8,4,LED,NVIDIA,1024,Intel I5,Small,Mid-end,2.5,256
ASUS,84507.5,Intel,No,4,4,LED,Intel,1024,Intel Pentium,Small,Entry-level,1.0,0
Lenovo,157465.0,Intel,No,4,4,LED,Intel,0,Intel I3,Small,Entry-level,3.0,256
Acer,129465.0,Intel,Yes,4,4,LED,Intel,500,Intel I3,Small,Entry-level,2.5,0
Dell,231892.5,Intel,Yes,8,4,LED,NVIDIA,1024,Intel I5,Small,Low-end,2.5,256
Lenovo,136850.0,Intel,No,8,4,LED,Intel,1024,Intel I3,Small,Entry-level,1.0,0
Lenovo,92704.5,AMD,No,4,4,LED,AMD,1024,AMD Ryzen 3,Small,Entry-level,2.5,0
MSI,279965.0,Intel,No,8,4,LED,NVIDIA,0,Intel I5,Small,Low-end,1.5,512
ASUS,122465.0,Intel,Yes,4,4,LED,NVIDIA,1024,Intel I3,Small,Low-end,2.5,0
ASUS,367496.5,Intel,No,16,LP4,LED,Intel,0,Intel I7,Small,Low-end,3.0,1024
ASUS,275842.0,Intel,No,8,4,LED,NVIDIA,0,Intel I7,Small,Low-end,4.0,512
Lenovo,248465.0,Intel,No,16,4,LED,NVIDIA,0,Intel I5,Small,Low-end,2.5,512
HP,267365.0,Intel,No,8,4,LED,NVIDIA,1024,Intel I5,Large,Mid-end,2.5,0
Lenovo,87465.0,AMD,No,4,4,LED,AMD,1024,AMD A-Series,Small,Entry-level,3.0,0
Lenovo,203777.0,Intel,No,8,4,LED,Intel,0,Intel I5,Small,Entry-level,2.5,512
ASUS,187215.0,Intel,No,8,4,LED,Intel,0,Intel I5,Small,Low-end,2.5,512
Other,227465.0,Intel,No,16,LP5,LCD,NVIDIA,0,Intel I5,Large,Mid-end,2.0,512
ASUS,248465.0,Intel,No,16,4,LCD,Intel,0,Intel I5,Small,Low-end,2.5,512
MSI,405965.0,Intel,No,16,4,LCD,NVIDIA,0,Intel I7,Small,Mid-end,4.5,512
Lenovo,82250.0,Intel,Yes,4,4,LED,Intel,1024,Intel I3,Small,Entry-level,2.5,0
Lenovo,278071.5,Intel,No,16,4,LED,Intel,0,Intel I5,Small,Low-end,2.5,1024
HP,212243.5,AMD,No,4,4,LED,AMD,0,AMD Ryzen 3,Small,Entry-level,2.5,256
Dell,178465.0,Intel,Yes,8,4,LED,AMD,1024,Intel I5,Small,Low-end,1.5,0
Acer,62965.0,Intel,Yes,8,4,LCD,Intel,0,Intel Celeron,Small,Entry-level,1.0,256
ASUS,244650.0,Intel,No,16,LP5,LED,Intel,0,Intel I5,Small,Low-end,1.5,512
HP,202380.5,Intel,No,4,4,LED,Intel,1024,Intel I3,Small,Entry-level,2.0,256
ASUS,315000.0,Intel,Yes,16,5,LCD,NVIDIA,0,Intel I5,Large,Mid-end,2.5,512
HP,402465.0,Intel,No,16,4,LED,NVIDIA,0,Intel I7,Small,Entry-level,2.5,1024
ASUS,157500.0,Intel,Yes,4,4,LED,NVIDIA,1024,Intel I5,Small,Low-end,2.5,0
HP,128590.0,Intel,No,4,4,LED,AMD,1024,Intel I5,Small,Low-end,2.5,0
ASUS,269465.0,AMD,No,16,4,LED,NVIDIA,0,AMD Ryzen 7,Small,Mid-end,4.0,1024
ASUS,425215.0,Intel,Yes,16,4,LED,NVIDIA,1024,Intel I7,Small,Mid-end,2.5,256
Dell,243229.0,Intel,Yes,8,4,LED,NVIDIA,1024,Intel I5,Small,Low-end,1.5,128
Acer,218750.0,Intel,No,16,4,LED,Intel,0,Intel I7,Small,Low-end,3.0,1024
MSI,472465.0,Intel,No,16,4,LCD,NVIDIA,0,Intel I7,Small,High-end,2.5,1024
HP,241465.0,AMD,No,16,4,LED,AMD,0,AMD Ryzen 5,Small,Entry-level,4.0,512
Acer,150496.5,Intel,No,8,4,LED,Intel,0,Intel I5,Small,Low-end,4.0,512
ASUS,454268.5,Intel,Yes,16,4,LED,NVIDIA,1024,Intel I7,Small,Mid-end,2.0,256
Lenovo,283465.0,AMD,No,16,4,LCD,NVIDIA,0,AMD Ryzen 7,Small,Mid-end,3.5,512
Lenovo,202093.5,Intel,No,8,4,LED,Intel,0,Intel I5,Small,Entry-level,1.5,512
HP,448665.0,Intel,No,16,4,LED,NVIDIA,0,Intel I7,Small,Mid-end,2.5,1024
ASUS,272965.0,Intel,Yes,8,4,LED,Intel,1024,Intel I7,Small,Entry-level,2.0,256
HP,108465.0,Intel,No,4,4,LED,Intel,1024,Intel I3,Small,Entry-level,2.5,0
HP,104965.0,Intel,No,4,4,LED,Intel,0,Intel I3,Small,Entry-level,4.0,256
Dell,188965.0,Intel,Yes,8,4,LED,Intel,1024,Intel I5,Small,Entry-level,1.5,0
ASUS,239750.0,Intel,No,8,LP4,LED,Intel,0,Intel I5,Small,Low-end,4.0,512
Dell,314965.0,AMD,Yes,8,4,LED,AMD,0,AMD Ryzen 5,Small,Mid-end,3.0,512
Lenovo,192465.0,AMD,No,8,4,LED,AMD,0,AMD Ryzen 5,Small,Low-end,2.0,1024
Acer,244965.0,AMD,Yes,4,4,LED,AMD,0,AMD A-Series,Small,Entry-level,2.5,256
ASUS,248465.0,Intel,Yes,8,4,LCD,NVIDIA,0,Intel I5,Small,Mid-end,4.0,512
HP,242865.0,Intel,No,8,4,LED,Intel,0,Intel I5,Small,Entry-level,1.5,256
Lenovo,217000.0,Intel,Yes,8,4,LED,Intel,1024,Intel I5,Small,Entry-level,1.0,256
Other,202965.0,Intel,No,8,4,LCD,NVIDIA,0,Intel I5,Small,Mid-end,2.5,512
ASUS,111965.0,Intel,No,8,4,LED,Intel,1024,Intel I3,Small,Entry-level,2.0,0
Lenovo,76996.5,Intel,No,4,4,LED,Intel,1024,Intel I3,Small,Entry-level,2.5,0
ASUS,332115.0,AMD,No,16,4,LCD,NVIDIA,0,AMD Ryzen 7,Small,Mid-end,4.5,1024
MSI,297465.0,Intel,Yes,16,4,LED,NVIDIA,1024,Intel I7,Small,Mid-end,3.0,0
HP,575207.5,Intel,No,16,4,LED,NVIDIA,1024,Intel I7,Small,Mid-end,2.0,0
MSI,311465.0,Intel,No,16,4,LCD,NVIDIA,0,Intel I7,Large,High-end,4.5,1024
MSI,143465.0,AMD,Yes,16,4,LCD,AMD,0,AMD Ryzen 5,Small,Entry-level,4.0,512
HP,193049.5,Intel,No,8,4,LED,NVIDIA,0,Intel I5,Small,Mid-end,2.5,512
ASUS,113715.0,Intel,No,8,4,LCD,Intel,0,Intel I3,Small,Entry-level,2.0,512
ASUS,283465.0,Intel,No,8,3,LED,NVIDIA,0,Intel I5,Small,Low-end,1.5,512
Lenovo,237996.5,Intel,No,8,4,LED,Intel,0,Intel I5,Small,Entry-level,1.5,512
ASUS,230965.0,Intel,Yes,8,4,LED,NVIDIA,0,Intel I7,Small,Low-end,1.0,512
Lenovo,90965.0,AMD,No,4,4,LED,AMD,1024,AMD A-Series,Small,Low-end,3.0,0
Lenovo,360465.0,Intel,No,16,4,LED,Intel,0,Intel I7,Small,Low-end,3.0,1024
Other,875000.0,Intel,No,16,LP3,LED,NVIDIA,0,Intel I7,Small,Mid-end,2.0,1024
Lenovo,129465.0,Intel,No,8,4,LED,AMD,1024,Intel I3,Small,Low-end,2.5,0
Lenovo,172165.0,Intel,No,8,4,LCD,Intel,0,Intel I3,Large,Entry-level,3.5,512
Acer,122465.0,Intel,No,8,4,LCD,Intel,0,Intel Celeron,Small,Entry-level,1.0,256
Acer,277403.0,Intel,Yes,8,4,LED,NVIDIA,1024,Intel I5,Small,Mid-end,1.5,0
ASUS,195965.0,Intel,No,8,4,LED,NVIDIA,0,Intel I5,Small,Low-end,1.5,512
HP,230996.5,Intel,No,16,4,LED,NVIDIA,0,Intel I5,Small,Low-end,4.0,512
Dell,83965.0,AMD,Yes,4,4,LED,AMD,1024,AMD Other,Small,Entry-level,2.0,0
HP,125965.0,AMD,No,8,4,LCD,AMD,0,AMD Ryzen 3,Small,Entry-level,2.5,256
Acer,62965.0,Intel,Yes,4,4,LCD,Intel,0,Intel Pentium,Small,Entry-level,2.0,256
Lenovo,195996.5,Intel,No,8,4,LED,Intel,0,Intel I3,Small,Entry-level,3.0,256
ASUS,297465.0,Intel,No,16,LP5,LED,Intel,0,Intel I7,Small,Low-end,2.0,512
Dell,139965.0,Intel,Yes,4,4,LED,Intel,1024,Intel I3,Small,Entry-level,1.0,0
Other,80465.0,AMD,No,8,4,LED,AMD,0,AMD A-Series,Small,Entry-level,3.0,256
Lenovo,90772.5,Intel,Yes,4,4,LED,NVIDIA,1024,Intel I3,Small,Low-end,2.5,128
ASUS,384996.5,AMD,No,16,4,LCD,NVIDIA,0,AMD Ryzen 7,Small,Mid-end,4.0,512
Dell,207865.0,Intel,Yes,8,4,LCD,Intel,1024,Intel I5,Small,Low-end,2.5,256
HP,138750.5,Intel,No,4,4,LED,Intel,1024,Intel I3,Small,Entry-level,1.0,0
ASUS,412965.0,Intel,Yes,8,4,LED,NVIDIA,1024,Intel I7,Small,Mid-end,3.0,0
Dell,122465.0,Intel,Yes,8,4,LED,Intel,1024,Intel I3,Small,Entry-level,1.0,0
Acer,79065.0,Intel,Yes,4,4,LCD,Intel,1024,Intel Pentium,Small,Entry-level,3.5,0
HP,179956.0,Intel,No,4,4,LED,AMD,1024,Intel I5,Small,Mid-end,2.5,0
MSI,524650.0,Intel,Yes,16,4,LED,NVIDIA,1024,Intel I7,Small,High-end,2.0,256
Lenovo,163765.0,Intel,Yes,8,4,LCD,Intel,0,Intel I5,Small,Low-end,2.5,512
Lenovo,104965.0,AMD,No,4,4,LED,AMD,1024,AMD A-Series,Small,Entry-level,2.5,0
Lenovo,176214.5,Intel,Yes,4,4,LED,NVIDIA,1024,Intel I5,Small,Low-end,2.5,0
ASUS,104566.0,Intel,Yes,4,4,LED,Intel,1024,Intel I3,Small,Entry-level,2.0,0
Lenovo,270872.0,Intel,No,8,4,LED,NVIDIA,0,Intel I5,Small,Low-end,1.5,512
HP,171500.0,AMD,No,4,4,LED,AMD,1024,AMD A-Series,Small,Entry-level,2.5,0
ASUS,244965.0,Intel,No,8,LP3,LED,NVIDIA,0,Intel I5,Small,Low-end,1.5,512
Dell,209650.0,Intel,Yes,8,4,LED,Intel,0,Intel I5,Small,Entry-level,1.0,512
ASUS,822465.0,Intel,No,32,4,LED,NVIDIA,0,Intel I7,Small,High-end,2.5,1024
ASUS,209965.0,Intel,No,8,LP3,LED,NVIDIA,0,Intel I5,Small,Low-end,1.5,512
ASUS,163915.5,Intel,Yes,8,4,LED,Intel,0,Intel I5,Small,Entry-level,1.5,512
Lenovo,164465.0,Intel,No,8,4,LED,NVIDIA,0,Intel I5,Small,Low-end,1.0,512
Other,139965.0,Intel,No,8,4,LED,Intel,0,Intel I5,Small,Low-end,1.0,256
Lenovo,95042.5,AMD,No,4,4,LED,AMD,500,AMD A-Series,Small,Entry-level,3.0,0
ASUS,136465.0,Intel,No,8,4,LED,NVIDIA,1024,Intel I3,Small,Low-end,2.0,0
Lenovo,206465.0,Intel,No,8,4,LED,Intel,0,Intel I5,Small,Entry-level,1.5,512
HP,580996.5,Intel,No,16,4,LED,NVIDIA,1024,Intel I7,Small,Mid-end,2.5,512
ASUS,125965.0,Intel,Yes,4,4,LED,NVIDIA,1024,Intel I3,Small,Low-end,2.0,0
Dell,314965.0,Intel,Yes,8,4,LED,NVIDIA,1024,Intel I7,Small,Mid-end,3.0,128
HP,115496.5,AMD,No,4,4,LED,AMD,1024,AMD Athlon,Small,Low-end,2.0,0
ASUS,612465.0,AMD,Yes,16,4,LED,NVIDIA,0,AMD Ryzen 9,Large,High-end,3.5,1024
HP,127365.0,Intel,Yes,4,3,LED,Intel,500,Intel I3,Small,Entry-level,1.5,0
ASUS,448000.0,AMD,Yes,8,4,LED,NVIDIA,0,AMD Ryzen 7,Small,Mid-end,3.0,1024
ASUS,412965.0,AMD,Yes,16,5,LCD,NVIDIA,0,AMD Ryzen 7,Large,Mid-end,3.5,1024
HP,137865.0,Intel,Yes,4,3,LED,AMD,500,Intel I3,Small,Mid-end,2.0,0
ASUS,92750.0,Intel,No,8,4,LED,Intel,0,Intel Pentium,Small,Entry-level,1.0,256
Lenovo,163065.0,Intel,No,4,3,LED,AMD,1024,Intel I5,Small,Mid-end,2.5,0
ASUS,489965.0,Intel,No,16,4,LED,NVIDIA,0,Intel I7,Large,Mid-end,2.5,1024
Dell,142310.0,Intel,Yes,4,4,LED,Intel,1024,Intel I3,Small,Entry-level,1.0,0
Dell,148015.0,Intel,Yes,8,4,LED,Intel,1024,Intel I3,Small,Entry-level,1.0,0
Lenovo,167965.0,Intel,No,8,4,LED,Intel,0,Intel I3,Small,Entry-level,3.0,256
Dell,146965.0,Intel,Yes,4,4,LED,Intel,1024,Intel I3,Small,Entry-level,2.5,0
HP,248465.0,Intel,No,8,4,LED,Intel,0,Intel I5,Small,Entry-level,1.0,512
Lenovo,419965.0,Intel,No,16,LP4,LED,Intel,0,Intel I7,Small,Low-end,3.0,1024
HP,97965.0,Intel,No,4,4,LED,Intel,1024,Intel I3,Small,Entry-level,2.0,0
HP,248465.0,AMD,No,8,4,LED,NVIDIA,1024,AMD Ryzen 7,Small,Mid-end,2.5,256
ASUS,279965.0,Intel,Yes,8,4,LED,NVIDIA,0,Intel I5,Large,Mid-end,2.5,512
ASUS,349650.0,AMD,No,16,4,LED,NVIDIA,0,AMD Ryzen 7,Small,Mid-end,2.5,1024
HP,337715.0,Intel,No,16,LP4,LED,Intel,0,Intel I5,Small,Low-end,2.5,512
Dell,356212.5,Intel,No,8,LP3,LED,Intel,0,Intel I5,Small,Entry-level,1.5,256
Lenovo,146965.0,AMD,No,8,4,LED,AMD,1024,AMD Ryzen 5,Small,Entry-level,2.0,128
ASUS,243029.5,Intel,Yes,8,4,LED,NVIDIA,1024,Intel I7,Small,Low-end,2.0,256
MSI,699965.0,Intel,No,16,4,LED,NVIDIA,0,Intel I7,Small,High-end,3.0,1024
ASUS,228504.5,Intel,No,8,4,LED,NVIDIA,1024,Intel I5,Small,Low-end,1.5,256
ASUS,210000.0,Intel,No,8,4,LED,Intel,0,Intel I5,Small,Low-end,4.0,512
Dell,265979.0,Intel,No,8,LP3,LED,Intel,0,Intel I5,Small,Entry-level,3.0,256
Dell,311465.0,Intel,No,8,3,LED,Intel,0,Intel I5,Small,Entry-level,1.5,256
HP,279965.0,AMD,No,16,4,LED,NVIDIA,0,AMD Ryzen 7,Small,Low-end,3.5,512
Lenovo,290465.0,AMD,No,16,4,LED,NVIDIA,0,AMD Ryzen 7,Small,Mid-end,3.0,512
HP,325829.0,Intel,No,8,4,LED,Intel,0,Intel I5,Small,Entry-level,1.0,256
ASUS,158165.0,Intel,No,8,4,LED,Intel,1024,Intel I5,Small,Entry-level,1.0,0
Lenovo,170779.0,AMD,Yes,16,4,LED,AMD,0,AMD Ryzen 5,Small,Entry-level,2.0,512
ASUS,99680.0,AMD,Yes,4,4,LED,AMD,1024,AMD Ryzen 3,Small,Entry-level,2.5,0
HP,354900.0,Intel,No,16,4,LED,Intel,0,Intel I7,Small,Low-end,3.0,512
ASUS,451465.0,Intel,Yes,16,4,LED,NVIDIA,0,Intel I7,Small,Mid-end,2.5,1024
ASUS,286965.0,Intel,No,16,LP4,LED,Intel,0,Intel I5,Small,Low-end,2.5,512
HP,349965.0,Intel,No,8,4,LED,NVIDIA,0,Intel I7,Small,Mid-end,2.5,1024
HP,1040819.5,Intel,No,16,4,LED,NVIDIA,0,Intel I9,Small,High-end,2.5,1024
ASUS,275975.0,Intel,No,8,4,LED,NVIDIA,0,Intel I7,Small,Low-end,3.0,512
Dell,271953.5,Intel,Yes,8,4,LED,Intel,0,Intel I5,Small,Entry-level,1.5,256
Dell,299565.0,AMD,Yes,16,4,LCD,AMD,0,AMD Ryzen 7,Small,Entry-level,2.0,512
Lenovo,160965.0,Intel,No,8,4,LED,AMD,1024,Intel I3,Small,Low-end,2.5,0
HP,154665.0,Intel,Yes,4,3,LED,NVIDIA,1024,Intel I3,Small,Entry-level,2.0,0
ASUS,349965.0,Intel,No,8,LP3,LED,Intel,0,Intel I5,Small,Entry-level,1.5,512
Lenovo,76979.0,Intel,No,4,LP4,LED,Intel,0,Intel Celeron,Small,Entry-level,1.0,128
Dell,335965.0,Intel,No,8,LP4,LED,NVIDIA,0,Intel I5,Small,Low-end,2.5,512
MSI,377965.0,Intel,Yes,8,4,LED,NVIDIA,1024,Intel I7,Small,Mid-end,2.5,128
ASUS,370548.5,Intel,No,16,LP4,LED,Intel,0,Intel I7,Small,Low-end,5.0,1024
Other,280014.0,Intel,No,16,4,LCD,NVIDIA,0,Intel I5,Small,Mid-end,2.5,512
Lenovo,293965.0,Intel,No,8,4,LED,NVIDIA,0,Intel I5,Small,Low-end,1.5,512
HP,213465.0,Intel,No,8,4,LED,NVIDIA,1024,Intel I5,Small,Low-end,1.5,0
Dell,335965.0,AMD,No,16,4,LCD,AMD,0,AMD Ryzen 7,Small,Entry-level,3.5,512
ASUS,87150.0,Intel,No,4,3,LED,Intel,1024,Intel I3,Small,Entry-level,2.0,0
Lenovo,454965.0,Intel,Yes,32,4,LCD,NVIDIA,0,Intel I7,Large,High-end,2.5,1024
HP,211676.5,Intel,No,8,4,LCD,Intel,0,Intel I5,Small,Entry-level,4.0,512
Lenovo,255465.0,Intel,No,16,LP4,LED,Intel,0,Intel I5,Small,Low-end,2.5,1024
MSI,468965.0,Intel,Yes,16,4,LED,NVIDIA,1024,Intel I7,Small,Mid-end,2.5,256
MSI,199465.0,Intel,Yes,8,4,LED,Intel,0,Intel I5,Small,Entry-level,1.5,512
Dell,129465.0,Intel,Yes,8,4,LCD,Intel,0,Intel Pentium,Small,Entry-level,3.0,256
Lenovo,234465.0,Intel,No,8,4,LED,NVIDIA,1024,Intel I5,Small,Low-end,1.5,0
ASUS,314965.0,Intel,No,16,4,LED,Intel,0,Intel I7,Small,Low-end,1.5,1024
ASUS,426965.0,AMD,No,16,LP5,LCD,AMD,0,AMD Ryzen 7,Small,Entry-level,3.5,1024
Dell,243628.0,Intel,Yes,8,4,LED,Intel,1024,Intel I5,Small,Entry-level,1.5,0
ASUS,181965.0,Intel,No,16,4,LED,Intel,1024,Intel I5,Large,Low-end,4.0,256
HP,146965.0,AMD,No,8,4,LED,AMD,1024,AMD Ryzen 5,Small,Low-end,2.5,0
Lenovo,101496.5,Intel,Yes,4,4,LED,Intel,1024,Intel I3,Small,Entry-level,2.0,0
Lenovo,349965.0,Intel,No,16,4,LED,NVIDIA,0,Intel I7,Small,Low-end,3.0,512
Acer,202965.0,Intel,No,8,4,LED,NVIDIA,1024,Intel I5,Small,Low-end,2.5,128
ASUS,258965.0,Intel,No,8,4,LED,NVIDIA,1024,Intel I5,Small,Mid-end,2.5,0
ASUS,81161.5,Intel,No,4,4,LED,Intel,0,Intel Celeron,Small,Entry-level,1.0,128
Acer,262465.0,Intel,Yes,8,4,LED,NVIDIA,1024,Intel I7,Large,Mid-end,2.5,256
Lenovo,181965.0,Intel,No,8,4,LED,NVIDIA,1024,Intel I3,Small,Low-end,2.5,0
Acer,92704.5,Intel,No,4,4,LED,NVIDIA,1024,Intel I5,Small,Low-end,1.0,0
ASUS,773500.0,Intel,No,32,4,LED,NVIDIA,0,Intel I9,Small,Mid-end,2.5,1024
Lenovo,314965.0,Intel,No,16,4,LED,Intel,0,Intel I5,Small,Low-end,2.5,1024
Lenovo,565229.0,Intel,Yes,16,4,LED,NVIDIA,0,Intel I7,Small,High-end,2.5,1024
HP,141715.0,Intel,No,4,4,LED,Intel,1024,Intel I5,Small,Entry-level,1.5,0
ASUS,339465.0,AMD,Yes,16,5,LCD,NVIDIA,0,AMD Ryzen 7,Small,Mid-end,4.5,1024
Dell,179196.5,Intel,No,16,4,LCD,Intel,0,Intel I5,Small,Entry-level,4.0,512
Lenovo,134715.0,Intel,No,4,4,LED,Intel,1024,Intel I3,Small,Entry-level,2.0,0
Lenovo,209650.0,Intel,Yes,16,4,LCD,Intel,0,Intel I5,Small,Low-end,2.5,512
ASUS,97965.0,Intel,No,4,4,LED,Intel,0,Intel Pentium,Small,Entry-level,1.0,256
Acer,594996.5,Intel,Yes,16,4,LED,NVIDIA,0,Intel I9,Small,Mid-end,5.0,1024
ASUS,94465.0,AMD,No,4,4,LED,AMD,1024,AMD Athlon,Small,Entry-level,2.5,0
Lenovo,279965.0,Intel,No,8,4,LED,Intel,0,Intel I5,Small,Low-end,2.5,512
Lenovo,104296.5,AMD,No,4,4,LED,AMD,1024,AMD Athlon,Small,Entry-level,2.5,0
Lenovo,192465.0,Intel,Yes,8,4,LED,Intel,1024,Intel I5,Small,Entry-level,3.0,0
Dell,262496.5,Intel,No,16,4,LED,NVIDIA,0,Intel I5,Small,Low-end,2.5,512
HP,139965.0,Intel,No,8,4,LCD,Intel,1024,Intel I3,Small,Entry-level,4.0,0
Lenovo,98000.0,Intel,No,4,4,LED,Intel,1024,Intel I3,Small,Entry-level,2.0,0
Dell,160965.0,Intel,No,8,4,LED,NVIDIA,1024,Intel I3,Small,Low-end,2.0,0
ASUS,129465.0,Intel,No,8,4,LED,Intel,1024,Intel I3,Small,Entry-level,2.0,0
Lenovo,176116.5,AMD,No,8,4,LCD,NVIDIA,0,AMD Ryzen 5,Small,Mid-end,3.0,512
ASUS,101465.0,AMD,No,4,4,LED,AMD,0,AMD Athlon,Small,Entry-level,2.5,256
HP,264215.0,Intel,No,8,4,LED,Intel,0,Intel I7,Small,Entry-level,4.0,512
ASUS,279965.0,Intel,No,8,3,LED,NVIDIA,0,Intel I5,Small,Low-end,1.5,512
ASUS,419965.0,Intel,Yes,16,4,LED,NVIDIA,1024,Intel I7,Small,Mid-end,2.0,256
Lenovo,67518.5,AMD,No,4,4,LED,AMD,1024,AMD A-Series,Small,Entry-level,2.5,0
ASUS,244965.0,Intel,Yes,8,3,LED,Intel,0,Intel I5,Small,Entry-level,1.5,256
Dell,148575.0,Intel,No,8,4,LED,Intel,1024,Intel I3,Small,Entry-level,2.0,0
Lenovo,150465.0,Intel,No,8,4,LED,NVIDIA,1024,Intel I5,Small,Low-end,1.5,0
Dell,157150.0,Intel,Yes,8,4,LCD,Intel,0,Intel I3,Small,Entry-level,3.5,512
HP,87496.5,AMD,Yes,4,4,LCD,AMD,1024,AMD Ryzen 3,Small,Entry-level,2.5,0
Acer,122465.0,Intel,Yes,4,4,LED,Intel,1024,Intel I3,Small,Entry-level,2.5,0
Lenovo,346465.0,Intel,Yes,16,4,LCD,Intel,0,Intel I7,Small,Low-end,1.5,1024
Dell,146720.0,Intel,No,4,3,LED,Intel,1024,Intel I5,Small,Entry-level,2.5,0
ASUS,295050.0,AMD,No,16,LP4,LED,AMD,0,AMD Ryzen 7,Small,Entry-level,2.0,1024
Lenovo,507465.0,Intel,Yes,32,5,LCD,NVIDIA,0,Intel I7,Large,High-end,3.5,1024
ASUS,188965.0,Intel,No,8,4,LED,Intel,1024,Intel I5,Small,Entry-level,2.5,256
Lenovo,178465.0,Intel,No,4,4,LED,Intel,1024,Intel I3,Small,Entry-level,2.5,256
ASUS,158550.0,AMD,No,4,4,LED,AMD,0,AMD Ryzen 5,Small,Low-end,2.0,512
Acer,129465.0,Intel,Yes,8,4,LCD,Intel,0,Intel I3,Small,Entry-level,1.5,512
HP,419965.0,Intel,No,16,4,LED,NVIDIA,1024,Intel I7,Small,Mid-end,3.0,128
Lenovo,99715.0,AMD,Yes,4,4,LED,AMD,1024,AMD Other,Small,Entry-level,2.0,0
Lenovo,306250.0,AMD,Yes,16,LP5,LED,Intel,0,AMD Ryzen 7,Small,Entry-level,2.5,1024
ASUS,402465.0,Intel,No,16,4,LED,NVIDIA,0,Intel I9,Small,Mid-end,2.5,1024
MSI,524965.0,Intel,No,16,5,LCD,NVIDIA,0,Intel I7,Large,High-end,2.5,1024
ASUS,265965.0,Intel,No,16,LP4,LED,Intel,0,Intel I7,Small,Low-end,3.0,512
Dell,286650.0,Intel,Yes,16,4,LCD,NVIDIA,0,Intel I5,Small,Low-end,2.5,512
Lenovo,223979.0,Intel,No,16,4,LED,Intel,0,Intel I5,Small,Low-end,2.5,512
ASUS,244965.0,AMD,No,8,4,LED,AMD,0,AMD Ryzen 5,Small,Low-end,4.0,512
Lenovo,314965.0,Intel,No,8,4,LED,Intel,0,Intel I7,Small,Entry-level,2.0,512
ASUS,524965.0,Intel,No,16,4,LED,NVIDIA,0,Intel I7,Small,High-end,3.0,1024
Acer,174965.0,AMD,No,8,4,LED,AMD,0,AMD Ryzen 5,Small,Entry-level,3.0,512
Dell,1246581.0,Intel,Yes,32,4,LED,NVIDIA,0,Intel I9,Small,High-end,2.5,1024
HP,75246.5,Intel,No,4,4,LED,Intel,1024,Intel Celeron,Small,Entry-level,1.0,0
MSI,276465.0,Intel,No,16,4,LCD,NVIDIA,0,Intel I5,Small,Mid-end,3.5,512
ASUS,307965.0,Intel,Yes,8,4,LED,NVIDIA,1024,Intel I7,Small,Mid-end,3.0,128
Lenovo,490458.5,Intel,No,16,4,LED,Intel,0,Intel I7,Small,Low-end,3.0,512
HP,197736.0,Intel,No,8,4,LCD,Intel,0,Intel I5,Small,Entry-level,3.5,512
Dell,531268.5,Intel,No,32,LP5,LCD,NVIDIA,0,Intel I7,Small,Mid-end,4.5,1024
Lenovo,82215.0,AMD,No,4,4,LED,AMD,1024,AMD A-Series,Small,Entry-level,3.0,0
ASUS,104965.0,Intel,No,8,4,LED,Intel,1024,Intel I3,Small,Entry-level,2.0,0
ASUS,860965.0,Intel,Yes,32,5,LCD,NVIDIA,0,Intel I9,Large,High-end,2.5,1024
Dell,125965.0,AMD,Yes,8,4,LCD,AMD,1024,AMD Ryzen 3,Small,Entry-level,2.5,0
Dell,198065.0,AMD,Yes,8,4,LCD,AMD,0,AMD Ryzen 5,Small,Entry-level,2.0,512
Acer,97965.0,Intel,Yes,8,4,LCD,Intel,0,Intel I3,Small,Entry-level,1.5,256
Dell,239498.0,Intel,Yes,8,4,LED,NVIDIA,1024,Intel I5,Small,Low-end,1.0,256
Lenovo,279965.0,Intel,No,16,4,LED,AMD,1024,Intel I7,Small,Entry-level,2.0,128
ASUS,243250.0,Intel,No,8,LP3,LED,Intel,0,Intel I5,Small,Entry-level,1.5,512
Acer,104930.0,Intel,No,8,LP5,LCD,Intel,0,Intel I3,Small,Entry-level,3.5,256
Acer,180610.5,Intel,No,8,LP3,LED,Intel,0,Intel I5,Small,Entry-level,1.5,256
HP,139989.5,Intel,No,8,4,LED,Intel,1024,Intel I5,Small,Entry-level,1.5,0
Lenovo,441000.0,Intel,No,16,4,LED,AMD,0,Intel I7,Small,Entry-level,2.0,512
ASUS,174965.0,Intel,No,8,4,LED,Intel,0,Intel I5,Small,Entry-level,2.5,256
ASUS,178465.0,Intel,Yes,8,4,LED,NVIDIA,1024,Intel I7,Small,Entry-level,2.5,0
ASUS,174965.0,AMD,No,4,4,LED,AMD,0,AMD Ryzen 3,Small,Low-end,2.5,256
MSI,420822.5,Intel,Yes,16,4,LED,NVIDIA,0,Intel I7,Small,Mid-end,2.0,512
HP,108720.5,AMD,No,4,4,LED,AMD,1024,AMD Ryzen 3,Small,Entry-level,2.5,0
Dell,157290.0,Intel,Yes,4,3,LED,NVIDIA,500,Intel I5,Small,Entry-level,2.0,0
Acer,244996.5,Intel,No,16,LP5,LED,Intel,0,Intel I5,Small,Low-end,4.5,512
ASUS,216965.0,Intel,No,4,3,LED,Intel,0,Intel Other,Small,Entry-level,1.0,512
HP,182658.0,Intel,No,4,4,LED,Intel,1024,Intel I3,Small,Entry-level,2.5,0
Acer,146965.0,Intel,No,8,4,LCD,NVIDIA,0,Intel I5,Small,Low-end,2.5,512
Lenovo,143146.5,Intel,No,8,4,LED,Intel,1024,Intel I3,Small,Entry-level,2.0,0
ASUS,402500.0,Intel,No,16,4,LED,NVIDIA,0,Intel I7,Small,Mid-end,2.5,1024
HP,146965.0,AMD,No,8,4,LED,AMD,0,AMD Ryzen 3,Small,Entry-level,2.5,512
ASUS,181618.5,Intel,No,8,4,LCD,Intel,0,Intel I5,Small,Low-end,1.5,512
MSI,332465.0,Intel,No,16,LP5,LCD,Intel,0,Intel I7,Small,Low-end,5.0,1024
ASUS,227465.0,AMD,Yes,16,LP5,LCD,NVIDIA,0,AMD Ryzen 7,Small,Mid-end,3.0,512
Lenovo,699996.5,Intel,Yes,16,4,LED,NVIDIA,0,Intel I9,Small,High-end,2.5,1024
ASUS,458465.0,AMD,No,16,5,LCD,AMD,0,AMD Ryzen 9,Small,High-end,5.0,1024
ASUS,489965.0,Intel,Yes,16,4,LED,NVIDIA,1024,Intel I7,Small,Mid-end,3.0,128
ASUS,153965.0,Intel,No,8,4,LED,Intel,1024,Intel I5,Small,Entry-level,1.5,0
ASUS,166215.0,Intel,Yes,8,4,LED,Intel,0,Intel I5,Small,Entry-level,1.5,512
ASUS,119000.0,Intel,No,4,4,LED,NVIDIA,1024,Intel I3,Small,Entry-level,2.5,0
ASUS,402465.0,Intel,No,16,5,LED,NVIDIA,0,Intel I5,Large,Mid-end,2.5,512
Dell,199465.0,Intel,Yes,8,4,LCD,Intel,1024,Intel I5,Small,Entry-level,3.0,256
ASUS,315000.0,AMD,Yes,8,4,LED,NVIDIA,1024,AMD Ryzen 7,Small,Mid-end,3.0,512
Lenovo,260365.0,Intel,No,8,4,LED,Intel,0,Intel I5,Small,Entry-level,1.5,512
MSI,510965.0,Intel,Yes,16,4,LED,NVIDIA,1024,Intel I7,Large,Mid-end,2.0,256
Lenovo,287665.0,Intel,No,8,4,LED,NVIDIA,0,Intel I3,Small,Low-end,2.0,1024
ASUS,332465.0,AMD,No,16,4,LED,AMD,0,AMD Ryzen 7,Small,Low-end,2.0,512
ASUS,97965.0,Intel,No,8,4,LCD,Intel,0,Intel Pentium,Small,Entry-level,1.0,256
ASUS,384965.0,AMD,No,32,LP5,LCD,NVIDIA,0,AMD Ryzen 7,Small,Mid-end,3.5,1024
ASUS,353465.0,Intel,No,8,3,LED,NVIDIA,0,Intel I7,Small,Low-end,2.0,512
ASUS,139965.0,AMD,Yes,4,4,LED,AMD,0,AMD Ryzen 5,Small,Low-end,2.0,256
Lenovo,367465.0,Intel,Yes,16,LP5,LCD,NVIDIA,0,Intel I7,Small,Mid-end,3.5,1024
ASUS,276465.0,AMD,No,16,4,LED,NVIDIA,0,AMD Ryzen 7,Small,Mid-end,3.0,1024
Other,148715.0,Intel,No,4,LP3,LED,Intel,0,Intel Other,Small,Entry-level,1.0,128
ASUS,171500.0,Intel,Yes,4,3,LED,NVIDIA,1024,Intel I5,Small,Entry-level,2.5,0
Dell,251034.0,Intel,No,8,4,LED,NVIDIA,1024,Intel I5,Small,Low-end,1.0,256
ASUS,577465.0,Intel,Yes,16,4,LED,NVIDIA,1024,Intel I7,Small,Mid-end,2.0,256
Dell,202615.0,Intel,Yes,8,4,LCD,NVIDIA,1024,Intel I5,Small,Low-end,3.5,256
ASUS,193165.0,Intel,Yes,8,4,LED,NVIDIA,1024,Intel I7,Small,Low-end,2.0,0
MSI,192465.0,AMD,Yes,16,4,LCD,AMD,0,AMD Ryzen 7,Small,Entry-level,4.0,1024
ASUS,185465.0,Intel,No,8,4,LED,NVIDIA,1024,Intel I5,Small,Low-end,2.5,0
Lenovo,388115.0,Intel,Yes,8,4,LED,NVIDIA,1024,Intel I5,Small,Mid-end,2.5,256
Other,136465.0,Intel,No,8,4,LED,Intel,0,Intel I3,Small,Entry-level,2.0,128
Dell,227465.0,Intel,Yes,8,4,LCD,Intel,0,Intel I5,Large,Entry-level,1.0,512
ASUS,248465.0,Intel,No,16,LP5,LED,Intel,0,Intel I5,Small,Low-end,1.5,512
HP,523215.0,Intel,No,16,LP3,LED,Intel,0,Intel I7,Small,Entry-level,2.0,512
Lenovo,192986.5,Intel,No,4,4,LED,Intel,1024,Intel I5,Small,Entry-level,1.5,0
ASUS,511000.0,Intel,Yes,16,4,LED,NVIDIA,0,Intel I7,Small,High-end,3.0,1024
ASUS,112857.5,Intel,No,4,3,LED,Intel,1024,Intel I3,Small,Entry-level,2.0,0
Acer,167965.0,AMD,No,16,4,LCD,AMD,0,AMD Ryzen 5,Small,Entry-level,4.0,512
Lenovo,104965.0,Intel,No,4,4,LED,Intel,1024,Intel I3,Small,Entry-level,2.0,0
Dell,454965.0,Intel,No,16,LP3,LED,Intel,0,Intel I7,Small,Entry-level,2.0,512
ASUS,164465.0,Intel,No,8,4,LED,Intel,1024,Intel I5,Small,Entry-level,1.0,0
ASUS,237965.0,Intel,No,8,4,LED,NVIDIA,0,Intel I5,Small,Low-end,1.5,512
Lenovo,413682.5,Intel,No,16,4,LED,Intel,0,Intel I5,Small,Entry-level,1.5,512
Lenovo,102340.0,Intel,No,8,4,LCD,Intel,1024,Intel I3,Small,Entry-level,4.0,0
Acer,594965.0,Intel,Yes,32,4,LCD,NVIDIA,0,Intel I9,Small,High-end,5.0,1024
MSI,682465.0,Intel,No,32,5,LCD,NVIDIA,0,Intel I7,Large,High-end,3.5,1024
Dell,540281.0,AMD,No,16,5,LCD,NVIDIA,0,AMD Ryzen 7,Small,Mid-end,4.5,512
ASUS,160996.5,Intel,No,8,4,LED,Intel,0,Intel I5,Small,Low-end,2.5,512
ASUS,136465.0,Intel,No,4,4,LED,Intel,0,Intel I3,Small,Entry-level,2.0,512
ASUS,328965.0,Intel,Yes,8,4,LED,NVIDIA,0,Intel I7,Small,Low-end,2.0,512
ASUS,514465.0,Intel,Yes,16,4,LED,NVIDIA,0,Intel I7,Small,High-end,3.0,1024
Other,402496.5,Intel,No,8,3,LED,Intel,0,Intel I5,Small,Entry-level,2.5,256
ASUS,145946.5,AMD,No,4,4,LED,AMD,0,AMD Ryzen 5,Small,Low-end,2.0,256
ASUS,220465.0,Intel,No,16,4,LED,Intel,0,Intel I5,Small,Low-end,2.5,512
HP,702719.5,Intel,No,16,4,LED,NVIDIA,0,Intel I7,Small,High-end,2.5,256
Lenovo,262465.0,Intel,No,8,4,LED,Intel,1024,Intel I7,Small,Entry-level,2.0,128
ASUS,629965.0,Intel,Yes,16,4,LED,NVIDIA,0,Intel I7,Large,Mid-end,2.5,1024
Dell,489965.0,Intel,Yes,16,4,LED,NVIDIA,0,Intel I7,Small,Mid-end,2.5,512
ASUS,96215.0,Intel,Yes,4,4,LED,Intel,1024,Intel I3,Small,Entry-level,2.5,0
ASUS,1049965.0,Intel,Yes,32,4,LED,NVIDIA,0,Intel I7,Large,High-end,2.5,1024
ASUS,171465.0,Intel,Yes,8,4,LCD,Intel,0,Intel I5,Small,Low-end,2.5,512
Dell,215250.0,Intel,No,8,4,LED,NVIDIA,1024,Intel I5,Small,Low-end,1.0,256
ASUS,174965.0,Intel,No,8,4,LED,Intel,0,Intel I5,Small,Entry-level,1.0,512
HP,332465.0,Intel,No,8,4,LED,NVIDIA,1024,Intel I7,Small,Mid-end,2.0,128
Dell,252000.0,Intel,No,8,4,LED,NVIDIA,1024,Intel I5,Small,Low-end,1.5,128
Lenovo,273000.0,Intel,No,8,4,LED,Intel,0,Intel I5,Small,Entry-level,1.5,512
ASUS,633465.0,Intel,No,16,4,LED,NVIDIA,0,Intel I7,Large,High-end,2.5,1024
ASUS,244965.0,Intel,Yes,8,4,LED,NVIDIA,1024,Intel I5,Small,Low-end,1.5,256
HP,363965.0,AMD,Yes,16,5,LCD,NVIDIA,0,AMD Ryzen 7,Large,Mid-end,3.0,512
Dell,125965.0,Intel,No,8,4,LCD,Intel,0,Intel I3,Small,Entry-level,4.0,512
ASUS,384965.0,Intel,No,16,4,LCD,NVIDIA,0,Intel I9,Large,Mid-end,2.5,1024
MSI,650965.0,Intel,Yes,16,4,LED,NVIDIA,1024,Intel I7,Large,High-end,3.0,256
ASUS,297465.0,Intel,Yes,8,4,LED,NVIDIA,0,Intel I5,Small,Low-end,1.5,512
ASUS,140108.5,Intel,No,8,4,LED,Intel,0,Intel I3,Small,Entry-level,4.0,256
ASUS,265965.0,AMD,No,16,4,LED,NVIDIA,0,AMD Ryzen 7,Small,Mid-end,3.0,1024
ASUS,251681.5,AMD,Yes,8,4,LED,NVIDIA,0,AMD Ryzen 5,Small,Mid-end,2.0,512
Lenovo,244965.0,Intel,No,8,4,LED,NVIDIA,0,Intel I5,Small,Mid-end,2.5,512
